query,token,pos
경주 여행,동궁,NNG
경주 여행,월지,NNG
경주 여행,첨성대,NNG
경주 여행,야경,NNG
경주 여행,연꽃,NNG
경주 여행,분황사,NNG
경주 여행,방문,NNG
경주 여행,이웃,NNG
경주 여행,지난주,NNG
경주 여행,예전,NNG
경주 여행,사진,NNG
경주 여행,경북,NNP
경주 여행,천문,NNG
경주 여행,기상,NNG
경주 여행,관측대,NNG
경주 여행,첨성대,NNG
경주 여행,일자,NNG
경주 여행,인원,NNG
경주 여행,친구,NNG
경주 여행,첨성대,NNG
경주 여행,경북,NNP
경주 여행,인왕동,NNP
경주 여행,전화,NNG
경주 여행,첨성대,NNG
경주 여행,관람료,NNG
경주 여행,무료,NNG
경주 여행,경북,NNP
경주 여행,이야기,NNG
경주 여행,첨성대,NNG
경주 여행,대릉원,NNG
경주 여행,야경,NNG
경주 여행,데이,NNG
경주 여행,택시,NNG
경주 여행,투어,NNG
경주 여행,감사,NNG
경주 여행,구매,NNG
경주 여행,플레이스,NNG
경주 여행,데이,NNG
경주 여행,택시,NNG
경주 여행,투어,NNG
경주 여행,돌고래,NNG
경주 여행,돌핀,NNG
경주 여행,스토어,NNG
경주 여행,플레이스,NNG
경주 여행,데이,NNG
경주 여행,택시,NNG
경주 여행,투어,NNG
경주 여행,패밀리,NNG
경주 여행,일상,NNG
경주 여행,오늘,NNG
경주 여행,목적지,NNG
경주 여행,회사,NNG
경주 여행,제휴,NNG
경주 여행,숙소,NNG
경주 여행,예약,NNG
경주 여행,도착,NNG
경주 여행,우리,NP
경주 여행,가족,NNG
경주 여행,국수집,NNG
경주 여행,와이프,NNG
경주 여행,검색,NNG
경주 여행,갈비,NNG
경주 여행,국수,NNG
경주 여행,경북,NNP
경주 여행,불국사,NNG
경주 여행,겹벚꽃,NNG
경주 여행,벚꽃,NNG
경주 여행,벚꽃,NNG
경주 여행,고수,NNG
경주 여행,티켓,NNG
경주 여행,예약,NNG
경주 여행,지역,NNG
경주 여행,벚꽃,NNG
경주 여행,불국사,NNG
경주 여행,겹벚꽃,NNG
경주 여행,불국사,NNP
경주 여행,입구,NNG
경주 여행,보문,NNG
경주 여행,벚꽃,NNG
경주 여행,보문호,NNP
경주 여행,선사,NNG
경주 여행,최적,NNG
경주 여행,지이,NNG
경주 여행,도로,NNG
경주 여행,꽃길,NNG
경주 여행,시각,NNG
경주 여행,힐링,NNG
경주 여행,만개,NNG
경주 여행,경관,NNG
경주 여행,보문,NNG
경주 여행,단지,NNG
경주 여행,시가지,NNG
경주 여행,동쪽,NNG
경주 여행,정도,NNG
경주 여행,활산,NNP
경주 여행,성터,NNG
경주 여행,경북,NNP
경주 여행,목련,NNG
경주 여행,대릉원,NNG
경주 여행,목련,NNG
경주 여행,풍경,NNG
경주 여행,최근,NNG
경주 여행,코스,NNG
경주 여행,야경,NNG
경주 여행,연인,NNG
경주 여행,당신,NP
경주 여행,야경,NNG
경주 여행,투어,NNG
경주 여행,코스,NNG
경주 여행,소개,NNG
경주 여행,준비,NNG
경주 여행,세계,NNG
경주 여행,문화유산,NNG
경주 여행,양동,NNP
경주 여행,마을,NNG
경주 여행,시간,NNG
경주 여행,조상,NNG
경주 여행,모습,NNG
경주 여행,간직,NNG
경주 여행,숨결,NNG
경주 여행,양동,NNP
경주 여행,마을,NNG
경주 여행,제격,NNG
경주 여행,경상북도,NNP
경주 여행,강동면,NNP
경주 여행,양동,NNP
경주 여행,마을,NNG
경주 여행,지번,NNG
경주 여행,경상북도,NNP
경주 여행,강동면,NNP
경주 여행,경북,NNP
경주 여행,다리,NNG
경주 여행,정교,NNG
경주 여행,교촌,NNG
경주 여행,마을,NNG
경주 여행,도착,NNG
경주 여행,행사,NNG
경주 여행,최근,NNG
경주 여행,연인,NNG
경주 여행,당신,NP
경주 여행,야경,NNG
경주 여행,투어,NNG
경주 여행,코스,NNG
경주 여행,소개,NNG
경주 여행,준비,NNG
경주 여행,야경,NNG
경주 여행,안압지,NNP
경주 여행,첨성대,NNG
경주 여행,관광지,NNG
경주 여행,첨성대,NNG
경주 여행,첨성대,NNG
경주 여행,신라,NNP
경주 여행,시대,NNG
경주 여행,관측,NNG
경주 여행,최근,NNG
경주 여행,코스,NNG
경주 여행,야경,NNG
경주 여행,사람,NNG
경주 여행,지인,NNG
경주 여행,경험,NNG
경주 여행,생각,NNG
경주 여행,주목,NNG
경주 여행,장소,NNG
경주 여행,정리,NNG
경주 여행,산사,NNG
경주 여행,옥천사,NNG
경주 여행,수학,NNG
경주 여행,성지,NNG
경주 여행,역사,NNG
경주 여행,탐방,NNG
경주 여행,중심지,NNG
경주 여행,주변,NNG
경주 여행,아기,NNG
경주 여행,후기,NNG
경주 여행,정글,NNG
경주 여행,법칙,NNG
경주 여행,미디어,NNG
경주 여행,파크,NNG
경주 여행,버드,NNP
경주 여행,파크,NNG
경주 여행,일정,NNG
경주 여행,버드,NNP
경주 여행,파크,NNG
경주 여행,위치,NNG
경주 여행,경북,NNP
경주 여행,보문,NNG
경주 여행,북군동,NNP
경주 여행,전화,NNG
경주 여행,운영,NNG
경주 여행,시간,NNG
경주 여행,입장료,NNG
경주 여행,대인,NNG
경주 여행,소인,NNG
경주 여행,울산,NNP
경주 여행,동궁,NNG
경주 여행,월지,NNG
경주 여행,누리,NNG
경주 여행,정원,NNG
경주 여행,성호,NNG
경주 여행,리조트,NNG
경주 여행,장생포,NNG
경주 여행,고래,NNG
경주 여행,문화,NNG
경주 여행,특구,NNP
경주 여행,이름,NNG
경주 여행,고래,NNG
경주 여행,주제,NNG
경주 여행,관광지,NNG
경주 여행,형성,NNG
경주 여행,박물관,NNG
경주 여행,생태,NNG
경주 여행,국내,NNG
경주 여행,울산,NNP
경주 여행,루비,NNG
경주 여행,정원,NNG
경주 여행,연휴,NNG
경주 여행,시작,NNG
경주 여행,신청,NNG
경주 여행,센터,NNG
경주 여행,부지,NNG
경주 여행,자리,NNG
경주 여행,역사,NNG
경주 여행,마당,NNG
경주 여행,연휴,NNG
경주 여행,계획,NNG
경주 여행,이용,NNG
경주 여행,루비,NNG
경주 여행,출장,NNG
경주 여행,조식,NNG
경주 여행,제공,NNG
경주 여행,에이치,NNG
경주 여행,비뉴,NNG
경주 여행,호텔,NNG
경주 여행,불국사,NNP
경주 여행,도보,NNG
경주 여행,거리,NNG
경주 여행,피로,NNG
경주 여행,조금,NNG
경주 여행,아침,NNG
경주 여행,불국사,NNG
경주 여행,방문,NNG
경주 여행,고요,NNG
경주 여행,분위기,NNG
경주 여행,산책,NNG
경주 여행,최적,NNG
경주 여행,위치,NNG
경주 여행,스테이,NNG
경주 여행,알라딘,NNP
경주 여행,자평,NNG
경주 여행,일상,NNG
경주 여행,고고학,NNG
경주 여행,일상,NNG
경주 여행,고고학,NNG
경주 여행,개정,NNG
경주 여행,증보판,NNG
경주 여행,일상,NNG
경주 여행,고고학,NNG
경주 여행,시리즈,NNG
경주 여행,황윤,NNG
경주 여행,지음,NNG
경주 여행,고양이,NNG
경주 여행,평점,NNG
경주 여행,역사,NNG
경주 여행,사랑,NNG
경주 여행,사람,NNG
경주 여행,사랑,NNG
경주 여행,평화,NNG
경주 여행,강릉,NNP
경주 여행,서나,NNG
경주 여행,강릉,NNP
경주 여행,한옥,NNG
경주 여행,숙소,NNG
경주 여행,소설,NNG
경주 여행,첨성,NNG
경주 여행,대점,NNG
경주 여행,비향,NNP
경주 여행,한옥,NNG
경주 여행,숙소,NNG
경주 여행,이름,NNG
경주 여행,소설,NNG
경주 여행,첨성,NNG
경주 여행,대점,NNG
경주 여행,첨성대,NNG
경주 여행,첨성,NNG
경주 여행,대점,NNG
경주 여행,한옥,NNG
경주 여행,소설,NNG
경주 여행,인기,NNG
경주 여행,주말,NNG
경주 여행,알라딘,NNP
경주 여행,황금,NNG
경주 여행,호두,NNG
경주 여행,무웅,NNP
경주 여행,코스,NNG
경주 여행,느낌,NNG
경주 여행,느낌,NNG
경주 여행,신라,NNP
경주 여행,아이,NNG
경주 여행,티비,NNG
경주 여행,이동은,NNP
경주 여행,기차,NNG
경주 여행,자전거,NNG
경주 여행,도보,NNG
경주 여행,버스,NNG
경주 여행,투어,NNG
경주 여행,가능,NNG
경주 여행,코스,NNG
경주 여행,시내,NNG
경주 여행,천마총,NNG
경주 여행,왕릉,NNG
경주 여행,첨성대,NNG
경주 여행,계림,NNG
경주 여행,포석정,NNP
경주 여행,안압지,NNP
경주 여행,알라딘,NNP
경주 여행,자평,NNG
경주 여행,일상,NNG
경주 여행,고고학,NNG
경주 여행,일상,NNG
경주 여행,고고학,NNG
경주 여행,개정,NNG
경주 여행,증보판,NNG
경주 여행,일상,NNG
경주 여행,고고학,NNG
경주 여행,시리즈,NNG
경주 여행,황윤,NNG
경주 여행,지음,NNG
경주 여행,고양이,NNG
경주 여행,오랜만,NNG
경주 여행,저자,NNG
경주 여행,역사,NNG
경주 여행,느낌,NNG
경주 여행,감포,NNP
경주 여행,대말,NNG
경주 여행,체험,NNG
경주 여행,전시관,NNG
경주 여행,위치,NNG
경주 여행,경북,NNP
경주 여행,척사,NNG
경주 여행,운영,NNG
경주 여행,시간,NNG
경주 여행,연중무휴,NNG
경주 여행,대표,NNG
경주 여행,전화,NNG
경주 여행,입장료,NNG
경주 여행,무료,NNG
경주 여행,대말,NNG
경주 여행,체험,NNG
경주 여행,아이,NNG
경주 여행,점심,NNG
경주 여행,시간,NNG
경주 여행,운영,NNG
경주 여행,코스,NNG
경주 여행,읍천항,NNP
경주 여행,주상,NNG
경주 여행,절리,NNG
경주 여행,파도,NNG
경주 여행,소리,NNG
경주 여행,주상,NNG
경주 여행,절리,NNG
경주 여행,제주도,NNP
경주 여행,읍천항,NNP
경주 여행,코스,NNG
경주 여행,읍천항,NNP
경주 여행,자리,NNG
경주 여행,주상,NNG
경주 여행,절리,NNG
경주 여행,파도,NNG
경주 여행,소리,NNG
경주 여행,주차장,NNG
경주 여행,등대,NNG
경주 여행,교리,NNG
경주 여행,김밥,NNG
경주 여행,맛집,NNG
경주 여행,김밥,NNG
경주 여행,남산,NNG
경주 여행,등산,NNG
경주 여행,포함,NNG
경주 여행,당일,NNG
경주 여행,계획,NNG
경주 여행,코스,NNG
경주 여행,정도,NNG
경주 여행,생각,NNG
경주 여행,남산,NNG
경주 여행,놀부,NNG
경주 여행,보쌈,NNG
경주 여행,황오,NNP
경주 여행,배달,NNG
경주 여행,후기,NNG
경주 여행,숙소,NNG
경주 여행,황남,NNG
경주 여행,저녁,NNG
경주 여행,아이,NNG
경주 여행,배민,NNG
경주 여행,놀부,NNG
경주 여행,보쌈,NNG
경주 여행,검색,NNG
경주 여행,황오,NNP
경주 여행,배달,NNG
경주 여행,가능,NNG
경주 여행,저희,NP
경주 여행,황남,NNG
경주 여행,기차,NNG
경주 여행,일전,NNG
경주 여행,크리스마스,NNG
경주 여행,오늘,NNG
경주 여행,안녕,NNG
경주 여행,이번,NNG
경주 여행,컨셉,NNG
경주 여행,호텔,NNG
경주 여행,알라딘,NNP
경주 여행,서재,NNP
경주 여행,이야기,NNG
경주 여행,일상,NNG
경주 여행,고고학,NNG
경주 여행,무대,NNG
경주 여행,에세이,NNG
경주 여행,문화재,NNG
경주 여행,사전,NNG
경주 여행,지식,NNG
경주 여행,얼마,NNG
경주 여행,의미,NNG
경주 여행,알라딘,NNP
경주 여행,자평,NNG
경주 여행,일상,NNG
경주 여행,고고학,NNG
경주 여행,일상,NNG
경주 여행,고고학,NNG
경주 여행,개정,NNG
경주 여행,증보판,NNG
경주 여행,일상,NNG
경주 여행,고고학,NNG
경주 여행,시리즈,NNG
경주 여행,황윤,NNG
경주 여행,지음,NNG
경주 여행,고양이,NNG
경주 여행,이야기,NNG
경주 여행,호기심,NNG
경주 여행,알라딘,NNP
경주 여행,자평,NNG
경주 여행,일상,NNG
경주 여행,고고학,NNG
경주 여행,일상,NNG
경주 여행,고고학,NNG
경주 여행,개정,NNG
경주 여행,증보판,NNG
경주 여행,일상,NNG
경주 여행,고고학,NNG
경주 여행,시리즈,NNG
경주 여행,황윤,NNG
경주 여행,지음,NNG
경주 여행,고양이,NNG
경주 여행,평점,NNG
경주 여행,신라,NNP
경주 여행,마니아,NNG
경주 여행,기라,NNG
경주 여행,관심,NNG
경주 여행,가요,NNG
경주 여행,고고학,NNG
경주 여행,관점,NNG
경주 여행,석빙고,NNG
경주 여행,볼거리,NNG
경주 여행,근처,NNG
경주 여행,안압,NNG
경주 여행,볼거리,NNG
경주 여행,석빙고,NNG
경주 여행,이번,NNG
경주 여행,석빙고,NNG
경주 여행,석빙고,NNG
경주 여행,영조,NNG
경주 여행,일종,NNG
경주 여행,얼음,NNG
경주 여행,창고,NNG
경주 여행,근처,NNG
경주 여행,첨성대,NNG
경주 여행,가본,NNG
경주 여행,동궁,NNG
경주 여행,커피,NNG
경주 여행,열매,NNG
경주 여행,노천온천,NNP
경주 여행,행복,NNG
경주 여행,황리,NNG
경주 여행,보문,NNG
경주 여행,왕릉,NNG
경주 여행,탐방,NNG
경주 여행,데이트,NNG
경주 여행,코스,NNG
경주 여행,황리,NNG
경주 여행,마음,NNG
경주 여행,낭만,NNG
경주 여행,경상도,NNP
경주 여행,거리,NNG
경주 여행,유적지,NNG
경주 여행,한옥,NNG
경주 여행,고도,NNG
경주 여행,밀면,NNP
경주 여행,가격,NNG
경주 여행,비빔,NNG
경주 여행,떡갈비,NNG
경주 여행,밥상,NNG
경주 여행,육수,NNG
경주 여행,평가,NNG
경주 여행,입맛,NNG
경주 여행,취향,NNG
경주 여행,엑스,NNG
경주 여행,포대,NNG
경주 여행,공원,NNG
경주 여행,애벌레,NNG
경주 여행,보문호,NNP
경주 여행,주변,NNG
경주 여행,엑스,NNG
경주 여행,포대,NNG
경주 여행,공원,NNG
경주 여행,입장,NNG
경주 여행,엑스포,NNG
경주 여행,기념관,NNG
경주 여행,천마,NNG
경주 여행,궁전,NNG
경주 여행,타워,NNG
경주 여행,솔거,NNG
경주 여행,미술관,NNG
경주 여행,자연사,NNG
경주 여행,박물관,NNG
경주 여행,동방역,NNP
경주 여행,능소화,NNG
경주 여행,서출지,NNG
경주 여행,경북,NNP
경주 여행,산림,NNG
경주 여행,연구원,NNG
경주 여행,동방역,NNP
경주 여행,능소화,NNG
경주 여행,서출지,NNG
경주 여행,경북,NNP
경주 여행,산림,NNG
경주 여행,연구원,NNG
경주 여행,모녀,NNG
경주 여행,바보,NNG
경주 여행,블로그,NNG
경주 여행,모녀,NNG
경주 여행,첨성대,NNG
경주 여행,야생,NNG
경주 여행,계림,NNG
경주 여행,월지,NNG
경주 여행,안압지,NNP
경주 여행,계림,NNP
경주 여행,월지,NNP
경주 여행,안압지,NNP
경주 여행,야경,NNG
경주 여행,박물관,NNG
경주 여행,김유신,NNP
경주 여행,장군,NNG
경주 여행,석굴암,NNG
경주 여행,알라딘,NNP
경주 여행,자평,NNG
경주 여행,일상,NNG
경주 여행,고고학,NNG
경주 여행,일상,NNG
경주 여행,고고학,NNG
경주 여행,개정,NNG
경주 여행,증보판,NNG
경주 여행,일상,NNG
경주 여행,고고학,NNG
경주 여행,시리즈,NNG
경주 여행,황윤,NNG
경주 여행,지음,NNG
경주 여행,고양이,NNG
경주 여행,평점,NNG
경주 여행,삼국,NNG
경주 여행,시대,NNG
경주 여행,자료,NNG
경주 여행,섭렵,NNG
경주 여행,소장,NNG
경주 여행,역사,NNG
경주 여행,학자,NNG
경주 여행,순수,NNG
경주 여행,시각,NNG
경주 여행,알라딘,NNP
경주 여행,일상,NNG
경주 여행,고고학,NNG
경주 여행,일상,NNG
경주 여행,고고학,NNG
경주 여행,개정,NNG
경주 여행,증보판,NNG
경주 여행,일상,NNG
경주 여행,고고학,NNG
경주 여행,시리즈,NNG
경주 여행,황윤,NNG
경주 여행,지음,NNG
경주 여행,고양이,NNG
경주 여행,평점,NNG
경주 여행,수학,NNG
경주 여행,추억,NNG
경주 여행,역사,NNG
경주 여행,경비,NNG
경주 여행,혼자,NNG
경주 여행,이동,NNG
경주 여행,수단,NNG
경주 여행,시외버스,NNG
경주 여행,버스,NNG
경주 여행,택시,NNG
경주 여행,시티투어,NNP
경주 여행,버스,NNG
경주 여행,기타,NNG
경주 여행,생필품,NNG
경주 여행,샴푸,NNG
경주 여행,린스,NNG
경주 여행,바디,NNG
경주 여행,워시,NNP
경주 여행,버블,NNG
경주 여행,경비,NNG
경주 여행,경북,NNP
경주 여행,현대,NNG
경주 여행,호텔,NNG
경주 여행,현대,NNP
경주 여행,호텔,NNG
경주 여행,현대,NNG
경주 여행,호텔,NNG
경주 여행,보문,NNP
경주 여행,수상,NNG
경주 여행,공연장,NNG
경주 여행,보문관광단지,NNP
경주 여행,보문호,NNP
경주 여행,신라,NNP
경주 여행,컨트리클럽,NNG
경주 여행,숙박,NNG
경주 여행,현대,NNG
경주 여행,호텔,NNG
경주 여행,방문,NNG
경주 여행,일자,NNG
경주 여행,현대,NNG
경주 여행,호텔,NNG
경주 여행,경북,NNP
경주 여행,신평동,NNP
경주 여행,석굴암,NNG
경주 여행,불국사,NNG
경주 여행,석굴암,NNG
경주 여행,불국사,NNG
경주 여행,일시,NNG
경주 여행,장소,NNG
경주 여행,석굴암,NNG
경주 여행,불국사,NNG
경주 여행,참여,NNG
경주 여행,우리,NP
경주 여행,가족,NNG
경주 여행,송국영,NNP
경주 여행,안종,NNP
경주 여행,송진주,NNP
경주 여행,김홍식,NNP
경주 여행,김연우,NNP
경주 여행,연주,NNP
경주 여행,조광민,NNP
경주 여행,대릉원,NNG
경주 여행,스탬프,NNG
경주 여행,투어,NNG
경주 여행,이야기,NNG
경주 여행,대릉원,NNG
경주 여행,천마,NNG
경주 여행,경북,NNP
경주 여행,스탬프,NNG
경주 여행,투어,NNG
경주 여행,오릉,NNG
경주 여행,대릉원,NNG
경주 여행,천마총,NNG
경주 여행,오릉,NNG
경주 여행,교촌,NNG
경주 여행,마을,NNG
경주 여행,투어,NNG
경주 여행,다음,NNG
경주 여행,오릉,NNG
경주 여행,교촌,NNG
경주 여행,마을,NNG
경주 여행,느낌,NNG
경주 여행,유적지,NNG
경주 여행,트레,NNP
경주 여행,대상지,NNG
경주 여행,유적지,NNG
경주 여행,트레,NNP
경주 여행,소재지,NNG
경주 여행,경북,NNP
경주 여행,동궁,NNG
경주 여행,월지,NNG
경주 여행,반월,NNG
경주 여행,교촌,NNG
경주 여행,대릉원,NNG
경주 여행,고분,NNG
경주 여행,분황사,NNG
경주 여행,황룡사,NNG
경주 여행,역사,NNG
경주 여행,문화원,NNG
경주 여행,동궁,NNG
경주 여행,월지,NNG
경주 여행,주차장,NNG
경주 여행,반월,NNG
경주 여행,동궁,NNG
경주 여행,월지,NNG
경주 여행,안압지,NNP
경주 여행,야경,NNG
경주 여행,해외,NNG
경주 여행,이야기,NNG
경주 여행,후기,NNG
경주 여행,동궁,NNG
경주 여행,월지,NNG
경주 여행,안압지,NNP
경주 여행,야경,NNG
경주 여행,훌리아,NNP
경주 여행,여름,NNG
경주 여행,사진,NNG
경주 여행,보관,NNG
경주 여행,구독,NNG
경주 여행,해외,NNG
경주 여행,이야기,NNG
경주 여행,후기,NNG
경주 여행,일요일,NNG
경주 여행,오전,NNG
경주 여행,오후,NNG
경주 여행,고향,NNG
경주 여행,친구,NNG
경주 여행,신라,NNP
경주 여행,대종,NNG
경주 여행,장맛비,NNG
경주 여행,시작,NNG
경주 여행,육월,NNP
경주 여행,중순,NNG
경주 여행,고향,NNG
경주 여행,친구,NNG
경주 여행,대릉원,NNG
경주 여행,돌담길,NNP
경주 여행,황리,NNG
경주 여행,이야기,NNG
경주 여행,계명,NNG
경주 여행,대학교,NNG
경주 여행,동산,NNG
경주 여행,병원,NNG
경주 여행,일자,NNG
경주 여행,인원,NNG
경주 여행,친구,NNG
경주 여행,시외버스,NNG
경주 여행,터미널,NNG
경주 여행,경북,NNP
경주 여행,노서동,NNP
경주 여행,전화,NNG
경주 여행,시외버스,NNG
경주 여행,터미널,NNG
경주 여행,알라딘,NNP
경주 여행,자평,NNG
경주 여행,일상,NNG
경주 여행,고고학,NNG
경주 여행,일상,NNG
경주 여행,고고학,NNG
경주 여행,개정,NNG
경주 여행,증보판,NNG
경주 여행,일상,NNG
경주 여행,고고학,NNG
경주 여행,시리즈,NNG
경주 여행,황윤,NNG
경주 여행,지음,NNG
경주 여행,고양이,NNG
경주 여행,길잡이,NNG
경주 여행,이해,NNG
경주 여행,코스,NNG
경주 여행,베스트,NNG
경주 여행,추천,NNG
경주 여행,코스,NNG
경주 여행,베스트,NNG
경주 여행,추천,NNG
경주 여행,코스,NNG
경주 여행,베스트,NNG
경주 여행,추천,NNG
경주 여행,소개,NNG
경주 여행,황리,NNG
경주 여행,상호,NNG
경주 여행,황리,NNG
경주 여행,주소,NNG
경주 여행,경상북도,NNP
경주 여행,황남동,NNP
경주 여행,전화,NNG
경주 여행,번호,NNG
경주 여행,입력,NNG
경주 여행,관련,NNG
경주 여행,키워드,NNP
경주 여행,키워드,NNP
경주 여행,코스,NNG
경주 여행,불국사,NNP
경주 여행,석굴암,NNG
경주 여행,중교,NNG
경주 여행,서울,NNP
경주 여행,불국사,NNP
경주 여행,불국사,NNP
경주 여행,국보,NNG
경주 여행,다보탑,NNG
경주 여행,석가탑,NNG
경주 여행,석굴암,NNG
경주 여행,입장료,NNG
경주 여행,불국사,NNG
경주 여행,스탬프,NNG
경주 여행,투어,NNG
경주 여행,이야기,NNG
경주 여행,불국사,NNP
경주 여행,석굴암,NNG
경주 여행,경북,NNP
경주 여행,스탬프,NNG
경주 여행,투어,NNG
경주 여행,가을,NNG
경주 여행,불국사,NNG
경주 여행,석굴암,NNG
경주 여행,동리,NNG
경주 여행,문학관,NNG
경주 여행,구경,NNG
경주 여행,다음,NNG
경주 여행,장소,NNG
경주 여행,핵심,NNG
경주 여행,메카,NNP
경주 여행,불국사,NNP
경주 여행,석굴암,NNG
경주 여행,황리,NNG
경주 여행,한옥,NNG
경주 여행,카페,NNG
경주 여행,추천,NNG
경주 여행,카페,NNP
경주 여행,아덴,NNP
경주 여행,카페,NNP
경주 여행,아덴,NNP
경주 여행,위치,NNG
경주 여행,경북,NNP
경주 여행,사정,NNG
경주 여행,운영,NNG
경주 여행,시간,NNG
경주 여행,실시간,NNG
경주 여행,예보,NNG
경주 여행,커피,NNG
경주 여행,아덴,NNP
경주 여행,시그,NNP
경주 여행,알라딘,NNP
경주 여행,자평,NNG
경주 여행,일상,NNG
경주 여행,고고학,NNG
경주 여행,일상,NNG
경주 여행,고고학,NNG
경주 여행,개정,NNG
경주 여행,증보판,NNG
경주 여행,일상,NNG
경주 여행,고고학,NNG
경주 여행,시리즈,NNG
경주 여행,황윤,NNG
경주 여행,지음,NNG
경주 여행,고양이,NNG
경주 여행,평점,NNG
경주 여행,기대,NNG
경주 여행,알라딘,NNP
경주 여행,서재,NNP
경주 여행,필수,NNG
경주 여행,필요,NNG
경주 여행,지식,NNG
경주 여행,설명,NNG
경주 여행,이해,NNG
경주 여행,사진,NNG
경주 여행,정보,NNG
경주 여행,서울,NNP
경주 여행,역사,NNG
경주 여행,한옥,NNG
경주 여행,독서,NNG
경주 여행,모임,NNG
경주 여행,주문,NNG
경주 여행,역사,NNG
경주 여행,예정,NNG
경주 여행,대릉원,NNG
경주 여행,대릉원,NNG
경주 여행,담장,NNG
경주 여행,이번,NNG
경주 여행,가을,NNG
경주 여행,만끽,NNG
경주 여행,컨셉,NNG
경주 여행,가을,NNG
경주 여행,분위기,NNG
경주 여행,고조,NNG
경주 여행,벚나무,NNG
경주 여행,좌우,NNG
경주 여행,슈만,NNP
경주 여행,클라라,NNP
경주 여행,도착,NNG
경주 여행,슈만,NNP
경주 여행,클라라,NNP
경주 여행,위치,NNG
경주 여행,요기,NP
경주 여행,여기,NP
경주 여행,버스,NNG
경주 여행,버스,NNG
경주 여행,택시,NNG
경주 여행,다음,NNG
경주 여행,문제,NNG
경주 여행,봄꽃,NNG
경주 여행,마지막,NNG
경주 여행,월요일,NNG
경주 여행,벚꽃,NNG
경주 여행,상춘객,NNG
경주 여행,점심,NNG
경주 여행,집사람,NNG
경주 여행,국도,NNG
경주 여행,곳곳,NNG
경주 여행,벚꽃,NNG
경주 여행,자랑,NNG
경주 여행,열중,NNG
경주 여행,황리,NNG
경주 여행,맛집,NNG
경주 여행,여도,NNG
경주 여행,영업,NNG
경주 여행,종료,NNG
경주 여행,오늘,NNG
경주 여행,맛집,NNG
경주 여행,황리,NNG
경주 여행,맛집,NNG
경주 여행,여주,NNG
경주 여행,이야기,NNG
경주 여행,여도,NNG
경주 여행,저희,NP
경주 여행,기록,NNG
경주 여행,포스팅,NNP
경주 여행,진행,NNG
경주 여행,참고,NNG
경주 여행,한옥,NNP
경주 여행,외관,NNG
경주 여행,눈길,NNG
경주 여행,황리,NNG
경주 여행,주전부리,NNG
경주 여행,황금,NNG
경주 여행,황남,NNG
경주 여행,옥수수,NNG
경주 여행,청년,NNG
경주 여행,분식,NNG
경주 여행,황리,NNG
경주 여행,주전부리,NNG
경주 여행,저녁,NNG
경주 여행,황리,NNG
경주 여행,주전부리,NNG
경주 여행,결론,NNG
경주 여행,청년,NNG
경주 여행,분식,NNG
경주 여행,황남,NNG
경주 여행,옥수수,NNG
경주 여행,청년,NNG
경주 여행,분식,NNG
경주 여행,쥬얼,NNP
경주 여행,유혹,NNG
경주 여행,성동,NNG
경주 여행,시장,NNG
경주 여행,구경,NNG
경주 여행,가을,NNG
경주 여행,기차,NNG
경주 여행,피날레,NNG
경주 여행,가을,NNG
경주 여행,기차,NNG
경주 여행,단풍,NNG
경주 여행,은행,NNG
경주 여행,낙엽,NNG
경주 여행,언니,NNG
경주 여행,수고,NNG
경주 여행,숙소,NNG
경주 여행,변경,NNG
경주 여행,지도자,NNG
경주 여행,언니,NNG
경주 여행,첨성대,NNG
경주 여행,대릉원,NNG
경주 여행,주차,NNG
경주 여행,주차장,NNG
경주 여행,대릉원,NNG
경주 여행,주차장,NNG
경주 여행,여기,NP
경주 여행,매표,NNG
경주 여행,혼자,NNG
경주 여행,필요,NNG
경주 여행,드라이브,NNG
경주 여행,그곳,NP
경주 여행,첨성대,NNG
경주 여행,마지막,NNG
경주 여행,선물,NNG
경주 여행,눈발,NNG
경주 여행,시작,NNG
경주 여행,세상,NNG
경주 여행,눈길,NNG
경주 여행,산책,NNG
경주 여행,불국사,NNP
경주 여행,기차,NNG
경주 여행,마무리,NNG
경주 여행,하늘,NNG
경주 여행,야경,NNG
경주 여행,매력,NNG
경주 여행,정교,NNG
경주 여행,분위기,NNG
경주 여행,저녁,NNG
경주 여행,정교,NNG
경주 여행,방문,NNG
경주 여행,추천,NNG
경주 여행,정교,NNG
경주 여행,사진,NNG
경주 여행,정교,NNG
경주 여행,야경,NNG
경주 여행,마지막,NNG
경주 여행,여기,NP
경주 여행,신라,NNP
경주 여행,신라,NNP
경주 여행,해장국,NNG
경주 여행,황남,NNG
경주 여행,맷돌,NNG
경주 여행,순두부,NNG
경주 여행,두부,NNG
경주 여행,보쌈,NNG
경주 여행,제육,NNG
경주 여행,순두부찌개,NNG
경주 여행,황남,NNG
경주 여행,맷돌,NNG
경주 여행,순두부,NNG
경주 여행,영업시간,NNG
경주 여행,황리,NNG
경주 여행,시작,NNG
경주 여행,밥집,NNG
경주 여행,영업,NNG
경주 여행,마감,NNG
경주 여행,고기,NNG
경주 여행,두부,NNG
경주 여행,순두부찌개,NNG
경주 여행,호랑이,NNG
경주 여행,막걸리,NNG
경주 여행,울주,NNP
경주 여행,새벽,NNG
경주 여행,하늘,NNG
경주 여행,예쁘다,NNP
경주 여행,월드,NNG
경주 여행,판다,NNG
경주 여행,점심,NNG
경주 여행,친절,NNG
경주 여행,떡갈비,NNG
경주 여행,계란찜,NNG
경주 여행,풍경,NNG
경주 여행,행복,NNG
경주 여행,울주,NNP
경주 여행,서출지,NNG
경주 여행,날씨,NNG
경주 여행,촬영,NNG
경주 여행,사진가,NNG
경주 여행,미안,NNG
경주 여행,생각,NNG
경주 여행,날씨,NNG
경주 여행,촬영,NNG
경주 여행,대작,NNG
경주 여행,알라딘,NNP
경주 여행,자평,NNG
경주 여행,우리,NP
경주 여행,우리,NP
경주 여행,세계,NNG
경주 여행,문화유산,NNG
경주 여행,개정판,NNG
경주 여행,답사,NNG
경주 여행,역사,NNG
경주 여행,박광일,NNP
경주 여행,전향,NNG
경주 여행,이야기,NNG
경주 여행,기획,NNG
경주 여행,성당,NNG
경주 여행,평점,NNG
경주 여행,초등,NNG
경주 여행,학교,NNG
경주 여행,학생,NNG
경주 여행,수학,NNG
경주 여행,알라딘,NNP
경주 여행,자평,NNG
경주 여행,일상,NNG
경주 여행,고고학,NNG
경주 여행,일상,NNG
경주 여행,고고학,NNG
경주 여행,개정,NNG
경주 여행,증보판,NNG
경주 여행,일상,NNG
경주 여행,고고학,NNG
경주 여행,시리즈,NNG
경주 여행,황윤,NNG
경주 여행,지음,NNG
경주 여행,고양이,NNG
경주 여행,타임캡슐,NNG
경주 여행,신라,NNG
경주 여행,특별,NNG
경주 여행,시간,NNG
경주 여행,오늘,NNG
경주 여행,날씨,NNG
경주 여행,마을,NNG
경주 여행,식당,NNG
경주 여행,양념,NNG
경주 여행,게장,NNG
경주 여행,점심,NNG
경주 여행,힐튼,NNP
경주 여행,호텔,NNG
경주 여행,커피,NNG
경주 여행,한잔,NNG
경주 여행,보문,NNG
경주 여행,나무,NNG
경주 여행,감상,NNG
경주 여행,커피,NNG
경주 여행,한잔,NNG
경주 여행,스콘,NNP
경주 여행,행복,NNG
경주 여행,월드,NNG
경주 여행,관람,NNG
경주 여행,압지,NNG
경주 여행,야경,NNG
경주 여행,투어,NNG
경주 여행,방문,NNG
경주 여행,보름달,NNG
경주 여행,하늘,NNG
경주 여행,황청,NNG
경주 여행,연못,NNG
경주 여행,야경,NNG
경주 여행,야경,NNG
경주 여행,이곳,NP
경주 여행,압지,NNG
경주 여행,알라딘,NNP
경주 여행,자평,NNG
경주 여행,우리,NP
경주 여행,우리,NP
경주 여행,신라,NNG
경주 여행,답사,NNG
경주 여행,역사,NNG
경주 여행,박광일,NNP
경주 여행,평점,NNG
경주 여행,구판,NNG
경주 여행,절판,NNG
경주 여행,아이,NNG
경주 여행,눈높이,NNG
경주 여행,알라딘,NNP
경주 여행,자평,NNG
경주 여행,일상,NNG
경주 여행,고고학,NNG
경주 여행,일상,NNG
경주 여행,고고학,NNG
경주 여행,개정,NNG
경주 여행,증보판,NNG
경주 여행,일상,NNG
경주 여행,고고학,NNG
경주 여행,시리즈,NNG
경주 여행,황윤,NNG
경주 여행,지음,NNG
경주 여행,고양이,NNG
경주 여행,평점,NNG
경주 여행,유익,NNG
경주 여행,알라딘,NNP
경주 여행,역사,NNG
경주 여행,관심,NNG
경주 여행,시작,NNG
경주 여행,생각,NNG
경주 여행,마음,NNG
경주 여행,기억,NNG
경주 여행,아이,NNG
경주 여행,신라,NNG
경주 여행,동안,NNG
경주 여행,내용,NNG
경주 여행,생각,NNG
경주 여행,유적지,NNG
경주 여행,매화,NNG
경주 여행,산수유,NNG
경주 여행,만발,NNG
경주 여행,보문,NNG
경주 여행,호수,NNG
경주 여행,산책,NNG
경주 여행,행복,NNG
경주 여행,마무리,NNG
경주 여행,알라딘,NNP
경주 여행,자평,NNG
경주 여행,일상,NNG
경주 여행,고고학,NNG
경주 여행,일상,NNG
경주 여행,고고학,NNG
경주 여행,일상,NNG
경주 여행,시리즈,NNG
경주 여행,황윤,NNG
경주 여행,지음,NNG
경주 여행,고양이,NNG
경주 여행,평점,NNG
경주 여행,마니아,NNG
경주 여행,탐방기,NNG
경주 여행,설명,NNG
경주 여행,알라딘,NNP
경주 여행,자평,NNG
경주 여행,일상,NNG
경주 여행,고고학,NNG
경주 여행,일상,NNG
경주 여행,고고학,NNG
경주 여행,개정,NNG
경주 여행,증보판,NNG
경주 여행,일상,NNG
경주 여행,고고학,NNG
경주 여행,시리즈,NNG
경주 여행,황윤,NNG
경주 여행,지음,NNG
경주 여행,고양이,NNG
경주 여행,평점,NNG
경주 여행,풍경,NNG
경주 여행,고고학,NNG
경주 여행,우리,NP
경주 여행,지적,NNG
경주 여행,힐링,NNG
경주 여행,주상,NNG
경주 여행,절리,NNG
경주 여행,스탬프,NNG
경주 여행,투어,NNG
경주 여행,목적지,NNG
경주 여행,주상,NNG
경주 여행,스탬프,NNG
경주 여행,투어,NNG
경주 여행,주상,NNG
경주 여행,절리,NNG
경주 여행,해변,NNG
경주 여행,둘레길,NNP
경주 여행,주상,NNG
경주 여행,절리,NNG
경주 여행,파도,NNG
경주 여행,소리,NNG
경주 여행,시작,NNG
경주 여행,오랫만,NNG
경주 여행,밤잠,NNG
경주 여행,시계,NNG
경주 여행,시간,NNG
경주 여행,불국사,NNP
경주 여행,황남빵,NNP
경주 여행,교리,NNG
경주 여행,김밥,NNG
경주 여행,내소,NNG
경주 여행,불국사,NNP
경주 여행,황남빵,NNP
경주 여행,교리,NNG
경주 여행,김밥,NNG
경주 여행,산내,NNG
경주 여행,소고기,NNG
경주 여행,울산,NNP
경주 여행,후배,NNG
경주 여행,울산,NNP
경주 여행,불국사,NNG
경주 여행,천마총,NNG
경주 여행,첨성대,NNG
경주 여행,나무,NNG
경주 여행,그늘,NNG
경주 여행,내부,NNG
경주 여행,전경,NNG
경주 여행,알라딘,NNP
경주 여행,자평,NNG
경주 여행,일상,NNG
경주 여행,고고학,NNG
경주 여행,개정,NNG
경주 여행,증보판,NNG
경주 여행,일상,NNG
경주 여행,고고학,NNG
경주 여행,시리즈,NNG
경주 여행,황윤,NNG
경주 여행,지음,NNG
경주 여행,고양이,NNG
경주 여행,평점,NNG
경주 여행,학교,NNG
경주 여행,공부,NNG
경주 여행,느낌,NNG
경주 여행,가보세요,NNG
경주 여행,알라딘,NNP
경주 여행,자평,NNG
경주 여행,일상,NNG
경주 여행,고고학,NNG
경주 여행,혼자,NNG
경주 여행,개정,NNG
경주 여행,증보판,NNG
경주 여행,일상,NNG
경주 여행,고고학,NNG
경주 여행,시리즈,NNG
경주 여행,황윤,NNG
경주 여행,지음,NNG
경주 여행,고양이,NNG
경주 여행,평점,NNG
경주 여행,이야기,NNG
경주 여행,작가,NNG
경주 여행,혼자,NNG
경주 여행,기대,NNG
경주 여행,매화꽃,NNG
경주 여행,산수유,NNG
경주 여행,날씨,NNG
경주 여행,바람,NNG
경주 여행,햇살,NNG
경주 여행,점심,NNG
경주 여행,황룡,NNG
경주 여행,동국,NNG
경주 여행,재단,NNG
경주 여행,운영,NNG
경주 여행,연수원,NNG
경주 여행,맷돌,NNG
경주 여행,순부,NNG
경주 여행,옆집,NNG
경주 여행,정화,NNG
경주 여행,송이,NNG
경주 여행,순두부,NNG
경주 여행,맛집,NNG
경주 여행,옆집,NNG
경주 여행,가격,NNG
경주 여행,기본,NNG
경주 여행,반찬,NNG
경주 여행,생선,NNG
경주 여행,구이,NNG
경주 여행,후배,NNG
경주 여행,순두부,NNG
경주 여행,순두부,NNG
경주 여행,파전,NNG
경주 여행,주문,NNG
경주 여행,새송이,NNP
경주 여행,탁주,NNG
경주 여행,주문,NNG
경주 여행,낮술,NNG
경주 여행,남산,NNP
경주 여행,칠불암,NNG
경주 여행,케이트,NNP
경주 여행,진입,NNG
경주 여행,서라벌,NNP
경주 여행,휴게소,NNG
경주 여행,통일전,NNP
경주 여행,주차장,NNG
경주 여행,주차,NNG
경주 여행,염불,NNG
경주 여행,사지,NNG
경주 여행,삼층석탑,NNP
경주 여행,주차,NNG
경주 여행,여기,NP
경주 여행,도착,NNG
경주 여행,주차,NNG
경주 여행,아침,NNG
경주 여행,알라딘,NNP
경주 여행,자평,NNG
경주 여행,일상,NNG
경주 여행,고고학,NNG
경주 여행,일상,NNG
경주 여행,고고학,NNG
경주 여행,개정,NNG
경주 여행,증보판,NNG
경주 여행,일상,NNG
경주 여행,고고학,NNG
경주 여행,시리즈,NNG
경주 여행,황윤,NNG
경주 여행,지음,NNG
경주 여행,고양이,NNG
경주 여행,평점,NNG
경주 여행,마음,NNG
경주 여행,중학교,NNG
경주 여행,수학,NNG
경주 여행,국내,NNG
경주 여행,사진,NNG
경주 여행,국내,NNG
경주 여행,테마,NNG
경주 여행,벚꽃,NNG
경주 여행,시기,NNG
경주 여행,아쉬움,NNG
경주 여행,대능원,NNP
경주 여행,출입문,NNG
경주 여행,능원,NNG
경주 여행,소나무,NNG
경주 여행,천마총,NNG
경주 여행,안압지,NNP
경주 여행,분황사,NNG
경주 여행,모전,NNG
경주 여행,석탑,NNG
경주 여행,원래,NNG
경주 여행,힐튼,NNP
경주 여행,호텔,NNG
경주 여행,한국,NNP
경주 여행,서울,NNP
경주 여행,호텔,NNG
경주 여행,체인,NNG
경주 여행,이상,NNG
경주 여행,두산,NNP
경주 여행,참고,NNG
경주 여행,미국,NNP
경주 여행,모델,NNG
경주 여행,손님,NNG
경주 여행,배려,NNG
경주 여행,호텔,NNG
경주 여행,토함산,NNP
경주 여행,단풍,NNG
경주 여행,터널,NNG
경주 여행,자연,NNG
경주 여행,수채화,NNG
경주 여행,단풍,NNG
경주 여행,숲길,NNG
경주 여행,불국사,NNP
경주 여행,석굴암,NNG
경주 여행,토함산,NNP
경주 여행,숲길,NNG
경주 여행,월산,NNG
경주 여행,고갯길,NNG
경주 여행,신라,NNP
경주 여행,역사,NNG
경주 여행,시내,NNG
경주 여행,배롱나무,NNG
경주 여행,첨성대,NNG
경주 여행,야경,NNG
경주 여행,수학,NNG
경주 여행,사람,NNG
경주 여행,자녀,NNG
경주 여행,역사,NNG
경주 여행,유적,NNG
경주 여행,답사,NNG
경주 여행,동행,NNG
경주 여행,생각,NNG
경주 여행,국내,NNG
경주 여행,특징,NNG
경주 여행,평온,NNG
경주 여행,자연,NNG
경주 여행,황리,NNG
경주 여행,카페,NNG
경주 여행,카페,NNG
경주 여행,카페,NNG
경주 여행,황리,NNG
경주 여행,거리,NNG
경주 여행,위치,NNG
경주 여행,거리,NNG
경주 여행,인테리어,NNG
경주 여행,눈길,NNG
경주 여행,카페,NNG
경주 여행,황리,NNG
경주 여행,카페,NNG
경주 여행,카페,NNG
경주 여행,날씨,NNG
경주 여행,경북,NNP
경주 여행,국밥,NNG
경주 여행,맛집,NNG
경주 여행,보문,NNG
경주 여행,경북,NNP
경주 여행,교촌,NNP
경주 여행,마을,NNG
경주 여행,교촌,NNG
경주 여행,보관,NNG
경주 여행,아이,NNG
경주 여행,가족,NNG
경주 여행,가족,NNG
경주 여행,기록,NNG
경주 여행,오늘,NNG
경주 여행,가족,NNG
경주 여행,모임,NNG
경주 여행,경북,NNP
경주 여행,불국사역,NNP
경주 여행,동대구,NNG
경주 여행,기차,NNG
경주 여행,무궁화호,NNP
경주 여행,시간,NNG
경주 여행,시외,NNG
경주 여행,고속,NNG
경주 여행,버스,NNG
경주 여행,터미널,NNG
경주 여행,거리,NNG
경주 여행,어디,NP
경주 여행,대중,NNG
경주 여행,교통,NNG
경주 여행,종류,NNG
경주 여행,서울,NNP
경주 여행,대전,NNP
경주 여행,이상,NNG
경주 여행,코스,NNG
경주 여행,알라딘,NNP
경주 여행,자평,NNG
경주 여행,일상,NNG
경주 여행,고고학,NNG
경주 여행,지음,NNG
경주 여행,고양이,NNG
경주 여행,평점,NNG
경주 여행,도시,NNG
경주 여행,시간,NNG
경주 여행,기분,NNG
경주 여행,행복,NNG
경주 여행,코로나,NNP
경주 여행,하늘,NNG
경주 여행,구름,NNG
경주 여행,고속도로,NNP
경주 여행,오늘,NNG
경주 여행,힐링,NNG
경주 여행,산송,NNG
경주 여행,한우구,NNP
경주 여행,언양,NNP
경주 여행,불고기,NNG
경주 여행,더덕구이,NNG
경주 여행,라떼,NNG
경주 여행,한잔,NNG
경주 여행,노천온천,NNP
경주 여행,하늘,NNG
경주 여행,알라딘,NNP
경주 여행,자평,NNG
경주 여행,일상,NNG
경주 여행,고고학,NNG
경주 여행,평점,NNG
경주 여행,가을,NNG
경주 여행,실천,NNG
경주 여행,사람,NNG
경주 여행,기대,NNG
경주 여행,알라딘,NNP
경주 여행,자평,NNG
경주 여행,일상,NNG
경주 여행,고고학,NNG
경주 여행,일상,NNG
경주 여행,고고학,NNG
경주 여행,개정,NNG
경주 여행,증보판,NNG
경주 여행,일상,NNG
경주 여행,고고학,NNG
경주 여행,시리즈,NNG
경주 여행,황윤,NNG
경주 여행,지음,NNG
경주 여행,고양이,NNG
경주 여행,평점,NNG
경주 여행,구경,NNG
경주 여행,코로나,NNP
경주 여행,알라딘,NNP
경주 여행,자평,NNG
경주 여행,일상,NNG
경주 여행,고고학,NNG
경주 여행,일상,NNG
경주 여행,고고학,NNG
경주 여행,개정,NNG
경주 여행,증보판,NNG
경주 여행,일상,NNG
경주 여행,고고학,NNG
경주 여행,시리즈,NNG
경주 여행,황윤,NNG
경주 여행,지음,NNG
경주 여행,고양이,NNG
경주 여행,평점,NNG
경주 여행,수학,NNG
경주 여행,이후,NNG
경주 여행,생각,NNG
경주 여행,나정,NNG
경주 여행,맛집,NNG
경주 여행,나정,NNG
경주 여행,라면,NNG
경주 여행,맛집,NNG
경주 여행,에도,NNP
경주 여행,바다,NNG
경주 여행,나정,NNG
경주 여행,스토리,NNG
경주 여행,에도,NNP
경주 여행,바다,NNG
경주 여행,사실,NNG
경주 여행,아시나,NNP
경주 여행,바다,NNG
경주 여행,남편,NNG
경주 여행,역사,NNG
경주 여행,유적지,NNG
경주 여행,가을,NNG
경주 여행,도착,NNG
경주 여행,오늘,NNG
경주 여행,작년,NNG
경주 여행,여름,NNG
경주 여행,코스,NNG
경주 여행,서출지,NNG
경주 여행,통일전,NNP
경주 여행,산림,NNG
경주 여행,연구원,NNG
경주 여행,핑크,NNG
경주 여행,첨성대,NNG
경주 여행,주변,NNG
경주 여행,황리,NNG
경주 여행,구경,NNG
경주 여행,점심,NNG
경주 여행,커피,NNG
경주 여행,조금,NNG
경주 여행,가을,NNG
경주 여행,알라딘,NNP
경주 여행,자평,NNG
경주 여행,일상,NNG
경주 여행,고고학,NNG
경주 여행,일상,NNG
경주 여행,고고학,NNG
경주 여행,개정,NNG
경주 여행,증보판,NNG
경주 여행,일상,NNG
경주 여행,고고학,NNG
경주 여행,시리즈,NNG
경주 여행,황윤,NNG
경주 여행,지음,NNG
경주 여행,고양이,NNG
경주 여행,평점,NNG
경주 여행,수학,NNG
경주 여행,역사,NNG
경주 여행,의미,NNG
경주 여행,이제,NNG
경주 여행,풍경,NNG
경주 여행,알라딘,NNP
경주 여행,자평,NNG
경주 여행,일상,NNG
경주 여행,고고학,NNG
경주 여행,출간,NNG
경주 여행,일상,NNG
경주 여행,고고학,NNG
경주 여행,혼자,NNG
경주 여행,백제,NNG
경주 여행,이번,NNG
경주 여행,전작,NNG
경주 여행,백제,NNG
경주 여행,만족,NNG
경주 여행,이번,NNG
경주 여행,탑승,NNG
경주 여행,동궁,NNG
경주 여행,월지,NNG
경주 여행,첨성대,NNG
경주 여행,야경,NNG
경주 여행,연꽃,NNG
경주 여행,분황사,NNG
경주 여행,방문,NNG
경주 여행,이웃,NNG
경주 여행,지난주,NNG
경주 여행,예전,NNG
경주 여행,사진,NNG
경주 여행,경북,NNP
경주 여행,천문,NNG
경주 여행,기상,NNG
경주 여행,관측대,NNG
경주 여행,첨성대,NNG
경주 여행,일자,NNG
경주 여행,인원,NNG
경주 여행,친구,NNG
경주 여행,첨성대,NNG
경주 여행,경북,NNP
경주 여행,인왕동,NNP
경주 여행,전화,NNG
경주 여행,첨성대,NNG
경주 여행,관람료,NNG
경주 여행,무료,NNG
경주 여행,경북,NNP
경주 여행,이야기,NNG
경주 여행,첨성대,NNG
경주 여행,대릉원,NNG
경주 여행,야경,NNG
경주 여행,데이,NNG
경주 여행,택시,NNG
경주 여행,투어,NNG
경주 여행,감사,NNG
경주 여행,구매,NNG
경주 여행,플레이스,NNG
경주 여행,데이,NNG
경주 여행,택시,NNG
경주 여행,투어,NNG
경주 여행,돌고래,NNG
경주 여행,돌핀,NNG
경주 여행,스토어,NNG
경주 여행,플레이스,NNG
경주 여행,데이,NNG
경주 여행,택시,NNG
경주 여행,투어,NNG
경주 여행,패밀리,NNG
경주 여행,일상,NNG
경주 여행,오늘,NNG
경주 여행,목적지,NNG
경주 여행,회사,NNG
경주 여행,제휴,NNG
경주 여행,숙소,NNG
경주 여행,예약,NNG
경주 여행,도착,NNG
경주 여행,우리,NP
경주 여행,가족,NNG
경주 여행,국수집,NNG
경주 여행,와이프,NNG
경주 여행,검색,NNG
경주 여행,갈비,NNG
경주 여행,국수,NNG
경주 여행,경북,NNP
경주 여행,불국사,NNG
경주 여행,겹벚꽃,NNG
경주 여행,벚꽃,NNG
경주 여행,벚꽃,NNG
경주 여행,고수,NNG
경주 여행,티켓,NNG
경주 여행,예약,NNG
경주 여행,지역,NNG
경주 여행,벚꽃,NNG
경주 여행,불국사,NNG
경주 여행,겹벚꽃,NNG
경주 여행,불국사,NNP
경주 여행,입구,NNG
경주 여행,보문,NNG
경주 여행,벚꽃,NNG
경주 여행,보문호,NNP
경주 여행,선사,NNG
경주 여행,최적,NNG
경주 여행,지이,NNG
경주 여행,도로,NNG
경주 여행,꽃길,NNG
경주 여행,시각,NNG
경주 여행,힐링,NNG
경주 여행,만개,NNG
경주 여행,경관,NNG
경주 여행,보문,NNG
경주 여행,단지,NNG
경주 여행,시가지,NNG
경주 여행,동쪽,NNG
경주 여행,정도,NNG
경주 여행,활산,NNP
경주 여행,성터,NNG
경주 여행,경북,NNP
경주 여행,목련,NNG
경주 여행,대릉원,NNG
경주 여행,목련,NNG
경주 여행,풍경,NNG
경주 여행,최근,NNG
경주 여행,코스,NNG
경주 여행,야경,NNG
경주 여행,연인,NNG
경주 여행,당신,NP
경주 여행,야경,NNG
경주 여행,투어,NNG
경주 여행,코스,NNG
경주 여행,소개,NNG
경주 여행,준비,NNG
경주 여행,세계,NNG
경주 여행,문화유산,NNG
경주 여행,양동,NNP
경주 여행,마을,NNG
경주 여행,시간,NNG
경주 여행,조상,NNG
경주 여행,모습,NNG
경주 여행,간직,NNG
경주 여행,숨결,NNG
경주 여행,양동,NNP
경주 여행,마을,NNG
경주 여행,제격,NNG
경주 여행,경상북도,NNP
경주 여행,강동면,NNP
경주 여행,양동,NNP
경주 여행,마을,NNG
경주 여행,지번,NNG
경주 여행,경상북도,NNP
경주 여행,강동면,NNP
경주 여행,경북,NNP
경주 여행,다리,NNG
경주 여행,정교,NNG
경주 여행,교촌,NNG
경주 여행,마을,NNG
경주 여행,도착,NNG
경주 여행,행사,NNG
경주 여행,최근,NNG
경주 여행,연인,NNG
경주 여행,당신,NP
경주 여행,야경,NNG
경주 여행,투어,NNG
경주 여행,코스,NNG
경주 여행,소개,NNG
경주 여행,준비,NNG
경주 여행,야경,NNG
경주 여행,안압지,NNP
경주 여행,첨성대,NNG
경주 여행,관광지,NNG
경주 여행,첨성대,NNG
경주 여행,첨성대,NNG
경주 여행,신라,NNP
경주 여행,시대,NNG
경주 여행,관측,NNG
경주 여행,최근,NNG
경주 여행,코스,NNG
경주 여행,야경,NNG
경주 여행,사람,NNG
경주 여행,지인,NNG
경주 여행,경험,NNG
경주 여행,생각,NNG
경주 여행,주목,NNG
경주 여행,장소,NNG
경주 여행,정리,NNG
경주 여행,산사,NNG
경주 여행,옥천사,NNG
경주 여행,수학,NNG
경주 여행,성지,NNG
경주 여행,역사,NNG
경주 여행,탐방,NNG
경주 여행,중심지,NNG
경주 여행,주변,NNG
경주 여행,아기,NNG
경주 여행,후기,NNG
경주 여행,정글,NNG
경주 여행,법칙,NNG
경주 여행,미디어,NNG
경주 여행,파크,NNG
경주 여행,버드,NNP
경주 여행,파크,NNG
경주 여행,일정,NNG
경주 여행,버드,NNP
경주 여행,파크,NNG
경주 여행,위치,NNG
경주 여행,경북,NNP
경주 여행,보문,NNG
경주 여행,북군동,NNP
경주 여행,전화,NNG
경주 여행,운영,NNG
경주 여행,시간,NNG
경주 여행,입장료,NNG
경주 여행,대인,NNG
경주 여행,소인,NNG
경주 여행,울산,NNP
경주 여행,동궁,NNG
경주 여행,월지,NNG
경주 여행,누리,NNG
경주 여행,정원,NNG
경주 여행,성호,NNG
경주 여행,리조트,NNG
경주 여행,장생포,NNG
경주 여행,고래,NNG
경주 여행,문화,NNG
경주 여행,특구,NNP
경주 여행,이름,NNG
경주 여행,고래,NNG
경주 여행,주제,NNG
경주 여행,관광지,NNG
경주 여행,형성,NNG
경주 여행,박물관,NNG
경주 여행,생태,NNG
경주 여행,국내,NNG
경주 여행,울산,NNP
경주 여행,루비,NNG
경주 여행,정원,NNG
경주 여행,연휴,NNG
경주 여행,시작,NNG
경주 여행,신청,NNG
경주 여행,센터,NNG
경주 여행,부지,NNG
경주 여행,자리,NNG
경주 여행,역사,NNG
경주 여행,마당,NNG
경주 여행,연휴,NNG
경주 여행,계획,NNG
경주 여행,이용,NNG
경주 여행,루비,NNG
경주 여행,출장,NNG
경주 여행,조식,NNG
경주 여행,제공,NNG
경주 여행,에이치,NNG
경주 여행,비뉴,NNG
경주 여행,호텔,NNG
경주 여행,불국사,NNP
경주 여행,도보,NNG
경주 여행,거리,NNG
경주 여행,피로,NNG
경주 여행,조금,NNG
경주 여행,아침,NNG
경주 여행,불국사,NNG
경주 여행,방문,NNG
경주 여행,고요,NNG
경주 여행,분위기,NNG
경주 여행,산책,NNG
경주 여행,최적,NNG
경주 여행,위치,NNG
경주 여행,스테이,NNG
경주 여행,알라딘,NNP
경주 여행,자평,NNG
경주 여행,일상,NNG
경주 여행,고고학,NNG
경주 여행,일상,NNG
경주 여행,고고학,NNG
경주 여행,개정,NNG
경주 여행,증보판,NNG
경주 여행,일상,NNG
경주 여행,고고학,NNG
경주 여행,시리즈,NNG
경주 여행,황윤,NNG
경주 여행,지음,NNG
경주 여행,고양이,NNG
경주 여행,평점,NNG
경주 여행,역사,NNG
경주 여행,사랑,NNG
경주 여행,사람,NNG
경주 여행,사랑,NNG
경주 여행,평화,NNG
경주 여행,강릉,NNP
경주 여행,서나,NNG
경주 여행,강릉,NNP
경주 여행,한옥,NNG
경주 여행,숙소,NNG
경주 여행,소설,NNG
경주 여행,첨성,NNG
경주 여행,대점,NNG
경주 여행,비향,NNP
경주 여행,한옥,NNG
경주 여행,숙소,NNG
경주 여행,이름,NNG
경주 여행,소설,NNG
경주 여행,첨성,NNG
경주 여행,대점,NNG
경주 여행,첨성대,NNG
경주 여행,첨성,NNG
경주 여행,대점,NNG
경주 여행,한옥,NNG
경주 여행,소설,NNG
경주 여행,인기,NNG
경주 여행,주말,NNG
경주 여행,알라딘,NNP
경주 여행,황금,NNG
경주 여행,호두,NNG
경주 여행,무웅,NNP
경주 여행,코스,NNG
경주 여행,느낌,NNG
경주 여행,느낌,NNG
경주 여행,신라,NNP
경주 여행,아이,NNG
경주 여행,티비,NNG
경주 여행,이동은,NNP
경주 여행,기차,NNG
경주 여행,자전거,NNG
경주 여행,도보,NNG
경주 여행,버스,NNG
경주 여행,투어,NNG
경주 여행,가능,NNG
경주 여행,코스,NNG
경주 여행,시내,NNG
경주 여행,천마총,NNG
경주 여행,왕릉,NNG
경주 여행,첨성대,NNG
경주 여행,계림,NNG
경주 여행,포석정,NNP
경주 여행,안압지,NNP
경주 여행,알라딘,NNP
경주 여행,자평,NNG
경주 여행,일상,NNG
경주 여행,고고학,NNG
경주 여행,일상,NNG
경주 여행,고고학,NNG
경주 여행,개정,NNG
경주 여행,증보판,NNG
경주 여행,일상,NNG
경주 여행,고고학,NNG
경주 여행,시리즈,NNG
경주 여행,황윤,NNG
경주 여행,지음,NNG
경주 여행,고양이,NNG
경주 여행,오랜만,NNG
경주 여행,저자,NNG
경주 여행,역사,NNG
경주 여행,느낌,NNG
경주 여행,감포,NNP
경주 여행,대말,NNG
경주 여행,체험,NNG
경주 여행,전시관,NNG
경주 여행,위치,NNG
경주 여행,경북,NNP
경주 여행,척사,NNG
경주 여행,운영,NNG
경주 여행,시간,NNG
경주 여행,연중무휴,NNG
경주 여행,대표,NNG
경주 여행,전화,NNG
경주 여행,입장료,NNG
경주 여행,무료,NNG
경주 여행,대말,NNG
경주 여행,체험,NNG
경주 여행,아이,NNG
경주 여행,점심,NNG
경주 여행,시간,NNG
경주 여행,운영,NNG
경주 여행,코스,NNG
경주 여행,읍천항,NNP
경주 여행,주상,NNG
경주 여행,절리,NNG
경주 여행,파도,NNG
경주 여행,소리,NNG
경주 여행,주상,NNG
경주 여행,절리,NNG
경주 여행,제주도,NNP
경주 여행,읍천항,NNP
경주 여행,코스,NNG
경주 여행,읍천항,NNP
경주 여행,자리,NNG
경주 여행,주상,NNG
경주 여행,절리,NNG
경주 여행,파도,NNG
경주 여행,소리,NNG
경주 여행,주차장,NNG
경주 여행,등대,NNG
경주 여행,교리,NNG
경주 여행,김밥,NNG
경주 여행,맛집,NNG
경주 여행,김밥,NNG
경주 여행,남산,NNG
경주 여행,등산,NNG
경주 여행,포함,NNG
경주 여행,당일,NNG
경주 여행,계획,NNG
경주 여행,코스,NNG
경주 여행,정도,NNG
경주 여행,생각,NNG
경주 여행,남산,NNG
경주 여행,놀부,NNG
경주 여행,보쌈,NNG
경주 여행,황오,NNP
경주 여행,배달,NNG
경주 여행,후기,NNG
경주 여행,숙소,NNG
경주 여행,황남,NNG
경주 여행,저녁,NNG
경주 여행,아이,NNG
경주 여행,배민,NNG
경주 여행,놀부,NNG
경주 여행,보쌈,NNG
경주 여행,검색,NNG
경주 여행,황오,NNP
경주 여행,배달,NNG
경주 여행,가능,NNG
경주 여행,저희,NP
경주 여행,황남,NNG
경주 여행,기차,NNG
경주 여행,일전,NNG
경주 여행,크리스마스,NNG
경주 여행,오늘,NNG
경주 여행,안녕,NNG
경주 여행,이번,NNG
경주 여행,컨셉,NNG
경주 여행,호텔,NNG
경주 여행,알라딘,NNP
경주 여행,서재,NNP
경주 여행,이야기,NNG
경주 여행,일상,NNG
경주 여행,고고학,NNG
경주 여행,무대,NNG
경주 여행,에세이,NNG
경주 여행,문화재,NNG
경주 여행,사전,NNG
경주 여행,지식,NNG
경주 여행,얼마,NNG
경주 여행,의미,NNG
경주 여행,알라딘,NNP
경주 여행,자평,NNG
경주 여행,일상,NNG
경주 여행,고고학,NNG
경주 여행,일상,NNG
경주 여행,고고학,NNG
경주 여행,개정,NNG
경주 여행,증보판,NNG
경주 여행,일상,NNG
경주 여행,고고학,NNG
경주 여행,시리즈,NNG
경주 여행,황윤,NNG
경주 여행,지음,NNG
경주 여행,고양이,NNG
경주 여행,이야기,NNG
경주 여행,호기심,NNG
경주 여행,알라딘,NNP
경주 여행,자평,NNG
경주 여행,일상,NNG
경주 여행,고고학,NNG
경주 여행,일상,NNG
경주 여행,고고학,NNG
경주 여행,개정,NNG
경주 여행,증보판,NNG
경주 여행,일상,NNG
경주 여행,고고학,NNG
경주 여행,시리즈,NNG
경주 여행,황윤,NNG
경주 여행,지음,NNG
경주 여행,고양이,NNG
경주 여행,평점,NNG
경주 여행,신라,NNP
경주 여행,마니아,NNG
경주 여행,기라,NNG
경주 여행,관심,NNG
경주 여행,가요,NNG
경주 여행,고고학,NNG
경주 여행,관점,NNG
경주 여행,석빙고,NNG
경주 여행,볼거리,NNG
경주 여행,근처,NNG
경주 여행,안압,NNG
경주 여행,볼거리,NNG
경주 여행,석빙고,NNG
경주 여행,이번,NNG
경주 여행,석빙고,NNG
경주 여행,석빙고,NNG
경주 여행,영조,NNG
경주 여행,일종,NNG
경주 여행,얼음,NNG
경주 여행,창고,NNG
경주 여행,근처,NNG
경주 여행,첨성대,NNG
경주 여행,가본,NNG
경주 여행,동궁,NNG
경주 여행,커피,NNG
경주 여행,열매,NNG
경주 여행,노천온천,NNP
경주 여행,행복,NNG
경주 여행,황리,NNG
경주 여행,보문,NNG
경주 여행,왕릉,NNG
경주 여행,탐방,NNG
경주 여행,데이트,NNG
경주 여행,코스,NNG
경주 여행,황리,NNG
경주 여행,마음,NNG
경주 여행,낭만,NNG
경주 여행,경상도,NNP
경주 여행,거리,NNG
경주 여행,유적지,NNG
경주 여행,한옥,NNG
경주 여행,고도,NNG
경주 여행,밀면,NNP
경주 여행,가격,NNG
경주 여행,비빔,NNG
경주 여행,떡갈비,NNG
경주 여행,밥상,NNG
경주 여행,육수,NNG
경주 여행,평가,NNG
경주 여행,입맛,NNG
경주 여행,취향,NNG
경주 여행,엑스,NNG
경주 여행,포대,NNG
경주 여행,공원,NNG
경주 여행,애벌레,NNG
경주 여행,보문호,NNP
경주 여행,주변,NNG
경주 여행,엑스,NNG
경주 여행,포대,NNG
경주 여행,공원,NNG
경주 여행,입장,NNG
경주 여행,엑스포,NNG
경주 여행,기념관,NNG
경주 여행,천마,NNG
경주 여행,궁전,NNG
경주 여행,타워,NNG
경주 여행,솔거,NNG
경주 여행,미술관,NNG
경주 여행,자연사,NNG
경주 여행,박물관,NNG
경주 여행,동방역,NNP
경주 여행,능소화,NNG
경주 여행,서출지,NNG
경주 여행,경북,NNP
경주 여행,산림,NNG
경주 여행,연구원,NNG
경주 여행,동방역,NNP
경주 여행,능소화,NNG
경주 여행,서출지,NNG
경주 여행,경북,NNP
경주 여행,산림,NNG
경주 여행,연구원,NNG
경주 여행,모녀,NNG
경주 여행,바보,NNG
경주 여행,블로그,NNG
경주 여행,모녀,NNG
경주 여행,첨성대,NNG
경주 여행,야생,NNG
경주 여행,계림,NNG
경주 여행,월지,NNG
경주 여행,안압지,NNP
경주 여행,계림,NNP
경주 여행,월지,NNP
경주 여행,안압지,NNP
경주 여행,야경,NNG
경주 여행,박물관,NNG
경주 여행,김유신,NNP
경주 여행,장군,NNG
경주 여행,석굴암,NNG
경주 여행,알라딘,NNP
경주 여행,자평,NNG
경주 여행,일상,NNG
경주 여행,고고학,NNG
경주 여행,일상,NNG
경주 여행,고고학,NNG
경주 여행,개정,NNG
경주 여행,증보판,NNG
경주 여행,일상,NNG
경주 여행,고고학,NNG
경주 여행,시리즈,NNG
경주 여행,황윤,NNG
경주 여행,지음,NNG
경주 여행,고양이,NNG
경주 여행,평점,NNG
경주 여행,삼국,NNG
경주 여행,시대,NNG
경주 여행,자료,NNG
경주 여행,섭렵,NNG
경주 여행,소장,NNG
경주 여행,역사,NNG
경주 여행,학자,NNG
경주 여행,순수,NNG
경주 여행,시각,NNG
경주 여행,알라딘,NNP
경주 여행,일상,NNG
경주 여행,고고학,NNG
경주 여행,일상,NNG
경주 여행,고고학,NNG
경주 여행,개정,NNG
경주 여행,증보판,NNG
경주 여행,일상,NNG
경주 여행,고고학,NNG
경주 여행,시리즈,NNG
경주 여행,황윤,NNG
경주 여행,지음,NNG
경주 여행,고양이,NNG
경주 여행,평점,NNG
경주 여행,수학,NNG
경주 여행,추억,NNG
경주 여행,역사,NNG
경주 여행,경비,NNG
경주 여행,혼자,NNG
경주 여행,이동,NNG
경주 여행,수단,NNG
경주 여행,시외버스,NNG
경주 여행,버스,NNG
경주 여행,택시,NNG
경주 여행,시티투어,NNP
경주 여행,버스,NNG
경주 여행,기타,NNG
경주 여행,생필품,NNG
경주 여행,샴푸,NNG
경주 여행,린스,NNG
경주 여행,바디,NNG
경주 여행,워시,NNP
경주 여행,버블,NNG
경주 여행,경비,NNG
경주 여행,경북,NNP
경주 여행,현대,NNG
경주 여행,호텔,NNG
경주 여행,현대,NNP
경주 여행,호텔,NNG
경주 여행,현대,NNG
경주 여행,호텔,NNG
경주 여행,보문,NNP
경주 여행,수상,NNG
경주 여행,공연장,NNG
경주 여행,보문관광단지,NNP
경주 여행,보문호,NNP
경주 여행,신라,NNP
경주 여행,컨트리클럽,NNG
경주 여행,숙박,NNG
경주 여행,현대,NNG
경주 여행,호텔,NNG
경주 여행,방문,NNG
경주 여행,일자,NNG
경주 여행,현대,NNG
경주 여행,호텔,NNG
경주 여행,경북,NNP
경주 여행,신평동,NNP
경주 여행,석굴암,NNG
경주 여행,불국사,NNG
경주 여행,석굴암,NNG
경주 여행,불국사,NNG
경주 여행,일시,NNG
경주 여행,장소,NNG
경주 여행,석굴암,NNG
경주 여행,불국사,NNG
경주 여행,참여,NNG
경주 여행,우리,NP
경주 여행,가족,NNG
경주 여행,송국영,NNP
경주 여행,안종,NNP
경주 여행,송진주,NNP
경주 여행,김홍식,NNP
경주 여행,김연우,NNP
경주 여행,연주,NNP
경주 여행,조광민,NNP
경주 여행,대릉원,NNG
경주 여행,스탬프,NNG
경주 여행,투어,NNG
경주 여행,이야기,NNG
경주 여행,대릉원,NNG
경주 여행,천마,NNG
경주 여행,경북,NNP
경주 여행,스탬프,NNG
경주 여행,투어,NNG
경주 여행,오릉,NNG
경주 여행,대릉원,NNG
경주 여행,천마총,NNG
경주 여행,오릉,NNG
경주 여행,교촌,NNG
경주 여행,마을,NNG
경주 여행,투어,NNG
경주 여행,다음,NNG
경주 여행,오릉,NNG
경주 여행,교촌,NNG
경주 여행,마을,NNG
경주 여행,느낌,NNG
경주 여행,유적지,NNG
경주 여행,트레,NNP
경주 여행,대상지,NNG
경주 여행,유적지,NNG
경주 여행,트레,NNP
경주 여행,소재지,NNG
경주 여행,경북,NNP
경주 여행,동궁,NNG
경주 여행,월지,NNG
경주 여행,반월,NNG
경주 여행,교촌,NNG
경주 여행,대릉원,NNG
경주 여행,고분,NNG
경주 여행,분황사,NNG
경주 여행,황룡사,NNG
경주 여행,역사,NNG
경주 여행,문화원,NNG
경주 여행,동궁,NNG
경주 여행,월지,NNG
경주 여행,주차장,NNG
경주 여행,반월,NNG
경주 여행,동궁,NNG
경주 여행,월지,NNG
경주 여행,안압지,NNP
경주 여행,야경,NNG
경주 여행,해외,NNG
경주 여행,이야기,NNG
경주 여행,후기,NNG
경주 여행,동궁,NNG
경주 여행,월지,NNG
경주 여행,안압지,NNP
경주 여행,야경,NNG
경주 여행,훌리아,NNP
경주 여행,여름,NNG
경주 여행,사진,NNG
경주 여행,보관,NNG
경주 여행,구독,NNG
경주 여행,해외,NNG
경주 여행,이야기,NNG
경주 여행,후기,NNG
경주 여행,일요일,NNG
경주 여행,오전,NNG
경주 여행,오후,NNG
경주 여행,고향,NNG
경주 여행,친구,NNG
경주 여행,신라,NNP
경주 여행,대종,NNG
경주 여행,장맛비,NNG
경주 여행,시작,NNG
경주 여행,육월,NNP
경주 여행,중순,NNG
경주 여행,고향,NNG
경주 여행,친구,NNG
경주 여행,대릉원,NNG
경주 여행,돌담길,NNP
경주 여행,황리,NNG
경주 여행,이야기,NNG
경주 여행,계명,NNG
경주 여행,대학교,NNG
경주 여행,동산,NNG
경주 여행,병원,NNG
경주 여행,일자,NNG
경주 여행,인원,NNG
경주 여행,친구,NNG
경주 여행,시외버스,NNG
경주 여행,터미널,NNG
경주 여행,경북,NNP
경주 여행,노서동,NNP
경주 여행,전화,NNG
경주 여행,시외버스,NNG
경주 여행,터미널,NNG
경주 여행,알라딘,NNP
경주 여행,자평,NNG
경주 여행,일상,NNG
경주 여행,고고학,NNG
경주 여행,일상,NNG
경주 여행,고고학,NNG
경주 여행,개정,NNG
경주 여행,증보판,NNG
경주 여행,일상,NNG
경주 여행,고고학,NNG
경주 여행,시리즈,NNG
경주 여행,황윤,NNG
경주 여행,지음,NNG
경주 여행,고양이,NNG
경주 여행,길잡이,NNG
경주 여행,이해,NNG
경주 여행,코스,NNG
경주 여행,베스트,NNG
경주 여행,추천,NNG
경주 여행,코스,NNG
경주 여행,베스트,NNG
경주 여행,추천,NNG
경주 여행,코스,NNG
경주 여행,베스트,NNG
경주 여행,추천,NNG
경주 여행,소개,NNG
경주 여행,황리,NNG
경주 여행,상호,NNG
경주 여행,황리,NNG
경주 여행,주소,NNG
경주 여행,경상북도,NNP
경주 여행,황남동,NNP
경주 여행,전화,NNG
경주 여행,번호,NNG
경주 여행,입력,NNG
경주 여행,관련,NNG
경주 여행,키워드,NNP
경주 여행,키워드,NNP
경주 여행,코스,NNG
경주 여행,불국사,NNP
경주 여행,석굴암,NNG
경주 여행,중교,NNG
경주 여행,서울,NNP
경주 여행,불국사,NNP
경주 여행,불국사,NNP
경주 여행,국보,NNG
경주 여행,다보탑,NNG
경주 여행,석가탑,NNG
경주 여행,석굴암,NNG
경주 여행,입장료,NNG
경주 여행,불국사,NNG
경주 여행,스탬프,NNG
경주 여행,투어,NNG
경주 여행,이야기,NNG
경주 여행,불국사,NNP
경주 여행,석굴암,NNG
경주 여행,경북,NNP
경주 여행,스탬프,NNG
경주 여행,투어,NNG
경주 여행,가을,NNG
경주 여행,불국사,NNG
경주 여행,석굴암,NNG
경주 여행,동리,NNG
경주 여행,문학관,NNG
경주 여행,구경,NNG
경주 여행,다음,NNG
경주 여행,장소,NNG
경주 여행,핵심,NNG
경주 여행,메카,NNP
경주 여행,불국사,NNP
경주 여행,석굴암,NNG
경주 여행,황리,NNG
경주 여행,한옥,NNG
경주 여행,카페,NNG
경주 여행,추천,NNG
경주 여행,카페,NNP
경주 여행,아덴,NNP
경주 여행,카페,NNP
경주 여행,아덴,NNP
경주 여행,위치,NNG
경주 여행,경북,NNP
경주 여행,사정,NNG
경주 여행,운영,NNG
경주 여행,시간,NNG
경주 여행,실시간,NNG
경주 여행,예보,NNG
경주 여행,커피,NNG
경주 여행,아덴,NNP
경주 여행,시그,NNP
경주 여행,알라딘,NNP
경주 여행,자평,NNG
경주 여행,일상,NNG
경주 여행,고고학,NNG
경주 여행,일상,NNG
경주 여행,고고학,NNG
경주 여행,개정,NNG
경주 여행,증보판,NNG
경주 여행,일상,NNG
경주 여행,고고학,NNG
경주 여행,시리즈,NNG
경주 여행,황윤,NNG
경주 여행,지음,NNG
경주 여행,고양이,NNG
경주 여행,평점,NNG
경주 여행,기대,NNG
경주 여행,알라딘,NNP
경주 여행,서재,NNP
경주 여행,필수,NNG
경주 여행,필요,NNG
경주 여행,지식,NNG
경주 여행,설명,NNG
경주 여행,이해,NNG
경주 여행,사진,NNG
경주 여행,정보,NNG
경주 여행,서울,NNP
경주 여행,역사,NNG
경주 여행,한옥,NNG
경주 여행,독서,NNG
경주 여행,모임,NNG
경주 여행,주문,NNG
경주 여행,역사,NNG
경주 여행,예정,NNG
경주 여행,대릉원,NNG
경주 여행,대릉원,NNG
경주 여행,담장,NNG
경주 여행,이번,NNG
경주 여행,가을,NNG
경주 여행,만끽,NNG
경주 여행,컨셉,NNG
경주 여행,가을,NNG
경주 여행,분위기,NNG
경주 여행,고조,NNG
경주 여행,벚나무,NNG
경주 여행,좌우,NNG
경주 여행,슈만,NNP
경주 여행,클라라,NNP
경주 여행,도착,NNG
경주 여행,슈만,NNP
경주 여행,클라라,NNP
경주 여행,위치,NNG
경주 여행,요기,NP
경주 여행,여기,NP
경주 여행,버스,NNG
경주 여행,버스,NNG
경주 여행,택시,NNG
경주 여행,다음,NNG
경주 여행,문제,NNG
경주 여행,봄꽃,NNG
경주 여행,마지막,NNG
경주 여행,월요일,NNG
경주 여행,벚꽃,NNG
경주 여행,상춘객,NNG
경주 여행,점심,NNG
경주 여행,집사람,NNG
경주 여행,국도,NNG
경주 여행,곳곳,NNG
경주 여행,벚꽃,NNG
경주 여행,자랑,NNG
경주 여행,열중,NNG
경주 여행,황리,NNG
경주 여행,맛집,NNG
경주 여행,여도,NNG
경주 여행,영업,NNG
경주 여행,종료,NNG
경주 여행,오늘,NNG
경주 여행,맛집,NNG
경주 여행,황리,NNG
경주 여행,맛집,NNG
경주 여행,여주,NNG
경주 여행,이야기,NNG
경주 여행,여도,NNG
경주 여행,저희,NP
경주 여행,기록,NNG
경주 여행,포스팅,NNP
경주 여행,진행,NNG
경주 여행,참고,NNG
경주 여행,한옥,NNP
경주 여행,외관,NNG
경주 여행,눈길,NNG
경주 여행,황리,NNG
경주 여행,주전부리,NNG
경주 여행,황금,NNG
경주 여행,황남,NNG
경주 여행,옥수수,NNG
경주 여행,청년,NNG
경주 여행,분식,NNG
경주 여행,황리,NNG
경주 여행,주전부리,NNG
경주 여행,저녁,NNG
경주 여행,황리,NNG
경주 여행,주전부리,NNG
경주 여행,결론,NNG
경주 여행,청년,NNG
경주 여행,분식,NNG
경주 여행,황남,NNG
경주 여행,옥수수,NNG
경주 여행,청년,NNG
경주 여행,분식,NNG
경주 여행,쥬얼,NNP
경주 여행,유혹,NNG
경주 여행,성동,NNG
경주 여행,시장,NNG
경주 여행,구경,NNG
경주 여행,가을,NNG
경주 여행,기차,NNG
경주 여행,피날레,NNG
경주 여행,가을,NNG
경주 여행,기차,NNG
경주 여행,단풍,NNG
경주 여행,은행,NNG
경주 여행,낙엽,NNG
경주 여행,언니,NNG
경주 여행,수고,NNG
경주 여행,숙소,NNG
경주 여행,변경,NNG
경주 여행,지도자,NNG
경주 여행,언니,NNG
경주 여행,첨성대,NNG
경주 여행,대릉원,NNG
경주 여행,주차,NNG
경주 여행,주차장,NNG
경주 여행,대릉원,NNG
경주 여행,주차장,NNG
경주 여행,여기,NP
경주 여행,매표,NNG
경주 여행,혼자,NNG
경주 여행,필요,NNG
경주 여행,드라이브,NNG
경주 여행,그곳,NP
경주 여행,첨성대,NNG
경주 여행,마지막,NNG
경주 여행,선물,NNG
경주 여행,눈발,NNG
경주 여행,시작,NNG
경주 여행,세상,NNG
경주 여행,눈길,NNG
경주 여행,산책,NNG
경주 여행,불국사,NNP
경주 여행,기차,NNG
경주 여행,마무리,NNG
경주 여행,하늘,NNG
경주 여행,야경,NNG
경주 여행,매력,NNG
경주 여행,정교,NNG
경주 여행,분위기,NNG
경주 여행,저녁,NNG
경주 여행,정교,NNG
경주 여행,방문,NNG
경주 여행,추천,NNG
경주 여행,정교,NNG
경주 여행,사진,NNG
경주 여행,정교,NNG
경주 여행,야경,NNG
경주 여행,마지막,NNG
경주 여행,여기,NP
경주 여행,신라,NNP
경주 여행,신라,NNP
경주 여행,해장국,NNG
경주 여행,황남,NNG
경주 여행,맷돌,NNG
경주 여행,순두부,NNG
경주 여행,두부,NNG
경주 여행,보쌈,NNG
경주 여행,제육,NNG
경주 여행,순두부찌개,NNG
경주 여행,황남,NNG
경주 여행,맷돌,NNG
경주 여행,순두부,NNG
경주 여행,영업시간,NNG
경주 여행,황리,NNG
경주 여행,시작,NNG
경주 여행,밥집,NNG
경주 여행,영업,NNG
경주 여행,마감,NNG
경주 여행,고기,NNG
경주 여행,두부,NNG
경주 여행,순두부찌개,NNG
경주 여행,호랑이,NNG
경주 여행,막걸리,NNG
경주 여행,울주,NNP
경주 여행,새벽,NNG
경주 여행,하늘,NNG
경주 여행,예쁘다,NNP
경주 여행,월드,NNG
경주 여행,판다,NNG
경주 여행,점심,NNG
경주 여행,친절,NNG
경주 여행,떡갈비,NNG
경주 여행,계란찜,NNG
경주 여행,풍경,NNG
경주 여행,행복,NNG
경주 여행,울주,NNP
경주 여행,서출지,NNG
경주 여행,날씨,NNG
경주 여행,촬영,NNG
경주 여행,사진가,NNG
경주 여행,미안,NNG
경주 여행,생각,NNG
경주 여행,날씨,NNG
경주 여행,촬영,NNG
경주 여행,대작,NNG
경주 여행,알라딘,NNP
경주 여행,자평,NNG
경주 여행,우리,NP
경주 여행,우리,NP
경주 여행,세계,NNG
경주 여행,문화유산,NNG
경주 여행,개정판,NNG
경주 여행,답사,NNG
경주 여행,역사,NNG
경주 여행,박광일,NNP
경주 여행,전향,NNG
경주 여행,이야기,NNG
경주 여행,기획,NNG
경주 여행,성당,NNG
경주 여행,평점,NNG
경주 여행,초등,NNG
경주 여행,학교,NNG
경주 여행,학생,NNG
경주 여행,수학,NNG
경주 여행,알라딘,NNP
경주 여행,자평,NNG
경주 여행,일상,NNG
경주 여행,고고학,NNG
경주 여행,일상,NNG
경주 여행,고고학,NNG
경주 여행,개정,NNG
경주 여행,증보판,NNG
경주 여행,일상,NNG
경주 여행,고고학,NNG
경주 여행,시리즈,NNG
경주 여행,황윤,NNG
경주 여행,지음,NNG
경주 여행,고양이,NNG
경주 여행,타임캡슐,NNG
경주 여행,신라,NNG
경주 여행,특별,NNG
경주 여행,시간,NNG
경주 여행,오늘,NNG
경주 여행,날씨,NNG
경주 여행,마을,NNG
경주 여행,식당,NNG
경주 여행,양념,NNG
경주 여행,게장,NNG
경주 여행,점심,NNG
경주 여행,힐튼,NNP
경주 여행,호텔,NNG
경주 여행,커피,NNG
경주 여행,한잔,NNG
경주 여행,보문,NNG
경주 여행,나무,NNG
경주 여행,감상,NNG
경주 여행,커피,NNG
경주 여행,한잔,NNG
경주 여행,스콘,NNP
경주 여행,행복,NNG
경주 여행,월드,NNG
경주 여행,관람,NNG
경주 여행,압지,NNG
경주 여행,야경,NNG
경주 여행,투어,NNG
경주 여행,방문,NNG
경주 여행,보름달,NNG
경주 여행,하늘,NNG
경주 여행,황청,NNG
경주 여행,연못,NNG
경주 여행,야경,NNG
경주 여행,야경,NNG
경주 여행,이곳,NP
경주 여행,압지,NNG
경주 여행,알라딘,NNP
경주 여행,자평,NNG
경주 여행,우리,NP
경주 여행,우리,NP
경주 여행,신라,NNG
경주 여행,답사,NNG
경주 여행,역사,NNG
경주 여행,박광일,NNP
경주 여행,평점,NNG
경주 여행,구판,NNG
경주 여행,절판,NNG
경주 여행,아이,NNG
경주 여행,눈높이,NNG
경주 여행,알라딘,NNP
경주 여행,자평,NNG
경주 여행,일상,NNG
경주 여행,고고학,NNG
경주 여행,일상,NNG
경주 여행,고고학,NNG
경주 여행,개정,NNG
경주 여행,증보판,NNG
경주 여행,일상,NNG
경주 여행,고고학,NNG
경주 여행,시리즈,NNG
경주 여행,황윤,NNG
경주 여행,지음,NNG
경주 여행,고양이,NNG
경주 여행,평점,NNG
경주 여행,유익,NNG
경주 여행,알라딘,NNP
경주 여행,역사,NNG
경주 여행,관심,NNG
경주 여행,시작,NNG
경주 여행,생각,NNG
경주 여행,마음,NNG
경주 여행,기억,NNG
경주 여행,아이,NNG
경주 여행,신라,NNG
경주 여행,동안,NNG
경주 여행,내용,NNG
경주 여행,생각,NNG
경주 여행,유적지,NNG
경주 여행,매화,NNG
경주 여행,산수유,NNG
경주 여행,만발,NNG
경주 여행,보문,NNG
경주 여행,호수,NNG
경주 여행,산책,NNG
경주 여행,행복,NNG
경주 여행,마무리,NNG
경주 여행,알라딘,NNP
경주 여행,자평,NNG
경주 여행,일상,NNG
경주 여행,고고학,NNG
경주 여행,일상,NNG
경주 여행,고고학,NNG
경주 여행,일상,NNG
경주 여행,시리즈,NNG
경주 여행,황윤,NNG
경주 여행,지음,NNG
경주 여행,고양이,NNG
경주 여행,평점,NNG
경주 여행,마니아,NNG
경주 여행,탐방기,NNG
경주 여행,설명,NNG
경주 여행,알라딘,NNP
경주 여행,자평,NNG
경주 여행,일상,NNG
경주 여행,고고학,NNG
경주 여행,일상,NNG
경주 여행,고고학,NNG
경주 여행,개정,NNG
경주 여행,증보판,NNG
경주 여행,일상,NNG
경주 여행,고고학,NNG
경주 여행,시리즈,NNG
경주 여행,황윤,NNG
경주 여행,지음,NNG
경주 여행,고양이,NNG
경주 여행,평점,NNG
경주 여행,풍경,NNG
경주 여행,고고학,NNG
경주 여행,우리,NP
경주 여행,지적,NNG
경주 여행,힐링,NNG
경주 여행,주상,NNG
경주 여행,절리,NNG
경주 여행,스탬프,NNG
경주 여행,투어,NNG
경주 여행,목적지,NNG
경주 여행,주상,NNG
경주 여행,스탬프,NNG
경주 여행,투어,NNG
경주 여행,주상,NNG
경주 여행,절리,NNG
경주 여행,해변,NNG
경주 여행,둘레길,NNP
경주 여행,주상,NNG
경주 여행,절리,NNG
경주 여행,파도,NNG
경주 여행,소리,NNG
경주 여행,시작,NNG
경주 여행,오랫만,NNG
경주 여행,밤잠,NNG
경주 여행,시계,NNG
경주 여행,시간,NNG
경주 여행,불국사,NNP
경주 여행,황남빵,NNP
경주 여행,교리,NNG
경주 여행,김밥,NNG
경주 여행,내소,NNG
경주 여행,불국사,NNP
경주 여행,황남빵,NNP
경주 여행,교리,NNG
경주 여행,김밥,NNG
경주 여행,산내,NNG
경주 여행,소고기,NNG
경주 여행,울산,NNP
경주 여행,후배,NNG
경주 여행,울산,NNP
경주 여행,불국사,NNG
경주 여행,천마총,NNG
경주 여행,첨성대,NNG
경주 여행,나무,NNG
경주 여행,그늘,NNG
경주 여행,내부,NNG
경주 여행,전경,NNG
경주 여행,알라딘,NNP
경주 여행,자평,NNG
경주 여행,일상,NNG
경주 여행,고고학,NNG
경주 여행,개정,NNG
경주 여행,증보판,NNG
경주 여행,일상,NNG
경주 여행,고고학,NNG
경주 여행,시리즈,NNG
경주 여행,황윤,NNG
경주 여행,지음,NNG
경주 여행,고양이,NNG
경주 여행,평점,NNG
경주 여행,학교,NNG
경주 여행,공부,NNG
경주 여행,느낌,NNG
경주 여행,가보세요,NNG
경주 여행,알라딘,NNP
경주 여행,자평,NNG
경주 여행,일상,NNG
경주 여행,고고학,NNG
경주 여행,혼자,NNG
경주 여행,개정,NNG
경주 여행,증보판,NNG
경주 여행,일상,NNG
경주 여행,고고학,NNG
경주 여행,시리즈,NNG
경주 여행,황윤,NNG
경주 여행,지음,NNG
경주 여행,고양이,NNG
경주 여행,평점,NNG
경주 여행,이야기,NNG
경주 여행,작가,NNG
경주 여행,혼자,NNG
경주 여행,기대,NNG
경주 여행,매화꽃,NNG
경주 여행,산수유,NNG
경주 여행,날씨,NNG
경주 여행,바람,NNG
경주 여행,햇살,NNG
경주 여행,점심,NNG
경주 여행,황룡,NNG
경주 여행,동국,NNG
경주 여행,재단,NNG
경주 여행,운영,NNG
경주 여행,연수원,NNG
경주 여행,맷돌,NNG
경주 여행,순부,NNG
경주 여행,옆집,NNG
경주 여행,정화,NNG
경주 여행,송이,NNG
경주 여행,순두부,NNG
경주 여행,맛집,NNG
경주 여행,옆집,NNG
경주 여행,가격,NNG
경주 여행,기본,NNG
경주 여행,반찬,NNG
경주 여행,생선,NNG
경주 여행,구이,NNG
경주 여행,후배,NNG
경주 여행,순두부,NNG
경주 여행,순두부,NNG
경주 여행,파전,NNG
경주 여행,주문,NNG
경주 여행,새송이,NNP
경주 여행,탁주,NNG
경주 여행,주문,NNG
경주 여행,낮술,NNG
경주 여행,남산,NNP
경주 여행,칠불암,NNG
경주 여행,케이트,NNP
경주 여행,진입,NNG
경주 여행,서라벌,NNP
경주 여행,휴게소,NNG
경주 여행,통일전,NNP
경주 여행,주차장,NNG
경주 여행,주차,NNG
경주 여행,염불,NNG
경주 여행,사지,NNG
경주 여행,삼층석탑,NNP
경주 여행,주차,NNG
경주 여행,여기,NP
경주 여행,도착,NNG
경주 여행,주차,NNG
경주 여행,아침,NNG
경주 여행,알라딘,NNP
경주 여행,자평,NNG
경주 여행,일상,NNG
경주 여행,고고학,NNG
경주 여행,일상,NNG
경주 여행,고고학,NNG
경주 여행,개정,NNG
경주 여행,증보판,NNG
경주 여행,일상,NNG
경주 여행,고고학,NNG
경주 여행,시리즈,NNG
경주 여행,황윤,NNG
경주 여행,지음,NNG
경주 여행,고양이,NNG
경주 여행,평점,NNG
경주 여행,마음,NNG
경주 여행,중학교,NNG
경주 여행,수학,NNG
경주 여행,국내,NNG
경주 여행,사진,NNG
경주 여행,국내,NNG
경주 여행,테마,NNG
경주 여행,벚꽃,NNG
경주 여행,시기,NNG
경주 여행,아쉬움,NNG
경주 여행,대능원,NNP
경주 여행,출입문,NNG
경주 여행,능원,NNG
경주 여행,소나무,NNG
경주 여행,천마총,NNG
경주 여행,안압지,NNP
경주 여행,분황사,NNG
경주 여행,모전,NNG
경주 여행,석탑,NNG
경주 여행,원래,NNG
경주 여행,힐튼,NNP
경주 여행,호텔,NNG
경주 여행,한국,NNP
경주 여행,서울,NNP
경주 여행,호텔,NNG
경주 여행,체인,NNG
경주 여행,이상,NNG
경주 여행,두산,NNP
경주 여행,참고,NNG
경주 여행,미국,NNP
경주 여행,모델,NNG
경주 여행,손님,NNG
경주 여행,배려,NNG
경주 여행,호텔,NNG
경주 여행,토함산,NNP
경주 여행,단풍,NNG
경주 여행,터널,NNG
경주 여행,자연,NNG
경주 여행,수채화,NNG
경주 여행,단풍,NNG
경주 여행,숲길,NNG
경주 여행,불국사,NNP
경주 여행,석굴암,NNG
경주 여행,토함산,NNP
경주 여행,숲길,NNG
경주 여행,월산,NNG
경주 여행,고갯길,NNG
경주 여행,신라,NNP
경주 여행,역사,NNG
경주 여행,시내,NNG
경주 여행,배롱나무,NNG
경주 여행,첨성대,NNG
경주 여행,야경,NNG
경주 여행,수학,NNG
경주 여행,사람,NNG
경주 여행,자녀,NNG
경주 여행,역사,NNG
경주 여행,유적,NNG
경주 여행,답사,NNG
경주 여행,동행,NNG
경주 여행,생각,NNG
경주 여행,국내,NNG
경주 여행,특징,NNG
경주 여행,평온,NNG
경주 여행,자연,NNG
경주 여행,황리,NNG
경주 여행,카페,NNG
경주 여행,카페,NNG
경주 여행,카페,NNG
경주 여행,황리,NNG
경주 여행,거리,NNG
경주 여행,위치,NNG
경주 여행,거리,NNG
경주 여행,인테리어,NNG
경주 여행,눈길,NNG
경주 여행,카페,NNG
경주 여행,황리,NNG
경주 여행,카페,NNG
경주 여행,카페,NNG
경주 여행,날씨,NNG
경주 여행,경북,NNP
경주 여행,국밥,NNG
경주 여행,맛집,NNG
경주 여행,보문,NNG
경주 여행,경북,NNP
경주 여행,교촌,NNP
경주 여행,마을,NNG
경주 여행,교촌,NNG
경주 여행,보관,NNG
경주 여행,아이,NNG
경주 여행,가족,NNG
경주 여행,가족,NNG
경주 여행,기록,NNG
경주 여행,오늘,NNG
경주 여행,가족,NNG
경주 여행,모임,NNG
경주 여행,경북,NNP
경주 여행,불국사역,NNP
경주 여행,동대구,NNG
경주 여행,기차,NNG
경주 여행,무궁화호,NNP
경주 여행,시간,NNG
경주 여행,시외,NNG
경주 여행,고속,NNG
경주 여행,버스,NNG
경주 여행,터미널,NNG
경주 여행,거리,NNG
경주 여행,어디,NP
경주 여행,대중,NNG
경주 여행,교통,NNG
경주 여행,종류,NNG
경주 여행,서울,NNP
경주 여행,대전,NNP
경주 여행,이상,NNG
경주 여행,코스,NNG
경주 여행,알라딘,NNP
경주 여행,자평,NNG
경주 여행,일상,NNG
경주 여행,고고학,NNG
경주 여행,지음,NNG
경주 여행,고양이,NNG
경주 여행,평점,NNG
경주 여행,도시,NNG
경주 여행,시간,NNG
경주 여행,기분,NNG
경주 여행,행복,NNG
경주 여행,코로나,NNP
경주 여행,하늘,NNG
경주 여행,구름,NNG
경주 여행,고속도로,NNP
경주 여행,오늘,NNG
경주 여행,힐링,NNG
경주 여행,산송,NNG
경주 여행,한우구,NNP
경주 여행,언양,NNP
경주 여행,불고기,NNG
경주 여행,더덕구이,NNG
경주 여행,라떼,NNG
경주 여행,한잔,NNG
경주 여행,노천온천,NNP
경주 여행,하늘,NNG
경주 여행,알라딘,NNP
경주 여행,자평,NNG
경주 여행,일상,NNG
경주 여행,고고학,NNG
경주 여행,평점,NNG
경주 여행,가을,NNG
경주 여행,실천,NNG
경주 여행,사람,NNG
경주 여행,기대,NNG
경주 여행,알라딘,NNP
경주 여행,자평,NNG
경주 여행,일상,NNG
경주 여행,고고학,NNG
경주 여행,일상,NNG
경주 여행,고고학,NNG
경주 여행,개정,NNG
경주 여행,증보판,NNG
경주 여행,일상,NNG
경주 여행,고고학,NNG
경주 여행,시리즈,NNG
경주 여행,황윤,NNG
경주 여행,지음,NNG
경주 여행,고양이,NNG
경주 여행,평점,NNG
경주 여행,구경,NNG
경주 여행,코로나,NNP
경주 여행,알라딘,NNP
경주 여행,자평,NNG
경주 여행,일상,NNG
경주 여행,고고학,NNG
경주 여행,일상,NNG
경주 여행,고고학,NNG
경주 여행,개정,NNG
경주 여행,증보판,NNG
경주 여행,일상,NNG
경주 여행,고고학,NNG
경주 여행,시리즈,NNG
경주 여행,황윤,NNG
경주 여행,지음,NNG
경주 여행,고양이,NNG
경주 여행,평점,NNG
경주 여행,수학,NNG
경주 여행,이후,NNG
경주 여행,생각,NNG
경주 여행,나정,NNG
경주 여행,맛집,NNG
경주 여행,나정,NNG
경주 여행,라면,NNG
경주 여행,맛집,NNG
경주 여행,에도,NNP
경주 여행,바다,NNG
경주 여행,나정,NNG
경주 여행,스토리,NNG
경주 여행,에도,NNP
경주 여행,바다,NNG
경주 여행,사실,NNG
경주 여행,아시나,NNP
경주 여행,바다,NNG
경주 여행,남편,NNG
경주 여행,역사,NNG
경주 여행,유적지,NNG
경주 여행,가을,NNG
경주 여행,도착,NNG
경주 여행,오늘,NNG
경주 여행,작년,NNG
경주 여행,여름,NNG
경주 여행,코스,NNG
경주 여행,서출지,NNG
경주 여행,통일전,NNP
경주 여행,산림,NNG
경주 여행,연구원,NNG
경주 여행,핑크,NNG
경주 여행,첨성대,NNG
경주 여행,주변,NNG
경주 여행,황리,NNG
경주 여행,구경,NNG
경주 여행,점심,NNG
경주 여행,커피,NNG
경주 여행,조금,NNG
경주 여행,가을,NNG
경주 여행,알라딘,NNP
경주 여행,자평,NNG
경주 여행,일상,NNG
경주 여행,고고학,NNG
경주 여행,일상,NNG
경주 여행,고고학,NNG
경주 여행,개정,NNG
경주 여행,증보판,NNG
경주 여행,일상,NNG
경주 여행,고고학,NNG
경주 여행,시리즈,NNG
경주 여행,황윤,NNG
경주 여행,지음,NNG
경주 여행,고양이,NNG
경주 여행,평점,NNG
경주 여행,수학,NNG
경주 여행,역사,NNG
경주 여행,의미,NNG
경주 여행,이제,NNG
경주 여행,풍경,NNG
경주 여행,알라딘,NNP
경주 여행,자평,NNG
경주 여행,일상,NNG
경주 여행,고고학,NNG
경주 여행,출간,NNG
경주 여행,일상,NNG
경주 여행,고고학,NNG
경주 여행,혼자,NNG
경주 여행,백제,NNG
경주 여행,이번,NNG
경주 여행,전작,NNG
경주 여행,백제,NNG
경주 여행,만족,NNG
경주 여행,이번,NNG
경주 여행,탑승,NNG
경주 여행,동궁,NNG
경주 여행,월지,NNG
경주 여행,첨성대,NNG
경주 여행,야경,NNG
경주 여행,연꽃,NNG
경주 여행,분황사,NNG
경주 여행,방문,NNG
경주 여행,이웃,NNG
경주 여행,지난주,NNG
경주 여행,예전,NNG
경주 여행,사진,NNG
경주 여행,경북,NNP
경주 여행,천문,NNG
경주 여행,기상,NNG
경주 여행,관측대,NNG
경주 여행,첨성대,NNG
경주 여행,일자,NNG
경주 여행,인원,NNG
경주 여행,친구,NNG
경주 여행,첨성대,NNG
경주 여행,경북,NNP
경주 여행,인왕동,NNP
경주 여행,전화,NNG
경주 여행,첨성대,NNG
경주 여행,관람료,NNG
경주 여행,무료,NNG
경주 여행,경북,NNP
경주 여행,이야기,NNG
경주 여행,첨성대,NNG
경주 여행,대릉원,NNG
경주 여행,야경,NNG
경주 여행,데이,NNG
경주 여행,택시,NNG
경주 여행,투어,NNG
경주 여행,감사,NNG
경주 여행,구매,NNG
경주 여행,플레이스,NNG
경주 여행,데이,NNG
경주 여행,택시,NNG
경주 여행,투어,NNG
경주 여행,돌고래,NNG
경주 여행,돌핀,NNG
경주 여행,스토어,NNG
경주 여행,플레이스,NNG
경주 여행,데이,NNG
경주 여행,택시,NNG
경주 여행,투어,NNG
경주 여행,패밀리,NNG
경주 여행,일상,NNG
경주 여행,오늘,NNG
경주 여행,목적지,NNG
경주 여행,회사,NNG
경주 여행,제휴,NNG
경주 여행,숙소,NNG
경주 여행,예약,NNG
경주 여행,도착,NNG
경주 여행,우리,NP
경주 여행,가족,NNG
경주 여행,국수집,NNG
경주 여행,와이프,NNG
경주 여행,검색,NNG
경주 여행,갈비,NNG
경주 여행,국수,NNG
경주 여행,경북,NNP
경주 여행,불국사,NNG
경주 여행,겹벚꽃,NNG
경주 여행,벚꽃,NNG
경주 여행,벚꽃,NNG
경주 여행,고수,NNG
경주 여행,티켓,NNG
경주 여행,예약,NNG
경주 여행,지역,NNG
경주 여행,벚꽃,NNG
경주 여행,불국사,NNG
경주 여행,겹벚꽃,NNG
경주 여행,불국사,NNP
경주 여행,입구,NNG
경주 여행,보문,NNG
경주 여행,벚꽃,NNG
경주 여행,보문호,NNP
경주 여행,선사,NNG
경주 여행,최적,NNG
경주 여행,지이,NNG
경주 여행,도로,NNG
경주 여행,꽃길,NNG
경주 여행,시각,NNG
경주 여행,힐링,NNG
경주 여행,만개,NNG
경주 여행,경관,NNG
경주 여행,보문,NNG
경주 여행,단지,NNG
경주 여행,시가지,NNG
경주 여행,동쪽,NNG
경주 여행,정도,NNG
경주 여행,활산,NNP
경주 여행,성터,NNG
경주 여행,경북,NNP
경주 여행,목련,NNG
경주 여행,대릉원,NNG
경주 여행,목련,NNG
경주 여행,풍경,NNG
경주 여행,최근,NNG
경주 여행,코스,NNG
경주 여행,야경,NNG
경주 여행,연인,NNG
경주 여행,당신,NP
경주 여행,야경,NNG
경주 여행,투어,NNG
경주 여행,코스,NNG
경주 여행,소개,NNG
경주 여행,준비,NNG
경주 여행,세계,NNG
경주 여행,문화유산,NNG
경주 여행,양동,NNP
경주 여행,마을,NNG
경주 여행,시간,NNG
경주 여행,조상,NNG
경주 여행,모습,NNG
경주 여행,간직,NNG
경주 여행,숨결,NNG
경주 여행,양동,NNP
경주 여행,마을,NNG
경주 여행,제격,NNG
경주 여행,경상북도,NNP
경주 여행,강동면,NNP
경주 여행,양동,NNP
경주 여행,마을,NNG
경주 여행,지번,NNG
경주 여행,경상북도,NNP
경주 여행,강동면,NNP
경주 여행,경북,NNP
경주 여행,다리,NNG
경주 여행,정교,NNG
경주 여행,교촌,NNG
경주 여행,마을,NNG
경주 여행,도착,NNG
경주 여행,행사,NNG
경주 여행,최근,NNG
경주 여행,연인,NNG
경주 여행,당신,NP
경주 여행,야경,NNG
경주 여행,투어,NNG
경주 여행,코스,NNG
경주 여행,소개,NNG
경주 여행,준비,NNG
경주 여행,야경,NNG
경주 여행,안압지,NNP
경주 여행,첨성대,NNG
경주 여행,관광지,NNG
경주 여행,첨성대,NNG
경주 여행,첨성대,NNG
경주 여행,신라,NNP
경주 여행,시대,NNG
경주 여행,관측,NNG
경주 여행,최근,NNG
경주 여행,코스,NNG
경주 여행,야경,NNG
경주 여행,사람,NNG
경주 여행,지인,NNG
경주 여행,경험,NNG
경주 여행,생각,NNG
경주 여행,주목,NNG
경주 여행,장소,NNG
경주 여행,정리,NNG
경주 여행,산사,NNG
경주 여행,옥천사,NNG
경주 여행,수학,NNG
경주 여행,성지,NNG
경주 여행,역사,NNG
경주 여행,탐방,NNG
경주 여행,중심지,NNG
경주 여행,주변,NNG
경주 여행,아기,NNG
경주 여행,후기,NNG
경주 여행,정글,NNG
경주 여행,법칙,NNG
경주 여행,미디어,NNG
경주 여행,파크,NNG
경주 여행,버드,NNP
경주 여행,파크,NNG
경주 여행,일정,NNG
경주 여행,버드,NNP
경주 여행,파크,NNG
경주 여행,위치,NNG
경주 여행,경북,NNP
경주 여행,보문,NNG
경주 여행,북군동,NNP
경주 여행,전화,NNG
경주 여행,운영,NNG
경주 여행,시간,NNG
경주 여행,입장료,NNG
경주 여행,대인,NNG
경주 여행,소인,NNG
경주 여행,울산,NNP
경주 여행,동궁,NNG
경주 여행,월지,NNG
경주 여행,누리,NNG
경주 여행,정원,NNG
경주 여행,성호,NNG
경주 여행,리조트,NNG
경주 여행,장생포,NNG
경주 여행,고래,NNG
경주 여행,문화,NNG
경주 여행,특구,NNP
경주 여행,이름,NNG
경주 여행,고래,NNG
경주 여행,주제,NNG
경주 여행,관광지,NNG
경주 여행,형성,NNG
경주 여행,박물관,NNG
경주 여행,생태,NNG
경주 여행,국내,NNG
경주 여행,울산,NNP
경주 여행,루비,NNG
경주 여행,정원,NNG
경주 여행,연휴,NNG
경주 여행,시작,NNG
경주 여행,신청,NNG
경주 여행,센터,NNG
경주 여행,부지,NNG
경주 여행,자리,NNG
경주 여행,역사,NNG
경주 여행,마당,NNG
경주 여행,연휴,NNG
경주 여행,계획,NNG
경주 여행,이용,NNG
경주 여행,루비,NNG
경주 여행,출장,NNG
경주 여행,조식,NNG
경주 여행,제공,NNG
경주 여행,에이치,NNG
경주 여행,비뉴,NNG
경주 여행,호텔,NNG
경주 여행,불국사,NNP
경주 여행,도보,NNG
경주 여행,거리,NNG
경주 여행,피로,NNG
경주 여행,조금,NNG
경주 여행,아침,NNG
경주 여행,불국사,NNG
경주 여행,방문,NNG
경주 여행,고요,NNG
경주 여행,분위기,NNG
경주 여행,산책,NNG
경주 여행,최적,NNG
경주 여행,위치,NNG
경주 여행,스테이,NNG
경주 여행,알라딘,NNP
경주 여행,자평,NNG
경주 여행,일상,NNG
경주 여행,고고학,NNG
경주 여행,일상,NNG
경주 여행,고고학,NNG
경주 여행,개정,NNG
경주 여행,증보판,NNG
경주 여행,일상,NNG
경주 여행,고고학,NNG
경주 여행,시리즈,NNG
경주 여행,황윤,NNG
경주 여행,지음,NNG
경주 여행,고양이,NNG
경주 여행,평점,NNG
경주 여행,역사,NNG
경주 여행,사랑,NNG
경주 여행,사람,NNG
경주 여행,사랑,NNG
경주 여행,평화,NNG
경주 여행,강릉,NNP
경주 여행,서나,NNG
경주 여행,강릉,NNP
경주 여행,한옥,NNG
경주 여행,숙소,NNG
경주 여행,소설,NNG
경주 여행,첨성,NNG
경주 여행,대점,NNG
경주 여행,비향,NNP
경주 여행,한옥,NNG
경주 여행,숙소,NNG
경주 여행,이름,NNG
경주 여행,소설,NNG
경주 여행,첨성,NNG
경주 여행,대점,NNG
경주 여행,첨성대,NNG
경주 여행,첨성,NNG
경주 여행,대점,NNG
경주 여행,한옥,NNG
경주 여행,소설,NNG
경주 여행,인기,NNG
경주 여행,주말,NNG
경주 여행,알라딘,NNP
경주 여행,황금,NNG
경주 여행,호두,NNG
경주 여행,무웅,NNP
경주 여행,코스,NNG
경주 여행,느낌,NNG
경주 여행,느낌,NNG
경주 여행,신라,NNP
경주 여행,아이,NNG
경주 여행,티비,NNG
경주 여행,이동은,NNP
경주 여행,기차,NNG
경주 여행,자전거,NNG
경주 여행,도보,NNG
경주 여행,버스,NNG
경주 여행,투어,NNG
경주 여행,가능,NNG
경주 여행,코스,NNG
경주 여행,시내,NNG
경주 여행,천마총,NNG
경주 여행,왕릉,NNG
경주 여행,첨성대,NNG
경주 여행,계림,NNG
경주 여행,포석정,NNP
경주 여행,안압지,NNP
경주 여행,알라딘,NNP
경주 여행,자평,NNG
경주 여행,일상,NNG
경주 여행,고고학,NNG
경주 여행,일상,NNG
경주 여행,고고학,NNG
경주 여행,개정,NNG
경주 여행,증보판,NNG
경주 여행,일상,NNG
경주 여행,고고학,NNG
경주 여행,시리즈,NNG
경주 여행,황윤,NNG
경주 여행,지음,NNG
경주 여행,고양이,NNG
경주 여행,오랜만,NNG
경주 여행,저자,NNG
경주 여행,역사,NNG
경주 여행,느낌,NNG
경주 여행,감포,NNP
경주 여행,대말,NNG
경주 여행,체험,NNG
경주 여행,전시관,NNG
경주 여행,위치,NNG
경주 여행,경북,NNP
경주 여행,척사,NNG
경주 여행,운영,NNG
경주 여행,시간,NNG
경주 여행,연중무휴,NNG
경주 여행,대표,NNG
경주 여행,전화,NNG
경주 여행,입장료,NNG
경주 여행,무료,NNG
경주 여행,대말,NNG
경주 여행,체험,NNG
경주 여행,아이,NNG
경주 여행,점심,NNG
경주 여행,시간,NNG
경주 여행,운영,NNG
경주 여행,코스,NNG
경주 여행,읍천항,NNP
경주 여행,주상,NNG
경주 여행,절리,NNG
경주 여행,파도,NNG
경주 여행,소리,NNG
경주 여행,주상,NNG
경주 여행,절리,NNG
경주 여행,제주도,NNP
경주 여행,읍천항,NNP
경주 여행,코스,NNG
경주 여행,읍천항,NNP
경주 여행,자리,NNG
경주 여행,주상,NNG
경주 여행,절리,NNG
경주 여행,파도,NNG
경주 여행,소리,NNG
경주 여행,주차장,NNG
경주 여행,등대,NNG
경주 여행,교리,NNG
경주 여행,김밥,NNG
경주 여행,맛집,NNG
경주 여행,김밥,NNG
경주 여행,남산,NNG
경주 여행,등산,NNG
경주 여행,포함,NNG
경주 여행,당일,NNG
경주 여행,계획,NNG
경주 여행,코스,NNG
경주 여행,정도,NNG
경주 여행,생각,NNG
경주 여행,남산,NNG
경주 여행,놀부,NNG
경주 여행,보쌈,NNG
경주 여행,황오,NNP
경주 여행,배달,NNG
경주 여행,후기,NNG
경주 여행,숙소,NNG
경주 여행,황남,NNG
경주 여행,저녁,NNG
경주 여행,아이,NNG
경주 여행,배민,NNG
경주 여행,놀부,NNG
경주 여행,보쌈,NNG
경주 여행,검색,NNG
경주 여행,황오,NNP
경주 여행,배달,NNG
경주 여행,가능,NNG
경주 여행,저희,NP
경주 여행,황남,NNG
경주 여행,기차,NNG
경주 여행,일전,NNG
경주 여행,크리스마스,NNG
경주 여행,오늘,NNG
경주 여행,안녕,NNG
경주 여행,이번,NNG
경주 여행,컨셉,NNG
경주 여행,호텔,NNG
경주 여행,알라딘,NNP
경주 여행,서재,NNP
경주 여행,이야기,NNG
경주 여행,일상,NNG
경주 여행,고고학,NNG
경주 여행,무대,NNG
경주 여행,에세이,NNG
경주 여행,문화재,NNG
경주 여행,사전,NNG
경주 여행,지식,NNG
경주 여행,얼마,NNG
경주 여행,의미,NNG
경주 여행,알라딘,NNP
경주 여행,자평,NNG
경주 여행,일상,NNG
경주 여행,고고학,NNG
경주 여행,일상,NNG
경주 여행,고고학,NNG
경주 여행,개정,NNG
경주 여행,증보판,NNG
경주 여행,일상,NNG
경주 여행,고고학,NNG
경주 여행,시리즈,NNG
경주 여행,황윤,NNG
경주 여행,지음,NNG
경주 여행,고양이,NNG
경주 여행,이야기,NNG
경주 여행,호기심,NNG
경주 여행,알라딘,NNP
경주 여행,자평,NNG
경주 여행,일상,NNG
경주 여행,고고학,NNG
경주 여행,일상,NNG
경주 여행,고고학,NNG
경주 여행,개정,NNG
경주 여행,증보판,NNG
경주 여행,일상,NNG
경주 여행,고고학,NNG
경주 여행,시리즈,NNG
경주 여행,황윤,NNG
경주 여행,지음,NNG
경주 여행,고양이,NNG
경주 여행,평점,NNG
경주 여행,신라,NNP
경주 여행,마니아,NNG
경주 여행,기라,NNG
경주 여행,관심,NNG
경주 여행,가요,NNG
경주 여행,고고학,NNG
경주 여행,관점,NNG
경주 여행,석빙고,NNG
경주 여행,볼거리,NNG
경주 여행,근처,NNG
경주 여행,안압,NNG
경주 여행,볼거리,NNG
경주 여행,석빙고,NNG
경주 여행,이번,NNG
경주 여행,석빙고,NNG
경주 여행,석빙고,NNG
경주 여행,영조,NNG
경주 여행,일종,NNG
경주 여행,얼음,NNG
경주 여행,창고,NNG
경주 여행,근처,NNG
경주 여행,첨성대,NNG
경주 여행,가본,NNG
경주 여행,동궁,NNG
경주 여행,커피,NNG
경주 여행,열매,NNG
경주 여행,노천온천,NNP
경주 여행,행복,NNG
경주 여행,황리,NNG
경주 여행,보문,NNG
경주 여행,왕릉,NNG
경주 여행,탐방,NNG
경주 여행,데이트,NNG
경주 여행,코스,NNG
경주 여행,황리,NNG
경주 여행,마음,NNG
경주 여행,낭만,NNG
경주 여행,경상도,NNP
경주 여행,거리,NNG
경주 여행,유적지,NNG
경주 여행,한옥,NNG
경주 여행,고도,NNG
경주 여행,밀면,NNP
경주 여행,가격,NNG
경주 여행,비빔,NNG
경주 여행,떡갈비,NNG
경주 여행,밥상,NNG
경주 여행,육수,NNG
경주 여행,평가,NNG
경주 여행,입맛,NNG
경주 여행,취향,NNG
경주 여행,엑스,NNG
경주 여행,포대,NNG
경주 여행,공원,NNG
경주 여행,애벌레,NNG
경주 여행,보문호,NNP
경주 여행,주변,NNG
경주 여행,엑스,NNG
경주 여행,포대,NNG
경주 여행,공원,NNG
경주 여행,입장,NNG
경주 여행,엑스포,NNG
경주 여행,기념관,NNG
경주 여행,천마,NNG
경주 여행,궁전,NNG
경주 여행,타워,NNG
경주 여행,솔거,NNG
경주 여행,미술관,NNG
경주 여행,자연사,NNG
경주 여행,박물관,NNG
경주 여행,동방역,NNP
경주 여행,능소화,NNG
경주 여행,서출지,NNG
경주 여행,경북,NNP
경주 여행,산림,NNG
경주 여행,연구원,NNG
경주 여행,동방역,NNP
경주 여행,능소화,NNG
경주 여행,서출지,NNG
경주 여행,경북,NNP
경주 여행,산림,NNG
경주 여행,연구원,NNG
경주 여행,모녀,NNG
경주 여행,바보,NNG
경주 여행,블로그,NNG
경주 여행,모녀,NNG
경주 여행,첨성대,NNG
경주 여행,야생,NNG
경주 여행,계림,NNG
경주 여행,월지,NNG
경주 여행,안압지,NNP
경주 여행,계림,NNP
경주 여행,월지,NNP
경주 여행,안압지,NNP
경주 여행,야경,NNG
경주 여행,박물관,NNG
경주 여행,김유신,NNP
경주 여행,장군,NNG
경주 여행,석굴암,NNG
경주 여행,알라딘,NNP
경주 여행,자평,NNG
경주 여행,일상,NNG
경주 여행,고고학,NNG
경주 여행,일상,NNG
경주 여행,고고학,NNG
경주 여행,개정,NNG
경주 여행,증보판,NNG
경주 여행,일상,NNG
경주 여행,고고학,NNG
경주 여행,시리즈,NNG
경주 여행,황윤,NNG
경주 여행,지음,NNG
경주 여행,고양이,NNG
경주 여행,평점,NNG
경주 여행,삼국,NNG
경주 여행,시대,NNG
경주 여행,자료,NNG
경주 여행,섭렵,NNG
경주 여행,소장,NNG
경주 여행,역사,NNG
경주 여행,학자,NNG
경주 여행,순수,NNG
경주 여행,시각,NNG
경주 여행,알라딘,NNP
경주 여행,일상,NNG
경주 여행,고고학,NNG
경주 여행,일상,NNG
경주 여행,고고학,NNG
경주 여행,개정,NNG
경주 여행,증보판,NNG
경주 여행,일상,NNG
경주 여행,고고학,NNG
경주 여행,시리즈,NNG
경주 여행,황윤,NNG
경주 여행,지음,NNG
경주 여행,고양이,NNG
경주 여행,평점,NNG
경주 여행,수학,NNG
경주 여행,추억,NNG
경주 여행,역사,NNG
경주 여행,경비,NNG
경주 여행,혼자,NNG
경주 여행,이동,NNG
경주 여행,수단,NNG
경주 여행,시외버스,NNG
경주 여행,버스,NNG
경주 여행,택시,NNG
경주 여행,시티투어,NNP
경주 여행,버스,NNG
경주 여행,기타,NNG
경주 여행,생필품,NNG
경주 여행,샴푸,NNG
경주 여행,린스,NNG
경주 여행,바디,NNG
경주 여행,워시,NNP
경주 여행,버블,NNG
경주 여행,경비,NNG
경주 여행,경북,NNP
경주 여행,현대,NNG
경주 여행,호텔,NNG
경주 여행,현대,NNP
경주 여행,호텔,NNG
경주 여행,현대,NNG
경주 여행,호텔,NNG
경주 여행,보문,NNP
경주 여행,수상,NNG
경주 여행,공연장,NNG
경주 여행,보문관광단지,NNP
경주 여행,보문호,NNP
경주 여행,신라,NNP
경주 여행,컨트리클럽,NNG
경주 여행,숙박,NNG
경주 여행,현대,NNG
경주 여행,호텔,NNG
경주 여행,방문,NNG
경주 여행,일자,NNG
경주 여행,현대,NNG
경주 여행,호텔,NNG
경주 여행,경북,NNP
경주 여행,신평동,NNP
경주 여행,석굴암,NNG
경주 여행,불국사,NNG
경주 여행,석굴암,NNG
경주 여행,불국사,NNG
경주 여행,일시,NNG
경주 여행,장소,NNG
경주 여행,석굴암,NNG
경주 여행,불국사,NNG
경주 여행,참여,NNG
경주 여행,우리,NP
경주 여행,가족,NNG
경주 여행,송국영,NNP
경주 여행,안종,NNP
경주 여행,송진주,NNP
경주 여행,김홍식,NNP
경주 여행,김연우,NNP
경주 여행,연주,NNP
경주 여행,조광민,NNP
경주 여행,대릉원,NNG
경주 여행,스탬프,NNG
경주 여행,투어,NNG
경주 여행,이야기,NNG
경주 여행,대릉원,NNG
경주 여행,천마,NNG
경주 여행,경북,NNP
경주 여행,스탬프,NNG
경주 여행,투어,NNG
경주 여행,오릉,NNG
경주 여행,대릉원,NNG
경주 여행,천마총,NNG
경주 여행,오릉,NNG
경주 여행,교촌,NNG
경주 여행,마을,NNG
경주 여행,투어,NNG
경주 여행,다음,NNG
경주 여행,오릉,NNG
경주 여행,교촌,NNG
경주 여행,마을,NNG
경주 여행,느낌,NNG
경주 여행,유적지,NNG
경주 여행,트레,NNP
경주 여행,대상지,NNG
경주 여행,유적지,NNG
경주 여행,트레,NNP
경주 여행,소재지,NNG
경주 여행,경북,NNP
경주 여행,동궁,NNG
경주 여행,월지,NNG
경주 여행,반월,NNG
경주 여행,교촌,NNG
경주 여행,대릉원,NNG
경주 여행,고분,NNG
경주 여행,분황사,NNG
경주 여행,황룡사,NNG
경주 여행,역사,NNG
경주 여행,문화원,NNG
경주 여행,동궁,NNG
경주 여행,월지,NNG
경주 여행,주차장,NNG
경주 여행,반월,NNG
경주 여행,동궁,NNG
경주 여행,월지,NNG
경주 여행,안압지,NNP
경주 여행,야경,NNG
경주 여행,해외,NNG
경주 여행,이야기,NNG
경주 여행,후기,NNG
경주 여행,동궁,NNG
경주 여행,월지,NNG
경주 여행,안압지,NNP
경주 여행,야경,NNG
경주 여행,훌리아,NNP
경주 여행,여름,NNG
경주 여행,사진,NNG
경주 여행,보관,NNG
경주 여행,구독,NNG
경주 여행,해외,NNG
경주 여행,이야기,NNG
경주 여행,후기,NNG
경주 여행,일요일,NNG
경주 여행,오전,NNG
경주 여행,오후,NNG
경주 여행,고향,NNG
경주 여행,친구,NNG
경주 여행,신라,NNP
경주 여행,대종,NNG
경주 여행,장맛비,NNG
경주 여행,시작,NNG
경주 여행,육월,NNP
경주 여행,중순,NNG
경주 여행,고향,NNG
경주 여행,친구,NNG
경주 여행,대릉원,NNG
경주 여행,돌담길,NNP
경주 여행,황리,NNG
경주 여행,이야기,NNG
경주 여행,계명,NNG
경주 여행,대학교,NNG
경주 여행,동산,NNG
경주 여행,병원,NNG
경주 여행,일자,NNG
경주 여행,인원,NNG
경주 여행,친구,NNG
경주 여행,시외버스,NNG
경주 여행,터미널,NNG
경주 여행,경북,NNP
경주 여행,노서동,NNP
경주 여행,전화,NNG
경주 여행,시외버스,NNG
경주 여행,터미널,NNG
경주 여행,알라딘,NNP
경주 여행,자평,NNG
경주 여행,일상,NNG
경주 여행,고고학,NNG
경주 여행,일상,NNG
경주 여행,고고학,NNG
경주 여행,개정,NNG
경주 여행,증보판,NNG
경주 여행,일상,NNG
경주 여행,고고학,NNG
경주 여행,시리즈,NNG
경주 여행,황윤,NNG
경주 여행,지음,NNG
경주 여행,고양이,NNG
경주 여행,길잡이,NNG
경주 여행,이해,NNG
경주 여행,코스,NNG
경주 여행,베스트,NNG
경주 여행,추천,NNG
경주 여행,코스,NNG
경주 여행,베스트,NNG
경주 여행,추천,NNG
경주 여행,코스,NNG
경주 여행,베스트,NNG
경주 여행,추천,NNG
경주 여행,소개,NNG
경주 여행,황리,NNG
경주 여행,상호,NNG
경주 여행,황리,NNG
경주 여행,주소,NNG
경주 여행,경상북도,NNP
경주 여행,황남동,NNP
경주 여행,전화,NNG
경주 여행,번호,NNG
경주 여행,입력,NNG
경주 여행,관련,NNG
경주 여행,키워드,NNP
경주 여행,키워드,NNP
경주 여행,코스,NNG
경주 여행,불국사,NNP
경주 여행,석굴암,NNG
경주 여행,중교,NNG
경주 여행,서울,NNP
경주 여행,불국사,NNP
경주 여행,불국사,NNP
경주 여행,국보,NNG
경주 여행,다보탑,NNG
경주 여행,석가탑,NNG
경주 여행,석굴암,NNG
경주 여행,입장료,NNG
경주 여행,불국사,NNG
경주 여행,스탬프,NNG
경주 여행,투어,NNG
경주 여행,이야기,NNG
경주 여행,불국사,NNP
경주 여행,석굴암,NNG
경주 여행,경북,NNP
경주 여행,스탬프,NNG
경주 여행,투어,NNG
경주 여행,가을,NNG
경주 여행,불국사,NNG
경주 여행,석굴암,NNG
경주 여행,동리,NNG
경주 여행,문학관,NNG
경주 여행,구경,NNG
경주 여행,다음,NNG
경주 여행,장소,NNG
경주 여행,핵심,NNG
경주 여행,메카,NNP
경주 여행,불국사,NNP
경주 여행,석굴암,NNG
경주 여행,황리,NNG
경주 여행,한옥,NNG
경주 여행,카페,NNG
경주 여행,추천,NNG
경주 여행,카페,NNP
경주 여행,아덴,NNP
경주 여행,카페,NNP
경주 여행,아덴,NNP
경주 여행,위치,NNG
경주 여행,경북,NNP
경주 여행,사정,NNG
경주 여행,운영,NNG
경주 여행,시간,NNG
경주 여행,실시간,NNG
경주 여행,예보,NNG
경주 여행,커피,NNG
경주 여행,아덴,NNP
경주 여행,시그,NNP
경주 여행,알라딘,NNP
경주 여행,자평,NNG
경주 여행,일상,NNG
경주 여행,고고학,NNG
경주 여행,일상,NNG
경주 여행,고고학,NNG
경주 여행,개정,NNG
경주 여행,증보판,NNG
경주 여행,일상,NNG
경주 여행,고고학,NNG
경주 여행,시리즈,NNG
경주 여행,황윤,NNG
경주 여행,지음,NNG
경주 여행,고양이,NNG
경주 여행,평점,NNG
경주 여행,기대,NNG
경주 여행,알라딘,NNP
경주 여행,서재,NNP
경주 여행,필수,NNG
경주 여행,필요,NNG
경주 여행,지식,NNG
경주 여행,설명,NNG
경주 여행,이해,NNG
경주 여행,사진,NNG
경주 여행,정보,NNG
경주 여행,서울,NNP
경주 여행,역사,NNG
경주 여행,한옥,NNG
경주 여행,독서,NNG
경주 여행,모임,NNG
경주 여행,주문,NNG
경주 여행,역사,NNG
경주 여행,예정,NNG
경주 여행,대릉원,NNG
경주 여행,대릉원,NNG
경주 여행,담장,NNG
경주 여행,이번,NNG
경주 여행,가을,NNG
경주 여행,만끽,NNG
경주 여행,컨셉,NNG
경주 여행,가을,NNG
경주 여행,분위기,NNG
경주 여행,고조,NNG
경주 여행,벚나무,NNG
경주 여행,좌우,NNG
경주 여행,슈만,NNP
경주 여행,클라라,NNP
경주 여행,도착,NNG
경주 여행,슈만,NNP
경주 여행,클라라,NNP
경주 여행,위치,NNG
경주 여행,요기,NP
경주 여행,여기,NP
경주 여행,버스,NNG
경주 여행,버스,NNG
경주 여행,택시,NNG
경주 여행,다음,NNG
경주 여행,문제,NNG
경주 여행,봄꽃,NNG
경주 여행,마지막,NNG
경주 여행,월요일,NNG
경주 여행,벚꽃,NNG
경주 여행,상춘객,NNG
경주 여행,점심,NNG
경주 여행,집사람,NNG
경주 여행,국도,NNG
경주 여행,곳곳,NNG
경주 여행,벚꽃,NNG
경주 여행,자랑,NNG
경주 여행,열중,NNG
경주 여행,황리,NNG
경주 여행,맛집,NNG
경주 여행,여도,NNG
경주 여행,영업,NNG
경주 여행,종료,NNG
경주 여행,오늘,NNG
경주 여행,맛집,NNG
경주 여행,황리,NNG
경주 여행,맛집,NNG
경주 여행,여주,NNG
경주 여행,이야기,NNG
경주 여행,여도,NNG
경주 여행,저희,NP
경주 여행,기록,NNG
경주 여행,포스팅,NNP
경주 여행,진행,NNG
경주 여행,참고,NNG
경주 여행,한옥,NNP
경주 여행,외관,NNG
경주 여행,눈길,NNG
경주 여행,황리,NNG
경주 여행,주전부리,NNG
경주 여행,황금,NNG
경주 여행,황남,NNG
경주 여행,옥수수,NNG
경주 여행,청년,NNG
경주 여행,분식,NNG
경주 여행,황리,NNG
경주 여행,주전부리,NNG
경주 여행,저녁,NNG
경주 여행,황리,NNG
경주 여행,주전부리,NNG
경주 여행,결론,NNG
경주 여행,청년,NNG
경주 여행,분식,NNG
경주 여행,황남,NNG
경주 여행,옥수수,NNG
경주 여행,청년,NNG
경주 여행,분식,NNG
경주 여행,쥬얼,NNP
경주 여행,유혹,NNG
경주 여행,성동,NNG
경주 여행,시장,NNG
경주 여행,구경,NNG
경주 여행,가을,NNG
경주 여행,기차,NNG
경주 여행,피날레,NNG
경주 여행,가을,NNG
경주 여행,기차,NNG
경주 여행,단풍,NNG
경주 여행,은행,NNG
경주 여행,낙엽,NNG
경주 여행,언니,NNG
경주 여행,수고,NNG
경주 여행,숙소,NNG
경주 여행,변경,NNG
경주 여행,지도자,NNG
경주 여행,언니,NNG
경주 여행,첨성대,NNG
경주 여행,대릉원,NNG
경주 여행,주차,NNG
경주 여행,주차장,NNG
경주 여행,대릉원,NNG
경주 여행,주차장,NNG
경주 여행,여기,NP
경주 여행,매표,NNG
경주 여행,혼자,NNG
경주 여행,필요,NNG
경주 여행,드라이브,NNG
경주 여행,그곳,NP
경주 여행,첨성대,NNG
경주 여행,마지막,NNG
경주 여행,선물,NNG
경주 여행,눈발,NNG
경주 여행,시작,NNG
경주 여행,세상,NNG
경주 여행,눈길,NNG
경주 여행,산책,NNG
경주 여행,불국사,NNP
경주 여행,기차,NNG
경주 여행,마무리,NNG
경주 여행,하늘,NNG
경주 여행,야경,NNG
경주 여행,매력,NNG
경주 여행,정교,NNG
경주 여행,분위기,NNG
경주 여행,저녁,NNG
경주 여행,정교,NNG
경주 여행,방문,NNG
경주 여행,추천,NNG
경주 여행,정교,NNG
경주 여행,사진,NNG
경주 여행,정교,NNG
경주 여행,야경,NNG
경주 여행,마지막,NNG
경주 여행,여기,NP
경주 여행,신라,NNP
경주 여행,신라,NNP
경주 여행,해장국,NNG
경주 여행,황남,NNG
경주 여행,맷돌,NNG
경주 여행,순두부,NNG
경주 여행,두부,NNG
경주 여행,보쌈,NNG
경주 여행,제육,NNG
경주 여행,순두부찌개,NNG
경주 여행,황남,NNG
경주 여행,맷돌,NNG
경주 여행,순두부,NNG
경주 여행,영업시간,NNG
경주 여행,황리,NNG
경주 여행,시작,NNG
경주 여행,밥집,NNG
경주 여행,영업,NNG
경주 여행,마감,NNG
경주 여행,고기,NNG
경주 여행,두부,NNG
경주 여행,순두부찌개,NNG
경주 여행,호랑이,NNG
경주 여행,막걸리,NNG
경주 여행,울주,NNP
경주 여행,새벽,NNG
경주 여행,하늘,NNG
경주 여행,예쁘다,NNP
경주 여행,월드,NNG
경주 여행,판다,NNG
경주 여행,점심,NNG
경주 여행,친절,NNG
경주 여행,떡갈비,NNG
경주 여행,계란찜,NNG
경주 여행,풍경,NNG
경주 여행,행복,NNG
경주 여행,울주,NNP
경주 여행,서출지,NNG
경주 여행,날씨,NNG
경주 여행,촬영,NNG
경주 여행,사진가,NNG
경주 여행,미안,NNG
경주 여행,생각,NNG
경주 여행,날씨,NNG
경주 여행,촬영,NNG
경주 여행,대작,NNG
경주 여행,알라딘,NNP
경주 여행,자평,NNG
경주 여행,우리,NP
경주 여행,우리,NP
경주 여행,세계,NNG
경주 여행,문화유산,NNG
경주 여행,개정판,NNG
경주 여행,답사,NNG
경주 여행,역사,NNG
경주 여행,박광일,NNP
경주 여행,전향,NNG
경주 여행,이야기,NNG
경주 여행,기획,NNG
경주 여행,성당,NNG
경주 여행,평점,NNG
경주 여행,초등,NNG
경주 여행,학교,NNG
경주 여행,학생,NNG
경주 여행,수학,NNG
경주 여행,알라딘,NNP
경주 여행,자평,NNG
경주 여행,일상,NNG
경주 여행,고고학,NNG
경주 여행,일상,NNG
경주 여행,고고학,NNG
경주 여행,개정,NNG
경주 여행,증보판,NNG
경주 여행,일상,NNG
경주 여행,고고학,NNG
경주 여행,시리즈,NNG
경주 여행,황윤,NNG
경주 여행,지음,NNG
경주 여행,고양이,NNG
경주 여행,타임캡슐,NNG
경주 여행,신라,NNG
경주 여행,특별,NNG
경주 여행,시간,NNG
경주 여행,오늘,NNG
경주 여행,날씨,NNG
경주 여행,마을,NNG
경주 여행,식당,NNG
경주 여행,양념,NNG
경주 여행,게장,NNG
경주 여행,점심,NNG
경주 여행,힐튼,NNP
경주 여행,호텔,NNG
경주 여행,커피,NNG
경주 여행,한잔,NNG
경주 여행,보문,NNG
경주 여행,나무,NNG
경주 여행,감상,NNG
경주 여행,커피,NNG
경주 여행,한잔,NNG
경주 여행,스콘,NNP
경주 여행,행복,NNG
경주 여행,월드,NNG
경주 여행,관람,NNG
경주 여행,압지,NNG
경주 여행,야경,NNG
경주 여행,투어,NNG
경주 여행,방문,NNG
경주 여행,보름달,NNG
경주 여행,하늘,NNG
경주 여행,황청,NNG
경주 여행,연못,NNG
경주 여행,야경,NNG
경주 여행,야경,NNG
경주 여행,이곳,NP
경주 여행,압지,NNG
경주 여행,알라딘,NNP
경주 여행,자평,NNG
경주 여행,우리,NP
경주 여행,우리,NP
경주 여행,신라,NNG
경주 여행,답사,NNG
경주 여행,역사,NNG
경주 여행,박광일,NNP
경주 여행,평점,NNG
경주 여행,구판,NNG
경주 여행,절판,NNG
경주 여행,아이,NNG
경주 여행,눈높이,NNG
경주 여행,알라딘,NNP
경주 여행,자평,NNG
경주 여행,일상,NNG
경주 여행,고고학,NNG
경주 여행,일상,NNG
경주 여행,고고학,NNG
경주 여행,개정,NNG
경주 여행,증보판,NNG
경주 여행,일상,NNG
경주 여행,고고학,NNG
경주 여행,시리즈,NNG
경주 여행,황윤,NNG
경주 여행,지음,NNG
경주 여행,고양이,NNG
경주 여행,평점,NNG
경주 여행,유익,NNG
경주 여행,알라딘,NNP
경주 여행,역사,NNG
경주 여행,관심,NNG
경주 여행,시작,NNG
경주 여행,생각,NNG
경주 여행,마음,NNG
경주 여행,기억,NNG
경주 여행,아이,NNG
경주 여행,신라,NNG
경주 여행,동안,NNG
경주 여행,내용,NNG
경주 여행,생각,NNG
경주 여행,유적지,NNG
경주 여행,매화,NNG
경주 여행,산수유,NNG
경주 여행,만발,NNG
경주 여행,보문,NNG
경주 여행,호수,NNG
경주 여행,산책,NNG
경주 여행,행복,NNG
경주 여행,마무리,NNG
경주 여행,알라딘,NNP
경주 여행,자평,NNG
경주 여행,일상,NNG
경주 여행,고고학,NNG
경주 여행,일상,NNG
경주 여행,고고학,NNG
경주 여행,일상,NNG
경주 여행,시리즈,NNG
경주 여행,황윤,NNG
경주 여행,지음,NNG
경주 여행,고양이,NNG
경주 여행,평점,NNG
경주 여행,마니아,NNG
경주 여행,탐방기,NNG
경주 여행,설명,NNG
경주 여행,알라딘,NNP
경주 여행,자평,NNG
경주 여행,일상,NNG
경주 여행,고고학,NNG
경주 여행,일상,NNG
경주 여행,고고학,NNG
경주 여행,개정,NNG
경주 여행,증보판,NNG
경주 여행,일상,NNG
경주 여행,고고학,NNG
경주 여행,시리즈,NNG
경주 여행,황윤,NNG
경주 여행,지음,NNG
경주 여행,고양이,NNG
경주 여행,평점,NNG
경주 여행,풍경,NNG
경주 여행,고고학,NNG
경주 여행,우리,NP
경주 여행,지적,NNG
경주 여행,힐링,NNG
경주 여행,주상,NNG
경주 여행,절리,NNG
경주 여행,스탬프,NNG
경주 여행,투어,NNG
경주 여행,목적지,NNG
경주 여행,주상,NNG
경주 여행,스탬프,NNG
경주 여행,투어,NNG
경주 여행,주상,NNG
경주 여행,절리,NNG
경주 여행,해변,NNG
경주 여행,둘레길,NNP
경주 여행,주상,NNG
경주 여행,절리,NNG
경주 여행,파도,NNG
경주 여행,소리,NNG
경주 여행,시작,NNG
경주 여행,오랫만,NNG
경주 여행,밤잠,NNG
경주 여행,시계,NNG
경주 여행,시간,NNG
경주 여행,불국사,NNP
경주 여행,황남빵,NNP
경주 여행,교리,NNG
경주 여행,김밥,NNG
경주 여행,내소,NNG
경주 여행,불국사,NNP
경주 여행,황남빵,NNP
경주 여행,교리,NNG
경주 여행,김밥,NNG
경주 여행,산내,NNG
경주 여행,소고기,NNG
경주 여행,울산,NNP
경주 여행,후배,NNG
경주 여행,울산,NNP
경주 여행,불국사,NNG
경주 여행,천마총,NNG
경주 여행,첨성대,NNG
경주 여행,나무,NNG
경주 여행,그늘,NNG
경주 여행,내부,NNG
경주 여행,전경,NNG
경주 여행,알라딘,NNP
경주 여행,자평,NNG
경주 여행,일상,NNG
경주 여행,고고학,NNG
경주 여행,개정,NNG
경주 여행,증보판,NNG
경주 여행,일상,NNG
경주 여행,고고학,NNG
경주 여행,시리즈,NNG
경주 여행,황윤,NNG
경주 여행,지음,NNG
경주 여행,고양이,NNG
경주 여행,평점,NNG
경주 여행,학교,NNG
경주 여행,공부,NNG
경주 여행,느낌,NNG
경주 여행,가보세요,NNG
경주 여행,알라딘,NNP
경주 여행,자평,NNG
경주 여행,일상,NNG
경주 여행,고고학,NNG
경주 여행,혼자,NNG
경주 여행,개정,NNG
경주 여행,증보판,NNG
경주 여행,일상,NNG
경주 여행,고고학,NNG
경주 여행,시리즈,NNG
경주 여행,황윤,NNG
경주 여행,지음,NNG
경주 여행,고양이,NNG
경주 여행,평점,NNG
경주 여행,이야기,NNG
경주 여행,작가,NNG
경주 여행,혼자,NNG
경주 여행,기대,NNG
경주 여행,매화꽃,NNG
경주 여행,산수유,NNG
경주 여행,날씨,NNG
경주 여행,바람,NNG
경주 여행,햇살,NNG
경주 여행,점심,NNG
경주 여행,황룡,NNG
경주 여행,동국,NNG
경주 여행,재단,NNG
경주 여행,운영,NNG
경주 여행,연수원,NNG
경주 여행,맷돌,NNG
경주 여행,순부,NNG
경주 여행,옆집,NNG
경주 여행,정화,NNG
경주 여행,송이,NNG
경주 여행,순두부,NNG
경주 여행,맛집,NNG
경주 여행,옆집,NNG
경주 여행,가격,NNG
경주 여행,기본,NNG
경주 여행,반찬,NNG
경주 여행,생선,NNG
경주 여행,구이,NNG
경주 여행,후배,NNG
경주 여행,순두부,NNG
경주 여행,순두부,NNG
경주 여행,파전,NNG
경주 여행,주문,NNG
경주 여행,새송이,NNP
경주 여행,탁주,NNG
경주 여행,주문,NNG
경주 여행,낮술,NNG
경주 여행,남산,NNP
경주 여행,칠불암,NNG
경주 여행,케이트,NNP
경주 여행,진입,NNG
경주 여행,서라벌,NNP
경주 여행,휴게소,NNG
경주 여행,통일전,NNP
경주 여행,주차장,NNG
경주 여행,주차,NNG
경주 여행,염불,NNG
경주 여행,사지,NNG
경주 여행,삼층석탑,NNP
경주 여행,주차,NNG
경주 여행,여기,NP
경주 여행,도착,NNG
경주 여행,주차,NNG
경주 여행,아침,NNG
경주 여행,알라딘,NNP
경주 여행,자평,NNG
경주 여행,일상,NNG
경주 여행,고고학,NNG
경주 여행,일상,NNG
경주 여행,고고학,NNG
경주 여행,개정,NNG
경주 여행,증보판,NNG
경주 여행,일상,NNG
경주 여행,고고학,NNG
경주 여행,시리즈,NNG
경주 여행,황윤,NNG
경주 여행,지음,NNG
경주 여행,고양이,NNG
경주 여행,평점,NNG
경주 여행,마음,NNG
경주 여행,중학교,NNG
경주 여행,수학,NNG
경주 여행,국내,NNG
경주 여행,사진,NNG
경주 여행,국내,NNG
경주 여행,테마,NNG
경주 여행,벚꽃,NNG
경주 여행,시기,NNG
경주 여행,아쉬움,NNG
경주 여행,대능원,NNP
경주 여행,출입문,NNG
경주 여행,능원,NNG
경주 여행,소나무,NNG
경주 여행,천마총,NNG
경주 여행,안압지,NNP
경주 여행,분황사,NNG
경주 여행,모전,NNG
경주 여행,석탑,NNG
경주 여행,원래,NNG
경주 여행,힐튼,NNP
경주 여행,호텔,NNG
경주 여행,한국,NNP
경주 여행,서울,NNP
경주 여행,호텔,NNG
경주 여행,체인,NNG
경주 여행,이상,NNG
경주 여행,두산,NNP
경주 여행,참고,NNG
경주 여행,미국,NNP
경주 여행,모델,NNG
경주 여행,손님,NNG
경주 여행,배려,NNG
경주 여행,호텔,NNG
경주 여행,토함산,NNP
경주 여행,단풍,NNG
경주 여행,터널,NNG
경주 여행,자연,NNG
경주 여행,수채화,NNG
경주 여행,단풍,NNG
경주 여행,숲길,NNG
경주 여행,불국사,NNP
경주 여행,석굴암,NNG
경주 여행,토함산,NNP
경주 여행,숲길,NNG
경주 여행,월산,NNG
경주 여행,고갯길,NNG
경주 여행,신라,NNP
경주 여행,역사,NNG
경주 여행,시내,NNG
경주 여행,배롱나무,NNG
경주 여행,첨성대,NNG
경주 여행,야경,NNG
경주 여행,수학,NNG
경주 여행,사람,NNG
경주 여행,자녀,NNG
경주 여행,역사,NNG
경주 여행,유적,NNG
경주 여행,답사,NNG
경주 여행,동행,NNG
경주 여행,생각,NNG
경주 여행,국내,NNG
경주 여행,특징,NNG
경주 여행,평온,NNG
경주 여행,자연,NNG
경주 여행,황리,NNG
경주 여행,카페,NNG
경주 여행,카페,NNG
경주 여행,카페,NNG
경주 여행,황리,NNG
경주 여행,거리,NNG
경주 여행,위치,NNG
경주 여행,거리,NNG
경주 여행,인테리어,NNG
경주 여행,눈길,NNG
경주 여행,카페,NNG
경주 여행,황리,NNG
경주 여행,카페,NNG
경주 여행,카페,NNG
경주 여행,날씨,NNG
경주 여행,경북,NNP
경주 여행,국밥,NNG
경주 여행,맛집,NNG
경주 여행,보문,NNG
경주 여행,경북,NNP
경주 여행,교촌,NNP
경주 여행,마을,NNG
경주 여행,교촌,NNG
경주 여행,보관,NNG
경주 여행,아이,NNG
경주 여행,가족,NNG
경주 여행,가족,NNG
경주 여행,기록,NNG
경주 여행,오늘,NNG
경주 여행,가족,NNG
경주 여행,모임,NNG
경주 여행,경북,NNP
경주 여행,불국사역,NNP
경주 여행,동대구,NNG
경주 여행,기차,NNG
경주 여행,무궁화호,NNP
경주 여행,시간,NNG
경주 여행,시외,NNG
경주 여행,고속,NNG
경주 여행,버스,NNG
경주 여행,터미널,NNG
경주 여행,거리,NNG
경주 여행,어디,NP
경주 여행,대중,NNG
경주 여행,교통,NNG
경주 여행,종류,NNG
경주 여행,서울,NNP
경주 여행,대전,NNP
경주 여행,이상,NNG
경주 여행,코스,NNG
경주 여행,알라딘,NNP
경주 여행,자평,NNG
경주 여행,일상,NNG
경주 여행,고고학,NNG
경주 여행,지음,NNG
경주 여행,고양이,NNG
경주 여행,평점,NNG
경주 여행,도시,NNG
경주 여행,시간,NNG
경주 여행,기분,NNG
경주 여행,행복,NNG
경주 여행,코로나,NNP
경주 여행,하늘,NNG
경주 여행,구름,NNG
경주 여행,고속도로,NNP
경주 여행,오늘,NNG
경주 여행,힐링,NNG
경주 여행,산송,NNG
경주 여행,한우구,NNP
경주 여행,언양,NNP
경주 여행,불고기,NNG
경주 여행,더덕구이,NNG
경주 여행,라떼,NNG
경주 여행,한잔,NNG
경주 여행,노천온천,NNP
경주 여행,하늘,NNG
경주 여행,알라딘,NNP
경주 여행,자평,NNG
경주 여행,일상,NNG
경주 여행,고고학,NNG
경주 여행,평점,NNG
경주 여행,가을,NNG
경주 여행,실천,NNG
경주 여행,사람,NNG
경주 여행,기대,NNG
경주 여행,알라딘,NNP
경주 여행,자평,NNG
경주 여행,일상,NNG
경주 여행,고고학,NNG
경주 여행,일상,NNG
경주 여행,고고학,NNG
경주 여행,개정,NNG
경주 여행,증보판,NNG
경주 여행,일상,NNG
경주 여행,고고학,NNG
경주 여행,시리즈,NNG
경주 여행,황윤,NNG
경주 여행,지음,NNG
경주 여행,고양이,NNG
경주 여행,평점,NNG
경주 여행,구경,NNG
경주 여행,코로나,NNP
경주 여행,알라딘,NNP
경주 여행,자평,NNG
경주 여행,일상,NNG
경주 여행,고고학,NNG
경주 여행,일상,NNG
경주 여행,고고학,NNG
경주 여행,개정,NNG
경주 여행,증보판,NNG
경주 여행,일상,NNG
경주 여행,고고학,NNG
경주 여행,시리즈,NNG
경주 여행,황윤,NNG
경주 여행,지음,NNG
경주 여행,고양이,NNG
경주 여행,평점,NNG
경주 여행,수학,NNG
경주 여행,이후,NNG
경주 여행,생각,NNG
경주 여행,나정,NNG
경주 여행,맛집,NNG
경주 여행,나정,NNG
경주 여행,라면,NNG
경주 여행,맛집,NNG
경주 여행,에도,NNP
경주 여행,바다,NNG
경주 여행,나정,NNG
경주 여행,스토리,NNG
경주 여행,에도,NNP
경주 여행,바다,NNG
경주 여행,사실,NNG
경주 여행,아시나,NNP
경주 여행,바다,NNG
경주 여행,남편,NNG
경주 여행,역사,NNG
경주 여행,유적지,NNG
경주 여행,가을,NNG
경주 여행,도착,NNG
경주 여행,오늘,NNG
경주 여행,작년,NNG
경주 여행,여름,NNG
경주 여행,코스,NNG
경주 여행,서출지,NNG
경주 여행,통일전,NNP
경주 여행,산림,NNG
경주 여행,연구원,NNG
경주 여행,핑크,NNG
경주 여행,첨성대,NNG
경주 여행,주변,NNG
경주 여행,황리,NNG
경주 여행,구경,NNG
경주 여행,점심,NNG
경주 여행,커피,NNG
경주 여행,조금,NNG
경주 여행,가을,NNG
경주 여행,알라딘,NNP
경주 여행,자평,NNG
경주 여행,일상,NNG
경주 여행,고고학,NNG
경주 여행,일상,NNG
경주 여행,고고학,NNG
경주 여행,개정,NNG
경주 여행,증보판,NNG
경주 여행,일상,NNG
경주 여행,고고학,NNG
경주 여행,시리즈,NNG
경주 여행,황윤,NNG
경주 여행,지음,NNG
경주 여행,고양이,NNG
경주 여행,평점,NNG
경주 여행,수학,NNG
경주 여행,역사,NNG
경주 여행,의미,NNG
경주 여행,이제,NNG
경주 여행,풍경,NNG
경주 여행,알라딘,NNP
경주 여행,자평,NNG
경주 여행,일상,NNG
경주 여행,고고학,NNG
경주 여행,출간,NNG
경주 여행,일상,NNG
경주 여행,고고학,NNG
경주 여행,혼자,NNG
경주 여행,백제,NNG
경주 여행,이번,NNG
경주 여행,전작,NNG
경주 여행,백제,NNG
경주 여행,만족,NNG
경주 여행,이번,NNG
경주 여행,탑승,NNG
경주 여행,동궁,NNG
경주 여행,월지,NNG
경주 여행,첨성대,NNG
경주 여행,야경,NNG
경주 여행,연꽃,NNG
경주 여행,분황사,NNG
경주 여행,방문,NNG
경주 여행,이웃,NNG
경주 여행,지난주,NNG
경주 여행,예전,NNG
경주 여행,사진,NNG
경주 여행,경북,NNP
경주 여행,천문,NNG
경주 여행,기상,NNG
경주 여행,관측대,NNG
경주 여행,첨성대,NNG
경주 여행,일자,NNG
경주 여행,인원,NNG
경주 여행,친구,NNG
경주 여행,첨성대,NNG
경주 여행,경북,NNP
경주 여행,인왕동,NNP
경주 여행,전화,NNG
경주 여행,첨성대,NNG
경주 여행,관람료,NNG
경주 여행,무료,NNG
경주 여행,경북,NNP
경주 여행,이야기,NNG
경주 여행,첨성대,NNG
경주 여행,대릉원,NNG
경주 여행,야경,NNG
경주 여행,데이,NNG
경주 여행,택시,NNG
경주 여행,투어,NNG
경주 여행,감사,NNG
경주 여행,구매,NNG
경주 여행,플레이스,NNG
경주 여행,데이,NNG
경주 여행,택시,NNG
경주 여행,투어,NNG
경주 여행,돌고래,NNG
경주 여행,돌핀,NNG
경주 여행,스토어,NNG
경주 여행,플레이스,NNG
경주 여행,데이,NNG
경주 여행,택시,NNG
경주 여행,투어,NNG
경주 여행,패밀리,NNG
경주 여행,일상,NNG
경주 여행,오늘,NNG
경주 여행,목적지,NNG
경주 여행,회사,NNG
경주 여행,제휴,NNG
경주 여행,숙소,NNG
경주 여행,예약,NNG
경주 여행,도착,NNG
경주 여행,우리,NP
경주 여행,가족,NNG
경주 여행,국수집,NNG
경주 여행,와이프,NNG
경주 여행,검색,NNG
경주 여행,갈비,NNG
경주 여행,국수,NNG
경주 여행,경북,NNP
경주 여행,불국사,NNG
경주 여행,겹벚꽃,NNG
경주 여행,벚꽃,NNG
경주 여행,벚꽃,NNG
경주 여행,고수,NNG
경주 여행,티켓,NNG
경주 여행,예약,NNG
경주 여행,지역,NNG
경주 여행,벚꽃,NNG
경주 여행,불국사,NNG
경주 여행,겹벚꽃,NNG
경주 여행,불국사,NNP
경주 여행,입구,NNG
경주 여행,보문,NNG
경주 여행,벚꽃,NNG
경주 여행,보문호,NNP
경주 여행,선사,NNG
경주 여행,최적,NNG
경주 여행,지이,NNG
경주 여행,도로,NNG
경주 여행,꽃길,NNG
경주 여행,시각,NNG
경주 여행,힐링,NNG
경주 여행,만개,NNG
경주 여행,경관,NNG
경주 여행,보문,NNG
경주 여행,단지,NNG
경주 여행,시가지,NNG
경주 여행,동쪽,NNG
경주 여행,정도,NNG
경주 여행,활산,NNP
경주 여행,성터,NNG
경주 여행,경북,NNP
경주 여행,목련,NNG
경주 여행,대릉원,NNG
경주 여행,목련,NNG
경주 여행,풍경,NNG
경주 여행,최근,NNG
경주 여행,코스,NNG
경주 여행,야경,NNG
경주 여행,연인,NNG
경주 여행,당신,NP
경주 여행,야경,NNG
경주 여행,투어,NNG
경주 여행,코스,NNG
경주 여행,소개,NNG
경주 여행,준비,NNG
경주 여행,세계,NNG
경주 여행,문화유산,NNG
경주 여행,양동,NNP
경주 여행,마을,NNG
경주 여행,시간,NNG
경주 여행,조상,NNG
경주 여행,모습,NNG
경주 여행,간직,NNG
경주 여행,숨결,NNG
경주 여행,양동,NNP
경주 여행,마을,NNG
경주 여행,제격,NNG
경주 여행,경상북도,NNP
경주 여행,강동면,NNP
경주 여행,양동,NNP
경주 여행,마을,NNG
경주 여행,지번,NNG
경주 여행,경상북도,NNP
경주 여행,강동면,NNP
경주 여행,경북,NNP
경주 여행,다리,NNG
경주 여행,정교,NNG
경주 여행,교촌,NNG
경주 여행,마을,NNG
경주 여행,도착,NNG
경주 여행,행사,NNG
경주 여행,최근,NNG
경주 여행,연인,NNG
경주 여행,당신,NP
경주 여행,야경,NNG
경주 여행,투어,NNG
경주 여행,코스,NNG
경주 여행,소개,NNG
경주 여행,준비,NNG
경주 여행,야경,NNG
경주 여행,안압지,NNP
경주 여행,첨성대,NNG
경주 여행,관광지,NNG
경주 여행,첨성대,NNG
경주 여행,첨성대,NNG
경주 여행,신라,NNP
경주 여행,시대,NNG
경주 여행,관측,NNG
경주 여행,최근,NNG
경주 여행,코스,NNG
경주 여행,야경,NNG
경주 여행,사람,NNG
경주 여행,지인,NNG
경주 여행,경험,NNG
경주 여행,생각,NNG
경주 여행,주목,NNG
경주 여행,장소,NNG
경주 여행,정리,NNG
경주 여행,산사,NNG
경주 여행,옥천사,NNG
경주 여행,수학,NNG
경주 여행,성지,NNG
경주 여행,역사,NNG
경주 여행,탐방,NNG
경주 여행,중심지,NNG
경주 여행,주변,NNG
경주 여행,아기,NNG
경주 여행,후기,NNG
경주 여행,정글,NNG
경주 여행,법칙,NNG
경주 여행,미디어,NNG
경주 여행,파크,NNG
경주 여행,버드,NNP
경주 여행,파크,NNG
경주 여행,일정,NNG
경주 여행,버드,NNP
경주 여행,파크,NNG
경주 여행,위치,NNG
경주 여행,경북,NNP
경주 여행,보문,NNG
경주 여행,북군동,NNP
경주 여행,전화,NNG
경주 여행,운영,NNG
경주 여행,시간,NNG
경주 여행,입장료,NNG
경주 여행,대인,NNG
경주 여행,소인,NNG
경주 여행,울산,NNP
경주 여행,동궁,NNG
경주 여행,월지,NNG
경주 여행,누리,NNG
경주 여행,정원,NNG
경주 여행,성호,NNG
경주 여행,리조트,NNG
경주 여행,장생포,NNG
경주 여행,고래,NNG
경주 여행,문화,NNG
경주 여행,특구,NNP
경주 여행,이름,NNG
경주 여행,고래,NNG
경주 여행,주제,NNG
경주 여행,관광지,NNG
경주 여행,형성,NNG
경주 여행,박물관,NNG
경주 여행,생태,NNG
경주 여행,국내,NNG
경주 여행,울산,NNP
경주 여행,루비,NNG
경주 여행,정원,NNG
경주 여행,연휴,NNG
경주 여행,시작,NNG
경주 여행,신청,NNG
경주 여행,센터,NNG
경주 여행,부지,NNG
경주 여행,자리,NNG
경주 여행,역사,NNG
경주 여행,마당,NNG
경주 여행,연휴,NNG
경주 여행,계획,NNG
경주 여행,이용,NNG
경주 여행,루비,NNG
경주 여행,출장,NNG
경주 여행,조식,NNG
경주 여행,제공,NNG
경주 여행,에이치,NNG
경주 여행,비뉴,NNG
경주 여행,호텔,NNG
경주 여행,불국사,NNP
경주 여행,도보,NNG
경주 여행,거리,NNG
경주 여행,피로,NNG
경주 여행,조금,NNG
경주 여행,아침,NNG
경주 여행,불국사,NNG
경주 여행,방문,NNG
경주 여행,고요,NNG
경주 여행,분위기,NNG
경주 여행,산책,NNG
경주 여행,최적,NNG
경주 여행,위치,NNG
경주 여행,스테이,NNG
경주 여행,알라딘,NNP
경주 여행,자평,NNG
경주 여행,일상,NNG
경주 여행,고고학,NNG
경주 여행,일상,NNG
경주 여행,고고학,NNG
경주 여행,개정,NNG
경주 여행,증보판,NNG
경주 여행,일상,NNG
경주 여행,고고학,NNG
경주 여행,시리즈,NNG
경주 여행,황윤,NNG
경주 여행,지음,NNG
경주 여행,고양이,NNG
경주 여행,평점,NNG
경주 여행,역사,NNG
경주 여행,사랑,NNG
경주 여행,사람,NNG
경주 여행,사랑,NNG
경주 여행,평화,NNG
경주 여행,강릉,NNP
경주 여행,서나,NNG
경주 여행,강릉,NNP
경주 여행,한옥,NNG
경주 여행,숙소,NNG
경주 여행,소설,NNG
경주 여행,첨성,NNG
경주 여행,대점,NNG
경주 여행,비향,NNP
경주 여행,한옥,NNG
경주 여행,숙소,NNG
경주 여행,이름,NNG
경주 여행,소설,NNG
경주 여행,첨성,NNG
경주 여행,대점,NNG
경주 여행,첨성대,NNG
경주 여행,첨성,NNG
경주 여행,대점,NNG
경주 여행,한옥,NNG
경주 여행,소설,NNG
경주 여행,인기,NNG
경주 여행,주말,NNG
경주 여행,알라딘,NNP
경주 여행,황금,NNG
경주 여행,호두,NNG
경주 여행,무웅,NNP
경주 여행,코스,NNG
경주 여행,느낌,NNG
경주 여행,느낌,NNG
경주 여행,신라,NNP
경주 여행,아이,NNG
경주 여행,티비,NNG
경주 여행,이동은,NNP
경주 여행,기차,NNG
경주 여행,자전거,NNG
경주 여행,도보,NNG
경주 여행,버스,NNG
경주 여행,투어,NNG
경주 여행,가능,NNG
경주 여행,코스,NNG
경주 여행,시내,NNG
경주 여행,천마총,NNG
경주 여행,왕릉,NNG
경주 여행,첨성대,NNG
경주 여행,계림,NNG
경주 여행,포석정,NNP
경주 여행,안압지,NNP
경주 여행,알라딘,NNP
경주 여행,자평,NNG
경주 여행,일상,NNG
경주 여행,고고학,NNG
경주 여행,일상,NNG
경주 여행,고고학,NNG
경주 여행,개정,NNG
경주 여행,증보판,NNG
경주 여행,일상,NNG
경주 여행,고고학,NNG
경주 여행,시리즈,NNG
경주 여행,황윤,NNG
경주 여행,지음,NNG
경주 여행,고양이,NNG
경주 여행,오랜만,NNG
경주 여행,저자,NNG
경주 여행,역사,NNG
경주 여행,느낌,NNG
경주 여행,감포,NNP
경주 여행,대말,NNG
경주 여행,체험,NNG
경주 여행,전시관,NNG
경주 여행,위치,NNG
경주 여행,경북,NNP
경주 여행,척사,NNG
경주 여행,운영,NNG
경주 여행,시간,NNG
경주 여행,연중무휴,NNG
경주 여행,대표,NNG
경주 여행,전화,NNG
경주 여행,입장료,NNG
경주 여행,무료,NNG
경주 여행,대말,NNG
경주 여행,체험,NNG
경주 여행,아이,NNG
경주 여행,점심,NNG
경주 여행,시간,NNG
경주 여행,운영,NNG
경주 여행,코스,NNG
경주 여행,읍천항,NNP
경주 여행,주상,NNG
경주 여행,절리,NNG
경주 여행,파도,NNG
경주 여행,소리,NNG
경주 여행,주상,NNG
경주 여행,절리,NNG
경주 여행,제주도,NNP
경주 여행,읍천항,NNP
경주 여행,코스,NNG
경주 여행,읍천항,NNP
경주 여행,자리,NNG
경주 여행,주상,NNG
경주 여행,절리,NNG
경주 여행,파도,NNG
경주 여행,소리,NNG
경주 여행,주차장,NNG
경주 여행,등대,NNG
경주 여행,교리,NNG
경주 여행,김밥,NNG
경주 여행,맛집,NNG
경주 여행,김밥,NNG
경주 여행,남산,NNG
경주 여행,등산,NNG
경주 여행,포함,NNG
경주 여행,당일,NNG
경주 여행,계획,NNG
경주 여행,코스,NNG
경주 여행,정도,NNG
경주 여행,생각,NNG
경주 여행,남산,NNG
경주 여행,놀부,NNG
경주 여행,보쌈,NNG
경주 여행,황오,NNP
경주 여행,배달,NNG
경주 여행,후기,NNG
경주 여행,숙소,NNG
경주 여행,황남,NNG
경주 여행,저녁,NNG
경주 여행,아이,NNG
경주 여행,배민,NNG
경주 여행,놀부,NNG
경주 여행,보쌈,NNG
경주 여행,검색,NNG
경주 여행,황오,NNP
경주 여행,배달,NNG
경주 여행,가능,NNG
경주 여행,저희,NP
경주 여행,황남,NNG
경주 여행,기차,NNG
경주 여행,일전,NNG
경주 여행,크리스마스,NNG
경주 여행,오늘,NNG
경주 여행,안녕,NNG
경주 여행,이번,NNG
경주 여행,컨셉,NNG
경주 여행,호텔,NNG
경주 여행,알라딘,NNP
경주 여행,서재,NNP
경주 여행,이야기,NNG
경주 여행,일상,NNG
경주 여행,고고학,NNG
경주 여행,무대,NNG
경주 여행,에세이,NNG
경주 여행,문화재,NNG
경주 여행,사전,NNG
경주 여행,지식,NNG
경주 여행,얼마,NNG
경주 여행,의미,NNG
경주 여행,알라딘,NNP
경주 여행,자평,NNG
경주 여행,일상,NNG
경주 여행,고고학,NNG
경주 여행,일상,NNG
경주 여행,고고학,NNG
경주 여행,개정,NNG
경주 여행,증보판,NNG
경주 여행,일상,NNG
경주 여행,고고학,NNG
경주 여행,시리즈,NNG
경주 여행,황윤,NNG
경주 여행,지음,NNG
경주 여행,고양이,NNG
경주 여행,이야기,NNG
경주 여행,호기심,NNG
경주 여행,알라딘,NNP
경주 여행,자평,NNG
경주 여행,일상,NNG
경주 여행,고고학,NNG
경주 여행,일상,NNG
경주 여행,고고학,NNG
경주 여행,개정,NNG
경주 여행,증보판,NNG
경주 여행,일상,NNG
경주 여행,고고학,NNG
경주 여행,시리즈,NNG
경주 여행,황윤,NNG
경주 여행,지음,NNG
경주 여행,고양이,NNG
경주 여행,평점,NNG
경주 여행,신라,NNP
경주 여행,마니아,NNG
경주 여행,기라,NNG
경주 여행,관심,NNG
경주 여행,가요,NNG
경주 여행,고고학,NNG
경주 여행,관점,NNG
경주 여행,석빙고,NNG
경주 여행,볼거리,NNG
경주 여행,근처,NNG
경주 여행,안압,NNG
경주 여행,볼거리,NNG
경주 여행,석빙고,NNG
경주 여행,이번,NNG
경주 여행,석빙고,NNG
경주 여행,석빙고,NNG
경주 여행,영조,NNG
경주 여행,일종,NNG
경주 여행,얼음,NNG
경주 여행,창고,NNG
경주 여행,근처,NNG
경주 여행,첨성대,NNG
경주 여행,가본,NNG
경주 여행,동궁,NNG
경주 여행,커피,NNG
경주 여행,열매,NNG
경주 여행,노천온천,NNP
경주 여행,행복,NNG
경주 여행,황리,NNG
경주 여행,보문,NNG
경주 여행,왕릉,NNG
경주 여행,탐방,NNG
경주 여행,데이트,NNG
경주 여행,코스,NNG
경주 여행,황리,NNG
경주 여행,마음,NNG
경주 여행,낭만,NNG
경주 여행,경상도,NNP
경주 여행,거리,NNG
경주 여행,유적지,NNG
경주 여행,한옥,NNG
경주 여행,고도,NNG
경주 여행,밀면,NNP
경주 여행,가격,NNG
경주 여행,비빔,NNG
경주 여행,떡갈비,NNG
경주 여행,밥상,NNG
경주 여행,육수,NNG
경주 여행,평가,NNG
경주 여행,입맛,NNG
경주 여행,취향,NNG
경주 여행,엑스,NNG
경주 여행,포대,NNG
경주 여행,공원,NNG
경주 여행,애벌레,NNG
경주 여행,보문호,NNP
경주 여행,주변,NNG
경주 여행,엑스,NNG
경주 여행,포대,NNG
경주 여행,공원,NNG
경주 여행,입장,NNG
경주 여행,엑스포,NNG
경주 여행,기념관,NNG
경주 여행,천마,NNG
경주 여행,궁전,NNG
경주 여행,타워,NNG
경주 여행,솔거,NNG
경주 여행,미술관,NNG
경주 여행,자연사,NNG
경주 여행,박물관,NNG
경주 여행,동방역,NNP
경주 여행,능소화,NNG
경주 여행,서출지,NNG
경주 여행,경북,NNP
경주 여행,산림,NNG
경주 여행,연구원,NNG
경주 여행,동방역,NNP
경주 여행,능소화,NNG
경주 여행,서출지,NNG
경주 여행,경북,NNP
경주 여행,산림,NNG
경주 여행,연구원,NNG
경주 여행,모녀,NNG
경주 여행,바보,NNG
경주 여행,블로그,NNG
경주 여행,모녀,NNG
경주 여행,첨성대,NNG
경주 여행,야생,NNG
경주 여행,계림,NNG
경주 여행,월지,NNG
경주 여행,안압지,NNP
경주 여행,계림,NNP
경주 여행,월지,NNP
경주 여행,안압지,NNP
경주 여행,야경,NNG
경주 여행,박물관,NNG
경주 여행,김유신,NNP
경주 여행,장군,NNG
경주 여행,석굴암,NNG
경주 여행,알라딘,NNP
경주 여행,자평,NNG
경주 여행,일상,NNG
경주 여행,고고학,NNG
경주 여행,일상,NNG
경주 여행,고고학,NNG
경주 여행,개정,NNG
경주 여행,증보판,NNG
경주 여행,일상,NNG
경주 여행,고고학,NNG
경주 여행,시리즈,NNG
경주 여행,황윤,NNG
경주 여행,지음,NNG
경주 여행,고양이,NNG
경주 여행,평점,NNG
경주 여행,삼국,NNG
경주 여행,시대,NNG
경주 여행,자료,NNG
경주 여행,섭렵,NNG
경주 여행,소장,NNG
경주 여행,역사,NNG
경주 여행,학자,NNG
경주 여행,순수,NNG
경주 여행,시각,NNG
경주 여행,알라딘,NNP
경주 여행,일상,NNG
경주 여행,고고학,NNG
경주 여행,일상,NNG
경주 여행,고고학,NNG
경주 여행,개정,NNG
경주 여행,증보판,NNG
경주 여행,일상,NNG
경주 여행,고고학,NNG
경주 여행,시리즈,NNG
경주 여행,황윤,NNG
경주 여행,지음,NNG
경주 여행,고양이,NNG
경주 여행,평점,NNG
경주 여행,수학,NNG
경주 여행,추억,NNG
경주 여행,역사,NNG
경주 여행,경비,NNG
경주 여행,혼자,NNG
경주 여행,이동,NNG
경주 여행,수단,NNG
경주 여행,시외버스,NNG
경주 여행,버스,NNG
경주 여행,택시,NNG
경주 여행,시티투어,NNP
경주 여행,버스,NNG
경주 여행,기타,NNG
경주 여행,생필품,NNG
경주 여행,샴푸,NNG
경주 여행,린스,NNG
경주 여행,바디,NNG
경주 여행,워시,NNP
경주 여행,버블,NNG
경주 여행,경비,NNG
경주 여행,경북,NNP
경주 여행,현대,NNG
경주 여행,호텔,NNG
경주 여행,현대,NNP
경주 여행,호텔,NNG
경주 여행,현대,NNG
경주 여행,호텔,NNG
경주 여행,보문,NNP
경주 여행,수상,NNG
경주 여행,공연장,NNG
경주 여행,보문관광단지,NNP
경주 여행,보문호,NNP
경주 여행,신라,NNP
경주 여행,컨트리클럽,NNG
경주 여행,숙박,NNG
경주 여행,현대,NNG
경주 여행,호텔,NNG
경주 여행,방문,NNG
경주 여행,일자,NNG
경주 여행,현대,NNG
경주 여행,호텔,NNG
경주 여행,경북,NNP
경주 여행,신평동,NNP
경주 여행,석굴암,NNG
경주 여행,불국사,NNG
경주 여행,석굴암,NNG
경주 여행,불국사,NNG
경주 여행,일시,NNG
경주 여행,장소,NNG
경주 여행,석굴암,NNG
경주 여행,불국사,NNG
경주 여행,참여,NNG
경주 여행,우리,NP
경주 여행,가족,NNG
경주 여행,송국영,NNP
경주 여행,안종,NNP
경주 여행,송진주,NNP
경주 여행,김홍식,NNP
경주 여행,김연우,NNP
경주 여행,연주,NNP
경주 여행,조광민,NNP
경주 여행,대릉원,NNG
경주 여행,스탬프,NNG
경주 여행,투어,NNG
경주 여행,이야기,NNG
경주 여행,대릉원,NNG
경주 여행,천마,NNG
경주 여행,경북,NNP
경주 여행,스탬프,NNG
경주 여행,투어,NNG
경주 여행,오릉,NNG
경주 여행,대릉원,NNG
경주 여행,천마총,NNG
경주 여행,오릉,NNG
경주 여행,교촌,NNG
경주 여행,마을,NNG
경주 여행,투어,NNG
경주 여행,다음,NNG
경주 여행,오릉,NNG
경주 여행,교촌,NNG
경주 여행,마을,NNG
경주 여행,느낌,NNG
경주 여행,유적지,NNG
경주 여행,트레,NNP
경주 여행,대상지,NNG
경주 여행,유적지,NNG
경주 여행,트레,NNP
경주 여행,소재지,NNG
경주 여행,경북,NNP
경주 여행,동궁,NNG
경주 여행,월지,NNG
경주 여행,반월,NNG
경주 여행,교촌,NNG
경주 여행,대릉원,NNG
경주 여행,고분,NNG
경주 여행,분황사,NNG
경주 여행,황룡사,NNG
경주 여행,역사,NNG
경주 여행,문화원,NNG
경주 여행,동궁,NNG
경주 여행,월지,NNG
경주 여행,주차장,NNG
경주 여행,반월,NNG
경주 여행,동궁,NNG
경주 여행,월지,NNG
경주 여행,안압지,NNP
경주 여행,야경,NNG
경주 여행,해외,NNG
경주 여행,이야기,NNG
경주 여행,후기,NNG
경주 여행,동궁,NNG
경주 여행,월지,NNG
경주 여행,안압지,NNP
경주 여행,야경,NNG
경주 여행,훌리아,NNP
경주 여행,여름,NNG
경주 여행,사진,NNG
경주 여행,보관,NNG
경주 여행,구독,NNG
경주 여행,해외,NNG
경주 여행,이야기,NNG
경주 여행,후기,NNG
경주 여행,일요일,NNG
경주 여행,오전,NNG
경주 여행,오후,NNG
경주 여행,고향,NNG
경주 여행,친구,NNG
경주 여행,신라,NNP
경주 여행,대종,NNG
경주 여행,장맛비,NNG
경주 여행,시작,NNG
경주 여행,육월,NNP
경주 여행,중순,NNG
경주 여행,고향,NNG
경주 여행,친구,NNG
경주 여행,대릉원,NNG
경주 여행,돌담길,NNP
경주 여행,황리,NNG
경주 여행,이야기,NNG
경주 여행,계명,NNG
경주 여행,대학교,NNG
경주 여행,동산,NNG
경주 여행,병원,NNG
경주 여행,일자,NNG
경주 여행,인원,NNG
경주 여행,친구,NNG
경주 여행,시외버스,NNG
경주 여행,터미널,NNG
경주 여행,경북,NNP
경주 여행,노서동,NNP
경주 여행,전화,NNG
경주 여행,시외버스,NNG
경주 여행,터미널,NNG
경주 여행,알라딘,NNP
경주 여행,자평,NNG
경주 여행,일상,NNG
경주 여행,고고학,NNG
경주 여행,일상,NNG
경주 여행,고고학,NNG
경주 여행,개정,NNG
경주 여행,증보판,NNG
경주 여행,일상,NNG
경주 여행,고고학,NNG
경주 여행,시리즈,NNG
경주 여행,황윤,NNG
경주 여행,지음,NNG
경주 여행,고양이,NNG
경주 여행,길잡이,NNG
경주 여행,이해,NNG
경주 여행,코스,NNG
경주 여행,베스트,NNG
경주 여행,추천,NNG
경주 여행,코스,NNG
경주 여행,베스트,NNG
경주 여행,추천,NNG
경주 여행,코스,NNG
경주 여행,베스트,NNG
경주 여행,추천,NNG
경주 여행,소개,NNG
경주 여행,황리,NNG
경주 여행,상호,NNG
경주 여행,황리,NNG
경주 여행,주소,NNG
경주 여행,경상북도,NNP
경주 여행,황남동,NNP
경주 여행,전화,NNG
경주 여행,번호,NNG
경주 여행,입력,NNG
경주 여행,관련,NNG
경주 여행,키워드,NNP
경주 여행,키워드,NNP
경주 여행,코스,NNG
경주 여행,불국사,NNP
경주 여행,석굴암,NNG
경주 여행,중교,NNG
경주 여행,서울,NNP
경주 여행,불국사,NNP
경주 여행,불국사,NNP
경주 여행,국보,NNG
경주 여행,다보탑,NNG
경주 여행,석가탑,NNG
경주 여행,석굴암,NNG
경주 여행,입장료,NNG
경주 여행,불국사,NNG
경주 여행,스탬프,NNG
경주 여행,투어,NNG
경주 여행,이야기,NNG
경주 여행,불국사,NNP
경주 여행,석굴암,NNG
경주 여행,경북,NNP
경주 여행,스탬프,NNG
경주 여행,투어,NNG
경주 여행,가을,NNG
경주 여행,불국사,NNG
경주 여행,석굴암,NNG
경주 여행,동리,NNG
경주 여행,문학관,NNG
경주 여행,구경,NNG
경주 여행,다음,NNG
경주 여행,장소,NNG
경주 여행,핵심,NNG
경주 여행,메카,NNP
경주 여행,불국사,NNP
경주 여행,석굴암,NNG
경주 여행,황리,NNG
경주 여행,한옥,NNG
경주 여행,카페,NNG
경주 여행,추천,NNG
경주 여행,카페,NNP
경주 여행,아덴,NNP
경주 여행,카페,NNP
경주 여행,아덴,NNP
경주 여행,위치,NNG
경주 여행,경북,NNP
경주 여행,사정,NNG
경주 여행,운영,NNG
경주 여행,시간,NNG
경주 여행,실시간,NNG
경주 여행,예보,NNG
경주 여행,커피,NNG
경주 여행,아덴,NNP
경주 여행,시그,NNP
경주 여행,알라딘,NNP
경주 여행,자평,NNG
경주 여행,일상,NNG
경주 여행,고고학,NNG
경주 여행,일상,NNG
경주 여행,고고학,NNG
경주 여행,개정,NNG
경주 여행,증보판,NNG
경주 여행,일상,NNG
경주 여행,고고학,NNG
경주 여행,시리즈,NNG
경주 여행,황윤,NNG
경주 여행,지음,NNG
경주 여행,고양이,NNG
경주 여행,평점,NNG
경주 여행,기대,NNG
경주 여행,알라딘,NNP
경주 여행,서재,NNP
경주 여행,필수,NNG
경주 여행,필요,NNG
경주 여행,지식,NNG
경주 여행,설명,NNG
경주 여행,이해,NNG
경주 여행,사진,NNG
경주 여행,정보,NNG
경주 여행,서울,NNP
경주 여행,역사,NNG
경주 여행,한옥,NNG
경주 여행,독서,NNG
경주 여행,모임,NNG
경주 여행,주문,NNG
경주 여행,역사,NNG
경주 여행,예정,NNG
경주 여행,대릉원,NNG
경주 여행,대릉원,NNG
경주 여행,담장,NNG
경주 여행,이번,NNG
경주 여행,가을,NNG
경주 여행,만끽,NNG
경주 여행,컨셉,NNG
경주 여행,가을,NNG
경주 여행,분위기,NNG
경주 여행,고조,NNG
경주 여행,벚나무,NNG
경주 여행,좌우,NNG
경주 여행,슈만,NNP
경주 여행,클라라,NNP
경주 여행,도착,NNG
경주 여행,슈만,NNP
경주 여행,클라라,NNP
경주 여행,위치,NNG
경주 여행,요기,NP
경주 여행,여기,NP
경주 여행,버스,NNG
경주 여행,버스,NNG
경주 여행,택시,NNG
경주 여행,다음,NNG
경주 여행,문제,NNG
경주 여행,봄꽃,NNG
경주 여행,마지막,NNG
경주 여행,월요일,NNG
경주 여행,벚꽃,NNG
경주 여행,상춘객,NNG
경주 여행,점심,NNG
경주 여행,집사람,NNG
경주 여행,국도,NNG
경주 여행,곳곳,NNG
경주 여행,벚꽃,NNG
경주 여행,자랑,NNG
경주 여행,열중,NNG
경주 여행,황리,NNG
경주 여행,맛집,NNG
경주 여행,여도,NNG
경주 여행,영업,NNG
경주 여행,종료,NNG
경주 여행,오늘,NNG
경주 여행,맛집,NNG
경주 여행,황리,NNG
경주 여행,맛집,NNG
경주 여행,여주,NNG
경주 여행,이야기,NNG
경주 여행,여도,NNG
경주 여행,저희,NP
경주 여행,기록,NNG
경주 여행,포스팅,NNP
경주 여행,진행,NNG
경주 여행,참고,NNG
경주 여행,한옥,NNP
경주 여행,외관,NNG
경주 여행,눈길,NNG
경주 여행,황리,NNG
경주 여행,주전부리,NNG
경주 여행,황금,NNG
경주 여행,황남,NNG
경주 여행,옥수수,NNG
경주 여행,청년,NNG
경주 여행,분식,NNG
경주 여행,황리,NNG
경주 여행,주전부리,NNG
경주 여행,저녁,NNG
경주 여행,황리,NNG
경주 여행,주전부리,NNG
경주 여행,결론,NNG
경주 여행,청년,NNG
경주 여행,분식,NNG
경주 여행,황남,NNG
경주 여행,옥수수,NNG
경주 여행,청년,NNG
경주 여행,분식,NNG
경주 여행,쥬얼,NNP
경주 여행,유혹,NNG
경주 여행,성동,NNG
경주 여행,시장,NNG
경주 여행,구경,NNG
경주 여행,가을,NNG
경주 여행,기차,NNG
경주 여행,피날레,NNG
경주 여행,가을,NNG
경주 여행,기차,NNG
경주 여행,단풍,NNG
경주 여행,은행,NNG
경주 여행,낙엽,NNG
경주 여행,언니,NNG
경주 여행,수고,NNG
경주 여행,숙소,NNG
경주 여행,변경,NNG
경주 여행,지도자,NNG
경주 여행,언니,NNG
경주 여행,첨성대,NNG
경주 여행,대릉원,NNG
경주 여행,주차,NNG
경주 여행,주차장,NNG
경주 여행,대릉원,NNG
경주 여행,주차장,NNG
경주 여행,여기,NP
경주 여행,매표,NNG
경주 여행,혼자,NNG
경주 여행,필요,NNG
경주 여행,드라이브,NNG
경주 여행,그곳,NP
경주 여행,첨성대,NNG
경주 여행,마지막,NNG
경주 여행,선물,NNG
경주 여행,눈발,NNG
경주 여행,시작,NNG
경주 여행,세상,NNG
경주 여행,눈길,NNG
경주 여행,산책,NNG
경주 여행,불국사,NNP
경주 여행,기차,NNG
경주 여행,마무리,NNG
경주 여행,하늘,NNG
경주 여행,야경,NNG
경주 여행,매력,NNG
경주 여행,정교,NNG
경주 여행,분위기,NNG
경주 여행,저녁,NNG
경주 여행,정교,NNG
경주 여행,방문,NNG
경주 여행,추천,NNG
경주 여행,정교,NNG
경주 여행,사진,NNG
경주 여행,정교,NNG
경주 여행,야경,NNG
경주 여행,마지막,NNG
경주 여행,여기,NP
경주 여행,신라,NNP
경주 여행,신라,NNP
경주 여행,해장국,NNG
경주 여행,황남,NNG
경주 여행,맷돌,NNG
경주 여행,순두부,NNG
경주 여행,두부,NNG
경주 여행,보쌈,NNG
경주 여행,제육,NNG
경주 여행,순두부찌개,NNG
경주 여행,황남,NNG
경주 여행,맷돌,NNG
경주 여행,순두부,NNG
경주 여행,영업시간,NNG
경주 여행,황리,NNG
경주 여행,시작,NNG
경주 여행,밥집,NNG
경주 여행,영업,NNG
경주 여행,마감,NNG
경주 여행,고기,NNG
경주 여행,두부,NNG
경주 여행,순두부찌개,NNG
경주 여행,호랑이,NNG
경주 여행,막걸리,NNG
경주 여행,울주,NNP
경주 여행,새벽,NNG
경주 여행,하늘,NNG
경주 여행,예쁘다,NNP
경주 여행,월드,NNG
경주 여행,판다,NNG
경주 여행,점심,NNG
경주 여행,친절,NNG
경주 여행,떡갈비,NNG
경주 여행,계란찜,NNG
경주 여행,풍경,NNG
경주 여행,행복,NNG
경주 여행,울주,NNP
경주 여행,서출지,NNG
경주 여행,날씨,NNG
경주 여행,촬영,NNG
경주 여행,사진가,NNG
경주 여행,미안,NNG
경주 여행,생각,NNG
경주 여행,날씨,NNG
경주 여행,촬영,NNG
경주 여행,대작,NNG
경주 여행,알라딘,NNP
경주 여행,자평,NNG
경주 여행,우리,NP
경주 여행,우리,NP
경주 여행,세계,NNG
경주 여행,문화유산,NNG
경주 여행,개정판,NNG
경주 여행,답사,NNG
경주 여행,역사,NNG
경주 여행,박광일,NNP
경주 여행,전향,NNG
경주 여행,이야기,NNG
경주 여행,기획,NNG
경주 여행,성당,NNG
경주 여행,평점,NNG
경주 여행,초등,NNG
경주 여행,학교,NNG
경주 여행,학생,NNG
경주 여행,수학,NNG
경주 여행,알라딘,NNP
경주 여행,자평,NNG
경주 여행,일상,NNG
경주 여행,고고학,NNG
경주 여행,일상,NNG
경주 여행,고고학,NNG
경주 여행,개정,NNG
경주 여행,증보판,NNG
경주 여행,일상,NNG
경주 여행,고고학,NNG
경주 여행,시리즈,NNG
경주 여행,황윤,NNG
경주 여행,지음,NNG
경주 여행,고양이,NNG
경주 여행,타임캡슐,NNG
경주 여행,신라,NNG
경주 여행,특별,NNG
경주 여행,시간,NNG
경주 여행,오늘,NNG
경주 여행,날씨,NNG
경주 여행,마을,NNG
경주 여행,식당,NNG
경주 여행,양념,NNG
경주 여행,게장,NNG
경주 여행,점심,NNG
경주 여행,힐튼,NNP
경주 여행,호텔,NNG
경주 여행,커피,NNG
경주 여행,한잔,NNG
경주 여행,보문,NNG
경주 여행,나무,NNG
경주 여행,감상,NNG
경주 여행,커피,NNG
경주 여행,한잔,NNG
경주 여행,스콘,NNP
경주 여행,행복,NNG
경주 여행,월드,NNG
경주 여행,관람,NNG
경주 여행,압지,NNG
경주 여행,야경,NNG
경주 여행,투어,NNG
경주 여행,방문,NNG
경주 여행,보름달,NNG
경주 여행,하늘,NNG
경주 여행,황청,NNG
경주 여행,연못,NNG
경주 여행,야경,NNG
경주 여행,야경,NNG
경주 여행,이곳,NP
경주 여행,압지,NNG
경주 여행,알라딘,NNP
경주 여행,자평,NNG
경주 여행,우리,NP
경주 여행,우리,NP
경주 여행,신라,NNG
경주 여행,답사,NNG
경주 여행,역사,NNG
경주 여행,박광일,NNP
경주 여행,평점,NNG
경주 여행,구판,NNG
경주 여행,절판,NNG
경주 여행,아이,NNG
경주 여행,눈높이,NNG
경주 여행,알라딘,NNP
경주 여행,자평,NNG
경주 여행,일상,NNG
경주 여행,고고학,NNG
경주 여행,일상,NNG
경주 여행,고고학,NNG
경주 여행,개정,NNG
경주 여행,증보판,NNG
경주 여행,일상,NNG
경주 여행,고고학,NNG
경주 여행,시리즈,NNG
경주 여행,황윤,NNG
경주 여행,지음,NNG
경주 여행,고양이,NNG
경주 여행,평점,NNG
경주 여행,유익,NNG
경주 여행,알라딘,NNP
경주 여행,역사,NNG
경주 여행,관심,NNG
경주 여행,시작,NNG
경주 여행,생각,NNG
경주 여행,마음,NNG
경주 여행,기억,NNG
경주 여행,아이,NNG
경주 여행,신라,NNG
경주 여행,동안,NNG
경주 여행,내용,NNG
경주 여행,생각,NNG
경주 여행,유적지,NNG
경주 여행,매화,NNG
경주 여행,산수유,NNG
경주 여행,만발,NNG
경주 여행,보문,NNG
경주 여행,호수,NNG
경주 여행,산책,NNG
경주 여행,행복,NNG
경주 여행,마무리,NNG
경주 여행,알라딘,NNP
경주 여행,자평,NNG
경주 여행,일상,NNG
경주 여행,고고학,NNG
경주 여행,일상,NNG
경주 여행,고고학,NNG
경주 여행,일상,NNG
경주 여행,시리즈,NNG
경주 여행,황윤,NNG
경주 여행,지음,NNG
경주 여행,고양이,NNG
경주 여행,평점,NNG
경주 여행,마니아,NNG
경주 여행,탐방기,NNG
경주 여행,설명,NNG
경주 여행,알라딘,NNP
경주 여행,자평,NNG
경주 여행,일상,NNG
경주 여행,고고학,NNG
경주 여행,일상,NNG
경주 여행,고고학,NNG
경주 여행,개정,NNG
경주 여행,증보판,NNG
경주 여행,일상,NNG
경주 여행,고고학,NNG
경주 여행,시리즈,NNG
경주 여행,황윤,NNG
경주 여행,지음,NNG
경주 여행,고양이,NNG
경주 여행,평점,NNG
경주 여행,풍경,NNG
경주 여행,고고학,NNG
경주 여행,우리,NP
경주 여행,지적,NNG
경주 여행,힐링,NNG
경주 여행,주상,NNG
경주 여행,절리,NNG
경주 여행,스탬프,NNG
경주 여행,투어,NNG
경주 여행,목적지,NNG
경주 여행,주상,NNG
경주 여행,스탬프,NNG
경주 여행,투어,NNG
경주 여행,주상,NNG
경주 여행,절리,NNG
경주 여행,해변,NNG
경주 여행,둘레길,NNP
경주 여행,주상,NNG
경주 여행,절리,NNG
경주 여행,파도,NNG
경주 여행,소리,NNG
경주 여행,시작,NNG
경주 여행,오랫만,NNG
경주 여행,밤잠,NNG
경주 여행,시계,NNG
경주 여행,시간,NNG
경주 여행,불국사,NNP
경주 여행,황남빵,NNP
경주 여행,교리,NNG
경주 여행,김밥,NNG
경주 여행,내소,NNG
경주 여행,불국사,NNP
경주 여행,황남빵,NNP
경주 여행,교리,NNG
경주 여행,김밥,NNG
경주 여행,산내,NNG
경주 여행,소고기,NNG
경주 여행,울산,NNP
경주 여행,후배,NNG
경주 여행,울산,NNP
경주 여행,불국사,NNG
경주 여행,천마총,NNG
경주 여행,첨성대,NNG
경주 여행,나무,NNG
경주 여행,그늘,NNG
경주 여행,내부,NNG
경주 여행,전경,NNG
경주 여행,알라딘,NNP
경주 여행,자평,NNG
경주 여행,일상,NNG
경주 여행,고고학,NNG
경주 여행,개정,NNG
경주 여행,증보판,NNG
경주 여행,일상,NNG
경주 여행,고고학,NNG
경주 여행,시리즈,NNG
경주 여행,황윤,NNG
경주 여행,지음,NNG
경주 여행,고양이,NNG
경주 여행,평점,NNG
경주 여행,학교,NNG
경주 여행,공부,NNG
경주 여행,느낌,NNG
경주 여행,가보세요,NNG
경주 여행,알라딘,NNP
경주 여행,자평,NNG
경주 여행,일상,NNG
경주 여행,고고학,NNG
경주 여행,혼자,NNG
경주 여행,개정,NNG
경주 여행,증보판,NNG
경주 여행,일상,NNG
경주 여행,고고학,NNG
경주 여행,시리즈,NNG
경주 여행,황윤,NNG
경주 여행,지음,NNG
경주 여행,고양이,NNG
경주 여행,평점,NNG
경주 여행,이야기,NNG
경주 여행,작가,NNG
경주 여행,혼자,NNG
경주 여행,기대,NNG
경주 여행,매화꽃,NNG
경주 여행,산수유,NNG
경주 여행,날씨,NNG
경주 여행,바람,NNG
경주 여행,햇살,NNG
경주 여행,점심,NNG
경주 여행,황룡,NNG
경주 여행,동국,NNG
경주 여행,재단,NNG
경주 여행,운영,NNG
경주 여행,연수원,NNG
경주 여행,맷돌,NNG
경주 여행,순부,NNG
경주 여행,옆집,NNG
경주 여행,정화,NNG
경주 여행,송이,NNG
경주 여행,순두부,NNG
경주 여행,맛집,NNG
경주 여행,옆집,NNG
경주 여행,가격,NNG
경주 여행,기본,NNG
경주 여행,반찬,NNG
경주 여행,생선,NNG
경주 여행,구이,NNG
경주 여행,후배,NNG
경주 여행,순두부,NNG
경주 여행,순두부,NNG
경주 여행,파전,NNG
경주 여행,주문,NNG
경주 여행,새송이,NNP
경주 여행,탁주,NNG
경주 여행,주문,NNG
경주 여행,낮술,NNG
경주 여행,남산,NNP
경주 여행,칠불암,NNG
경주 여행,케이트,NNP
경주 여행,진입,NNG
경주 여행,서라벌,NNP
경주 여행,휴게소,NNG
경주 여행,통일전,NNP
경주 여행,주차장,NNG
경주 여행,주차,NNG
경주 여행,염불,NNG
경주 여행,사지,NNG
경주 여행,삼층석탑,NNP
경주 여행,주차,NNG
경주 여행,여기,NP
경주 여행,도착,NNG
경주 여행,주차,NNG
경주 여행,아침,NNG
경주 여행,알라딘,NNP
경주 여행,자평,NNG
경주 여행,일상,NNG
경주 여행,고고학,NNG
경주 여행,일상,NNG
경주 여행,고고학,NNG
경주 여행,개정,NNG
경주 여행,증보판,NNG
경주 여행,일상,NNG
경주 여행,고고학,NNG
경주 여행,시리즈,NNG
경주 여행,황윤,NNG
경주 여행,지음,NNG
경주 여행,고양이,NNG
경주 여행,평점,NNG
경주 여행,마음,NNG
경주 여행,중학교,NNG
경주 여행,수학,NNG
경주 여행,국내,NNG
경주 여행,사진,NNG
경주 여행,국내,NNG
경주 여행,테마,NNG
경주 여행,벚꽃,NNG
경주 여행,시기,NNG
경주 여행,아쉬움,NNG
경주 여행,대능원,NNP
경주 여행,출입문,NNG
경주 여행,능원,NNG
경주 여행,소나무,NNG
경주 여행,천마총,NNG
경주 여행,안압지,NNP
경주 여행,분황사,NNG
경주 여행,모전,NNG
경주 여행,석탑,NNG
경주 여행,원래,NNG
경주 여행,힐튼,NNP
경주 여행,호텔,NNG
경주 여행,한국,NNP
경주 여행,서울,NNP
경주 여행,호텔,NNG
경주 여행,체인,NNG
경주 여행,이상,NNG
경주 여행,두산,NNP
경주 여행,참고,NNG
경주 여행,미국,NNP
경주 여행,모델,NNG
경주 여행,손님,NNG
경주 여행,배려,NNG
경주 여행,호텔,NNG
경주 여행,토함산,NNP
경주 여행,단풍,NNG
경주 여행,터널,NNG
경주 여행,자연,NNG
경주 여행,수채화,NNG
경주 여행,단풍,NNG
경주 여행,숲길,NNG
경주 여행,불국사,NNP
경주 여행,석굴암,NNG
경주 여행,토함산,NNP
경주 여행,숲길,NNG
경주 여행,월산,NNG
경주 여행,고갯길,NNG
경주 여행,신라,NNP
경주 여행,역사,NNG
경주 여행,시내,NNG
경주 여행,배롱나무,NNG
경주 여행,첨성대,NNG
경주 여행,야경,NNG
경주 여행,수학,NNG
경주 여행,사람,NNG
경주 여행,자녀,NNG
경주 여행,역사,NNG
경주 여행,유적,NNG
경주 여행,답사,NNG
경주 여행,동행,NNG
경주 여행,생각,NNG
경주 여행,국내,NNG
경주 여행,특징,NNG
경주 여행,평온,NNG
경주 여행,자연,NNG
경주 여행,황리,NNG
경주 여행,카페,NNG
경주 여행,카페,NNG
경주 여행,카페,NNG
경주 여행,황리,NNG
경주 여행,거리,NNG
경주 여행,위치,NNG
경주 여행,거리,NNG
경주 여행,인테리어,NNG
경주 여행,눈길,NNG
경주 여행,카페,NNG
경주 여행,황리,NNG
경주 여행,카페,NNG
경주 여행,카페,NNG
경주 여행,날씨,NNG
경주 여행,경북,NNP
경주 여행,국밥,NNG
경주 여행,맛집,NNG
경주 여행,보문,NNG
경주 여행,경북,NNP
경주 여행,교촌,NNP
경주 여행,마을,NNG
경주 여행,교촌,NNG
경주 여행,보관,NNG
경주 여행,아이,NNG
경주 여행,가족,NNG
경주 여행,가족,NNG
경주 여행,기록,NNG
경주 여행,오늘,NNG
경주 여행,가족,NNG
경주 여행,모임,NNG
경주 여행,경북,NNP
경주 여행,불국사역,NNP
경주 여행,동대구,NNG
경주 여행,기차,NNG
경주 여행,무궁화호,NNP
경주 여행,시간,NNG
경주 여행,시외,NNG
경주 여행,고속,NNG
경주 여행,버스,NNG
경주 여행,터미널,NNG
경주 여행,거리,NNG
경주 여행,어디,NP
경주 여행,대중,NNG
경주 여행,교통,NNG
경주 여행,종류,NNG
경주 여행,서울,NNP
경주 여행,대전,NNP
경주 여행,이상,NNG
경주 여행,코스,NNG
경주 여행,알라딘,NNP
경주 여행,자평,NNG
경주 여행,일상,NNG
경주 여행,고고학,NNG
경주 여행,지음,NNG
경주 여행,고양이,NNG
경주 여행,평점,NNG
경주 여행,도시,NNG
경주 여행,시간,NNG
경주 여행,기분,NNG
경주 여행,행복,NNG
경주 여행,코로나,NNP
경주 여행,하늘,NNG
경주 여행,구름,NNG
경주 여행,고속도로,NNP
경주 여행,오늘,NNG
경주 여행,힐링,NNG
경주 여행,산송,NNG
경주 여행,한우구,NNP
경주 여행,언양,NNP
경주 여행,불고기,NNG
경주 여행,더덕구이,NNG
경주 여행,라떼,NNG
경주 여행,한잔,NNG
경주 여행,노천온천,NNP
경주 여행,하늘,NNG
경주 여행,알라딘,NNP
경주 여행,자평,NNG
경주 여행,일상,NNG
경주 여행,고고학,NNG
경주 여행,평점,NNG
경주 여행,가을,NNG
경주 여행,실천,NNG
경주 여행,사람,NNG
경주 여행,기대,NNG
경주 여행,알라딘,NNP
경주 여행,자평,NNG
경주 여행,일상,NNG
경주 여행,고고학,NNG
경주 여행,일상,NNG
경주 여행,고고학,NNG
경주 여행,개정,NNG
경주 여행,증보판,NNG
경주 여행,일상,NNG
경주 여행,고고학,NNG
경주 여행,시리즈,NNG
경주 여행,황윤,NNG
경주 여행,지음,NNG
경주 여행,고양이,NNG
경주 여행,평점,NNG
경주 여행,구경,NNG
경주 여행,코로나,NNP
경주 여행,알라딘,NNP
경주 여행,자평,NNG
경주 여행,일상,NNG
경주 여행,고고학,NNG
경주 여행,일상,NNG
경주 여행,고고학,NNG
경주 여행,개정,NNG
경주 여행,증보판,NNG
경주 여행,일상,NNG
경주 여행,고고학,NNG
경주 여행,시리즈,NNG
경주 여행,황윤,NNG
경주 여행,지음,NNG
경주 여행,고양이,NNG
경주 여행,평점,NNG
경주 여행,수학,NNG
경주 여행,이후,NNG
경주 여행,생각,NNG
경주 여행,나정,NNG
경주 여행,맛집,NNG
경주 여행,나정,NNG
경주 여행,라면,NNG
경주 여행,맛집,NNG
경주 여행,에도,NNP
경주 여행,바다,NNG
경주 여행,나정,NNG
경주 여행,스토리,NNG
경주 여행,에도,NNP
경주 여행,바다,NNG
경주 여행,사실,NNG
경주 여행,아시나,NNP
경주 여행,바다,NNG
경주 여행,남편,NNG
경주 여행,역사,NNG
경주 여행,유적지,NNG
경주 여행,가을,NNG
경주 여행,도착,NNG
경주 여행,오늘,NNG
경주 여행,작년,NNG
경주 여행,여름,NNG
경주 여행,코스,NNG
경주 여행,서출지,NNG
경주 여행,통일전,NNP
경주 여행,산림,NNG
경주 여행,연구원,NNG
경주 여행,핑크,NNG
경주 여행,첨성대,NNG
경주 여행,주변,NNG
경주 여행,황리,NNG
경주 여행,구경,NNG
경주 여행,점심,NNG
경주 여행,커피,NNG
경주 여행,조금,NNG
경주 여행,가을,NNG
경주 여행,알라딘,NNP
경주 여행,자평,NNG
경주 여행,일상,NNG
경주 여행,고고학,NNG
경주 여행,일상,NNG
경주 여행,고고학,NNG
경주 여행,개정,NNG
경주 여행,증보판,NNG
경주 여행,일상,NNG
경주 여행,고고학,NNG
경주 여행,시리즈,NNG
경주 여행,황윤,NNG
경주 여행,지음,NNG
경주 여행,고양이,NNG
경주 여행,평점,NNG
경주 여행,수학,NNG
경주 여행,역사,NNG
경주 여행,의미,NNG
경주 여행,이제,NNG
경주 여행,풍경,NNG
경주 여행,알라딘,NNP
경주 여행,자평,NNG
경주 여행,일상,NNG
경주 여행,고고학,NNG
경주 여행,출간,NNG
경주 여행,일상,NNG
경주 여행,고고학,NNG
경주 여행,혼자,NNG
경주 여행,백제,NNG
경주 여행,이번,NNG
경주 여행,전작,NNG
경주 여행,백제,NNG
경주 여행,만족,NNG
경주 여행,이번,NNG
경주 여행,탑승,NNG
경주 여행,동궁,NNG
경주 여행,월지,NNG
경주 여행,첨성대,NNG
경주 여행,야경,NNG
경주 여행,연꽃,NNG
경주 여행,분황사,NNG
경주 여행,방문,NNG
경주 여행,이웃,NNG
경주 여행,지난주,NNG
경주 여행,예전,NNG
경주 여행,사진,NNG
경주 여행,경북,NNP
경주 여행,천문,NNG
경주 여행,기상,NNG
경주 여행,관측대,NNG
경주 여행,첨성대,NNG
경주 여행,일자,NNG
경주 여행,인원,NNG
경주 여행,친구,NNG
경주 여행,첨성대,NNG
경주 여행,경북,NNP
경주 여행,인왕동,NNP
경주 여행,전화,NNG
경주 여행,첨성대,NNG
경주 여행,관람료,NNG
경주 여행,무료,NNG
경주 여행,경북,NNP
경주 여행,이야기,NNG
경주 여행,첨성대,NNG
경주 여행,대릉원,NNG
경주 여행,야경,NNG
경주 여행,데이,NNG
경주 여행,택시,NNG
경주 여행,투어,NNG
경주 여행,감사,NNG
경주 여행,구매,NNG
경주 여행,플레이스,NNG
경주 여행,데이,NNG
경주 여행,택시,NNG
경주 여행,투어,NNG
경주 여행,돌고래,NNG
경주 여행,돌핀,NNG
경주 여행,스토어,NNG
경주 여행,플레이스,NNG
경주 여행,데이,NNG
경주 여행,택시,NNG
경주 여행,투어,NNG
경주 여행,패밀리,NNG
경주 여행,일상,NNG
경주 여행,오늘,NNG
경주 여행,목적지,NNG
경주 여행,회사,NNG
경주 여행,제휴,NNG
경주 여행,숙소,NNG
경주 여행,예약,NNG
경주 여행,도착,NNG
경주 여행,우리,NP
경주 여행,가족,NNG
경주 여행,국수집,NNG
경주 여행,와이프,NNG
경주 여행,검색,NNG
경주 여행,갈비,NNG
경주 여행,국수,NNG
경주 여행,경북,NNP
경주 여행,불국사,NNG
경주 여행,겹벚꽃,NNG
경주 여행,벚꽃,NNG
경주 여행,벚꽃,NNG
경주 여행,고수,NNG
경주 여행,티켓,NNG
경주 여행,예약,NNG
경주 여행,지역,NNG
경주 여행,벚꽃,NNG
경주 여행,불국사,NNG
경주 여행,겹벚꽃,NNG
경주 여행,불국사,NNP
경주 여행,입구,NNG
경주 여행,보문,NNG
경주 여행,벚꽃,NNG
경주 여행,보문호,NNP
경주 여행,선사,NNG
경주 여행,최적,NNG
경주 여행,지이,NNG
경주 여행,도로,NNG
경주 여행,꽃길,NNG
경주 여행,시각,NNG
경주 여행,힐링,NNG
경주 여행,만개,NNG
경주 여행,경관,NNG
경주 여행,보문,NNG
경주 여행,단지,NNG
경주 여행,시가지,NNG
경주 여행,동쪽,NNG
경주 여행,정도,NNG
경주 여행,활산,NNP
경주 여행,성터,NNG
경주 여행,경북,NNP
경주 여행,목련,NNG
경주 여행,대릉원,NNG
경주 여행,목련,NNG
경주 여행,풍경,NNG
경주 여행,최근,NNG
경주 여행,코스,NNG
경주 여행,야경,NNG
경주 여행,연인,NNG
경주 여행,당신,NP
경주 여행,야경,NNG
경주 여행,투어,NNG
경주 여행,코스,NNG
경주 여행,소개,NNG
경주 여행,준비,NNG
경주 여행,세계,NNG
경주 여행,문화유산,NNG
경주 여행,양동,NNP
경주 여행,마을,NNG
경주 여행,시간,NNG
경주 여행,조상,NNG
경주 여행,모습,NNG
경주 여행,간직,NNG
경주 여행,숨결,NNG
경주 여행,양동,NNP
경주 여행,마을,NNG
경주 여행,제격,NNG
경주 여행,경상북도,NNP
경주 여행,강동면,NNP
경주 여행,양동,NNP
경주 여행,마을,NNG
경주 여행,지번,NNG
경주 여행,경상북도,NNP
경주 여행,강동면,NNP
경주 여행,경북,NNP
경주 여행,다리,NNG
경주 여행,정교,NNG
경주 여행,교촌,NNG
경주 여행,마을,NNG
경주 여행,도착,NNG
경주 여행,행사,NNG
경주 여행,최근,NNG
경주 여행,연인,NNG
경주 여행,당신,NP
경주 여행,야경,NNG
경주 여행,투어,NNG
경주 여행,코스,NNG
경주 여행,소개,NNG
경주 여행,준비,NNG
경주 여행,야경,NNG
경주 여행,안압지,NNP
경주 여행,첨성대,NNG
경주 여행,관광지,NNG
경주 여행,첨성대,NNG
경주 여행,첨성대,NNG
경주 여행,신라,NNP
경주 여행,시대,NNG
경주 여행,관측,NNG
경주 여행,최근,NNG
경주 여행,코스,NNG
경주 여행,야경,NNG
경주 여행,사람,NNG
경주 여행,지인,NNG
경주 여행,경험,NNG
경주 여행,생각,NNG
경주 여행,주목,NNG
경주 여행,장소,NNG
경주 여행,정리,NNG
경주 여행,산사,NNG
경주 여행,옥천사,NNG
경주 여행,수학,NNG
경주 여행,성지,NNG
경주 여행,역사,NNG
경주 여행,탐방,NNG
경주 여행,중심지,NNG
경주 여행,주변,NNG
경주 여행,아기,NNG
경주 여행,후기,NNG
경주 여행,정글,NNG
경주 여행,법칙,NNG
경주 여행,미디어,NNG
경주 여행,파크,NNG
경주 여행,버드,NNP
경주 여행,파크,NNG
경주 여행,일정,NNG
경주 여행,버드,NNP
경주 여행,파크,NNG
경주 여행,위치,NNG
경주 여행,경북,NNP
경주 여행,보문,NNG
경주 여행,북군동,NNP
경주 여행,전화,NNG
경주 여행,운영,NNG
경주 여행,시간,NNG
경주 여행,입장료,NNG
경주 여행,대인,NNG
경주 여행,소인,NNG
경주 여행,울산,NNP
경주 여행,동궁,NNG
경주 여행,월지,NNG
경주 여행,누리,NNG
경주 여행,정원,NNG
경주 여행,성호,NNG
경주 여행,리조트,NNG
경주 여행,장생포,NNG
경주 여행,고래,NNG
경주 여행,문화,NNG
경주 여행,특구,NNP
경주 여행,이름,NNG
경주 여행,고래,NNG
경주 여행,주제,NNG
경주 여행,관광지,NNG
경주 여행,형성,NNG
경주 여행,박물관,NNG
경주 여행,생태,NNG
경주 여행,국내,NNG
경주 여행,울산,NNP
경주 여행,루비,NNG
경주 여행,정원,NNG
경주 여행,연휴,NNG
경주 여행,시작,NNG
경주 여행,신청,NNG
경주 여행,센터,NNG
경주 여행,부지,NNG
경주 여행,자리,NNG
경주 여행,역사,NNG
경주 여행,마당,NNG
경주 여행,연휴,NNG
경주 여행,계획,NNG
경주 여행,이용,NNG
경주 여행,루비,NNG
경주 여행,출장,NNG
경주 여행,조식,NNG
경주 여행,제공,NNG
경주 여행,에이치,NNG
경주 여행,비뉴,NNG
경주 여행,호텔,NNG
경주 여행,불국사,NNP
경주 여행,도보,NNG
경주 여행,거리,NNG
경주 여행,피로,NNG
경주 여행,조금,NNG
경주 여행,아침,NNG
경주 여행,불국사,NNG
경주 여행,방문,NNG
경주 여행,고요,NNG
경주 여행,분위기,NNG
경주 여행,산책,NNG
경주 여행,최적,NNG
경주 여행,위치,NNG
경주 여행,스테이,NNG
경주 여행,알라딘,NNP
경주 여행,자평,NNG
경주 여행,일상,NNG
경주 여행,고고학,NNG
경주 여행,일상,NNG
경주 여행,고고학,NNG
경주 여행,개정,NNG
경주 여행,증보판,NNG
경주 여행,일상,NNG
경주 여행,고고학,NNG
경주 여행,시리즈,NNG
경주 여행,황윤,NNG
경주 여행,지음,NNG
경주 여행,고양이,NNG
경주 여행,평점,NNG
경주 여행,역사,NNG
경주 여행,사랑,NNG
경주 여행,사람,NNG
경주 여행,사랑,NNG
경주 여행,평화,NNG
경주 여행,강릉,NNP
경주 여행,서나,NNG
경주 여행,강릉,NNP
경주 여행,한옥,NNG
경주 여행,숙소,NNG
경주 여행,소설,NNG
경주 여행,첨성,NNG
경주 여행,대점,NNG
경주 여행,비향,NNP
경주 여행,한옥,NNG
경주 여행,숙소,NNG
경주 여행,이름,NNG
경주 여행,소설,NNG
경주 여행,첨성,NNG
경주 여행,대점,NNG
경주 여행,첨성대,NNG
경주 여행,첨성,NNG
경주 여행,대점,NNG
경주 여행,한옥,NNG
경주 여행,소설,NNG
경주 여행,인기,NNG
경주 여행,주말,NNG
경주 여행,알라딘,NNP
경주 여행,황금,NNG
경주 여행,호두,NNG
경주 여행,무웅,NNP
경주 여행,코스,NNG
경주 여행,느낌,NNG
경주 여행,느낌,NNG
경주 여행,신라,NNP
경주 여행,아이,NNG
경주 여행,티비,NNG
경주 여행,이동은,NNP
경주 여행,기차,NNG
경주 여행,자전거,NNG
경주 여행,도보,NNG
경주 여행,버스,NNG
경주 여행,투어,NNG
경주 여행,가능,NNG
경주 여행,코스,NNG
경주 여행,시내,NNG
경주 여행,천마총,NNG
경주 여행,왕릉,NNG
경주 여행,첨성대,NNG
경주 여행,계림,NNG
경주 여행,포석정,NNP
경주 여행,안압지,NNP
경주 여행,알라딘,NNP
경주 여행,자평,NNG
경주 여행,일상,NNG
경주 여행,고고학,NNG
경주 여행,일상,NNG
경주 여행,고고학,NNG
경주 여행,개정,NNG
경주 여행,증보판,NNG
경주 여행,일상,NNG
경주 여행,고고학,NNG
경주 여행,시리즈,NNG
경주 여행,황윤,NNG
경주 여행,지음,NNG
경주 여행,고양이,NNG
경주 여행,오랜만,NNG
경주 여행,저자,NNG
경주 여행,역사,NNG
경주 여행,느낌,NNG
경주 여행,감포,NNP
경주 여행,대말,NNG
경주 여행,체험,NNG
경주 여행,전시관,NNG
경주 여행,위치,NNG
경주 여행,경북,NNP
경주 여행,척사,NNG
경주 여행,운영,NNG
경주 여행,시간,NNG
경주 여행,연중무휴,NNG
경주 여행,대표,NNG
경주 여행,전화,NNG
경주 여행,입장료,NNG
경주 여행,무료,NNG
경주 여행,대말,NNG
경주 여행,체험,NNG
경주 여행,아이,NNG
경주 여행,점심,NNG
경주 여행,시간,NNG
경주 여행,운영,NNG
경주 여행,코스,NNG
경주 여행,읍천항,NNP
경주 여행,주상,NNG
경주 여행,절리,NNG
경주 여행,파도,NNG
경주 여행,소리,NNG
경주 여행,주상,NNG
경주 여행,절리,NNG
경주 여행,제주도,NNP
경주 여행,읍천항,NNP
경주 여행,코스,NNG
경주 여행,읍천항,NNP
경주 여행,자리,NNG
경주 여행,주상,NNG
경주 여행,절리,NNG
경주 여행,파도,NNG
경주 여행,소리,NNG
경주 여행,주차장,NNG
경주 여행,등대,NNG
경주 여행,교리,NNG
경주 여행,김밥,NNG
경주 여행,맛집,NNG
경주 여행,김밥,NNG
경주 여행,남산,NNG
경주 여행,등산,NNG
경주 여행,포함,NNG
경주 여행,당일,NNG
경주 여행,계획,NNG
경주 여행,코스,NNG
경주 여행,정도,NNG
경주 여행,생각,NNG
경주 여행,남산,NNG
경주 여행,놀부,NNG
경주 여행,보쌈,NNG
경주 여행,황오,NNP
경주 여행,배달,NNG
경주 여행,후기,NNG
경주 여행,숙소,NNG
경주 여행,황남,NNG
경주 여행,저녁,NNG
경주 여행,아이,NNG
경주 여행,배민,NNG
경주 여행,놀부,NNG
경주 여행,보쌈,NNG
경주 여행,검색,NNG
경주 여행,황오,NNP
경주 여행,배달,NNG
경주 여행,가능,NNG
경주 여행,저희,NP
경주 여행,황남,NNG
경주 여행,기차,NNG
경주 여행,일전,NNG
경주 여행,크리스마스,NNG
경주 여행,오늘,NNG
경주 여행,안녕,NNG
경주 여행,이번,NNG
경주 여행,컨셉,NNG
경주 여행,호텔,NNG
경주 여행,알라딘,NNP
경주 여행,서재,NNP
경주 여행,이야기,NNG
경주 여행,일상,NNG
경주 여행,고고학,NNG
경주 여행,무대,NNG
경주 여행,에세이,NNG
경주 여행,문화재,NNG
경주 여행,사전,NNG
경주 여행,지식,NNG
경주 여행,얼마,NNG
경주 여행,의미,NNG
경주 여행,알라딘,NNP
경주 여행,자평,NNG
경주 여행,일상,NNG
경주 여행,고고학,NNG
경주 여행,일상,NNG
경주 여행,고고학,NNG
경주 여행,개정,NNG
경주 여행,증보판,NNG
경주 여행,일상,NNG
경주 여행,고고학,NNG
경주 여행,시리즈,NNG
경주 여행,황윤,NNG
경주 여행,지음,NNG
경주 여행,고양이,NNG
경주 여행,이야기,NNG
경주 여행,호기심,NNG
경주 여행,알라딘,NNP
경주 여행,자평,NNG
경주 여행,일상,NNG
경주 여행,고고학,NNG
경주 여행,일상,NNG
경주 여행,고고학,NNG
경주 여행,개정,NNG
경주 여행,증보판,NNG
경주 여행,일상,NNG
경주 여행,고고학,NNG
경주 여행,시리즈,NNG
경주 여행,황윤,NNG
경주 여행,지음,NNG
경주 여행,고양이,NNG
경주 여행,평점,NNG
경주 여행,신라,NNP
경주 여행,마니아,NNG
경주 여행,기라,NNG
경주 여행,관심,NNG
경주 여행,가요,NNG
경주 여행,고고학,NNG
경주 여행,관점,NNG
경주 여행,석빙고,NNG
경주 여행,볼거리,NNG
경주 여행,근처,NNG
경주 여행,안압,NNG
경주 여행,볼거리,NNG
경주 여행,석빙고,NNG
경주 여행,이번,NNG
경주 여행,석빙고,NNG
경주 여행,석빙고,NNG
경주 여행,영조,NNG
경주 여행,일종,NNG
경주 여행,얼음,NNG
경주 여행,창고,NNG
경주 여행,근처,NNG
경주 여행,첨성대,NNG
경주 여행,가본,NNG
경주 여행,동궁,NNG
경주 여행,커피,NNG
경주 여행,열매,NNG
경주 여행,노천온천,NNP
경주 여행,행복,NNG
경주 여행,황리,NNG
경주 여행,보문,NNG
경주 여행,왕릉,NNG
경주 여행,탐방,NNG
경주 여행,데이트,NNG
경주 여행,코스,NNG
경주 여행,황리,NNG
경주 여행,마음,NNG
경주 여행,낭만,NNG
경주 여행,경상도,NNP
경주 여행,거리,NNG
경주 여행,유적지,NNG
경주 여행,한옥,NNG
경주 여행,고도,NNG
경주 여행,밀면,NNP
경주 여행,가격,NNG
경주 여행,비빔,NNG
경주 여행,떡갈비,NNG
경주 여행,밥상,NNG
경주 여행,육수,NNG
경주 여행,평가,NNG
경주 여행,입맛,NNG
경주 여행,취향,NNG
경주 여행,엑스,NNG
경주 여행,포대,NNG
경주 여행,공원,NNG
경주 여행,애벌레,NNG
경주 여행,보문호,NNP
경주 여행,주변,NNG
경주 여행,엑스,NNG
경주 여행,포대,NNG
경주 여행,공원,NNG
경주 여행,입장,NNG
경주 여행,엑스포,NNG
경주 여행,기념관,NNG
경주 여행,천마,NNG
경주 여행,궁전,NNG
경주 여행,타워,NNG
경주 여행,솔거,NNG
경주 여행,미술관,NNG
경주 여행,자연사,NNG
경주 여행,박물관,NNG
경주 여행,동방역,NNP
경주 여행,능소화,NNG
경주 여행,서출지,NNG
경주 여행,경북,NNP
경주 여행,산림,NNG
경주 여행,연구원,NNG
경주 여행,동방역,NNP
경주 여행,능소화,NNG
경주 여행,서출지,NNG
경주 여행,경북,NNP
경주 여행,산림,NNG
경주 여행,연구원,NNG
경주 여행,모녀,NNG
경주 여행,바보,NNG
경주 여행,블로그,NNG
경주 여행,모녀,NNG
경주 여행,첨성대,NNG
경주 여행,야생,NNG
경주 여행,계림,NNG
경주 여행,월지,NNG
경주 여행,안압지,NNP
경주 여행,계림,NNP
경주 여행,월지,NNP
경주 여행,안압지,NNP
경주 여행,야경,NNG
경주 여행,박물관,NNG
경주 여행,김유신,NNP
경주 여행,장군,NNG
경주 여행,석굴암,NNG
경주 여행,알라딘,NNP
경주 여행,자평,NNG
경주 여행,일상,NNG
경주 여행,고고학,NNG
경주 여행,일상,NNG
경주 여행,고고학,NNG
경주 여행,개정,NNG
경주 여행,증보판,NNG
경주 여행,일상,NNG
경주 여행,고고학,NNG
경주 여행,시리즈,NNG
경주 여행,황윤,NNG
경주 여행,지음,NNG
경주 여행,고양이,NNG
경주 여행,평점,NNG
경주 여행,삼국,NNG
경주 여행,시대,NNG
경주 여행,자료,NNG
경주 여행,섭렵,NNG
경주 여행,소장,NNG
경주 여행,역사,NNG
경주 여행,학자,NNG
경주 여행,순수,NNG
경주 여행,시각,NNG
경주 여행,알라딘,NNP
경주 여행,일상,NNG
경주 여행,고고학,NNG
경주 여행,일상,NNG
경주 여행,고고학,NNG
경주 여행,개정,NNG
경주 여행,증보판,NNG
경주 여행,일상,NNG
경주 여행,고고학,NNG
경주 여행,시리즈,NNG
경주 여행,황윤,NNG
경주 여행,지음,NNG
경주 여행,고양이,NNG
경주 여행,평점,NNG
경주 여행,수학,NNG
경주 여행,추억,NNG
경주 여행,역사,NNG
경주 여행,경비,NNG
경주 여행,혼자,NNG
경주 여행,이동,NNG
경주 여행,수단,NNG
경주 여행,시외버스,NNG
경주 여행,버스,NNG
경주 여행,택시,NNG
경주 여행,시티투어,NNP
경주 여행,버스,NNG
경주 여행,기타,NNG
경주 여행,생필품,NNG
경주 여행,샴푸,NNG
경주 여행,린스,NNG
경주 여행,바디,NNG
경주 여행,워시,NNP
경주 여행,버블,NNG
경주 여행,경비,NNG
경주 여행,경북,NNP
경주 여행,현대,NNG
경주 여행,호텔,NNG
경주 여행,현대,NNP
경주 여행,호텔,NNG
경주 여행,현대,NNG
경주 여행,호텔,NNG
경주 여행,보문,NNP
경주 여행,수상,NNG
경주 여행,공연장,NNG
경주 여행,보문관광단지,NNP
경주 여행,보문호,NNP
경주 여행,신라,NNP
경주 여행,컨트리클럽,NNG
경주 여행,숙박,NNG
경주 여행,현대,NNG
경주 여행,호텔,NNG
경주 여행,방문,NNG
경주 여행,일자,NNG
경주 여행,현대,NNG
경주 여행,호텔,NNG
경주 여행,경북,NNP
경주 여행,신평동,NNP
경주 여행,석굴암,NNG
경주 여행,불국사,NNG
경주 여행,석굴암,NNG
경주 여행,불국사,NNG
경주 여행,일시,NNG
경주 여행,장소,NNG
경주 여행,석굴암,NNG
경주 여행,불국사,NNG
경주 여행,참여,NNG
경주 여행,우리,NP
경주 여행,가족,NNG
경주 여행,송국영,NNP
경주 여행,안종,NNP
경주 여행,송진주,NNP
경주 여행,김홍식,NNP
경주 여행,김연우,NNP
경주 여행,연주,NNP
경주 여행,조광민,NNP
경주 여행,대릉원,NNG
경주 여행,스탬프,NNG
경주 여행,투어,NNG
경주 여행,이야기,NNG
경주 여행,대릉원,NNG
경주 여행,천마,NNG
경주 여행,경북,NNP
경주 여행,스탬프,NNG
경주 여행,투어,NNG
경주 여행,오릉,NNG
경주 여행,대릉원,NNG
경주 여행,천마총,NNG
경주 여행,오릉,NNG
경주 여행,교촌,NNG
경주 여행,마을,NNG
경주 여행,투어,NNG
경주 여행,다음,NNG
경주 여행,오릉,NNG
경주 여행,교촌,NNG
경주 여행,마을,NNG
경주 여행,느낌,NNG
경주 여행,유적지,NNG
경주 여행,트레,NNP
경주 여행,대상지,NNG
경주 여행,유적지,NNG
경주 여행,트레,NNP
경주 여행,소재지,NNG
경주 여행,경북,NNP
경주 여행,동궁,NNG
경주 여행,월지,NNG
경주 여행,반월,NNG
경주 여행,교촌,NNG
경주 여행,대릉원,NNG
경주 여행,고분,NNG
경주 여행,분황사,NNG
경주 여행,황룡사,NNG
경주 여행,역사,NNG
경주 여행,문화원,NNG
경주 여행,동궁,NNG
경주 여행,월지,NNG
경주 여행,주차장,NNG
경주 여행,반월,NNG
경주 여행,동궁,NNG
경주 여행,월지,NNG
경주 여행,안압지,NNP
경주 여행,야경,NNG
경주 여행,해외,NNG
경주 여행,이야기,NNG
경주 여행,후기,NNG
경주 여행,동궁,NNG
경주 여행,월지,NNG
경주 여행,안압지,NNP
경주 여행,야경,NNG
경주 여행,훌리아,NNP
경주 여행,여름,NNG
경주 여행,사진,NNG
경주 여행,보관,NNG
경주 여행,구독,NNG
경주 여행,해외,NNG
경주 여행,이야기,NNG
경주 여행,후기,NNG
경주 여행,일요일,NNG
경주 여행,오전,NNG
경주 여행,오후,NNG
경주 여행,고향,NNG
경주 여행,친구,NNG
경주 여행,신라,NNP
경주 여행,대종,NNG
경주 여행,장맛비,NNG
경주 여행,시작,NNG
경주 여행,육월,NNP
경주 여행,중순,NNG
경주 여행,고향,NNG
경주 여행,친구,NNG
경주 여행,대릉원,NNG
경주 여행,돌담길,NNP
경주 여행,황리,NNG
경주 여행,이야기,NNG
경주 여행,계명,NNG
경주 여행,대학교,NNG
경주 여행,동산,NNG
경주 여행,병원,NNG
경주 여행,일자,NNG
경주 여행,인원,NNG
경주 여행,친구,NNG
경주 여행,시외버스,NNG
경주 여행,터미널,NNG
경주 여행,경북,NNP
경주 여행,노서동,NNP
경주 여행,전화,NNG
경주 여행,시외버스,NNG
경주 여행,터미널,NNG
경주 여행,알라딘,NNP
경주 여행,자평,NNG
경주 여행,일상,NNG
경주 여행,고고학,NNG
경주 여행,일상,NNG
경주 여행,고고학,NNG
경주 여행,개정,NNG
경주 여행,증보판,NNG
경주 여행,일상,NNG
경주 여행,고고학,NNG
경주 여행,시리즈,NNG
경주 여행,황윤,NNG
경주 여행,지음,NNG
경주 여행,고양이,NNG
경주 여행,길잡이,NNG
경주 여행,이해,NNG
경주 여행,코스,NNG
경주 여행,베스트,NNG
경주 여행,추천,NNG
경주 여행,코스,NNG
경주 여행,베스트,NNG
경주 여행,추천,NNG
경주 여행,코스,NNG
경주 여행,베스트,NNG
경주 여행,추천,NNG
경주 여행,소개,NNG
경주 여행,황리,NNG
경주 여행,상호,NNG
경주 여행,황리,NNG
경주 여행,주소,NNG
경주 여행,경상북도,NNP
경주 여행,황남동,NNP
경주 여행,전화,NNG
경주 여행,번호,NNG
경주 여행,입력,NNG
경주 여행,관련,NNG
경주 여행,키워드,NNP
경주 여행,키워드,NNP
경주 여행,코스,NNG
경주 여행,불국사,NNP
경주 여행,석굴암,NNG
경주 여행,중교,NNG
경주 여행,서울,NNP
경주 여행,불국사,NNP
경주 여행,불국사,NNP
경주 여행,국보,NNG
경주 여행,다보탑,NNG
경주 여행,석가탑,NNG
경주 여행,석굴암,NNG
경주 여행,입장료,NNG
경주 여행,불국사,NNG
경주 여행,스탬프,NNG
경주 여행,투어,NNG
경주 여행,이야기,NNG
경주 여행,불국사,NNP
경주 여행,석굴암,NNG
경주 여행,경북,NNP
경주 여행,스탬프,NNG
경주 여행,투어,NNG
경주 여행,가을,NNG
경주 여행,불국사,NNG
경주 여행,석굴암,NNG
경주 여행,동리,NNG
경주 여행,문학관,NNG
경주 여행,구경,NNG
경주 여행,다음,NNG
경주 여행,장소,NNG
경주 여행,핵심,NNG
경주 여행,메카,NNP
경주 여행,불국사,NNP
경주 여행,석굴암,NNG
경주 여행,황리,NNG
경주 여행,한옥,NNG
경주 여행,카페,NNG
경주 여행,추천,NNG
경주 여행,카페,NNP
경주 여행,아덴,NNP
경주 여행,카페,NNP
경주 여행,아덴,NNP
경주 여행,위치,NNG
경주 여행,경북,NNP
경주 여행,사정,NNG
경주 여행,운영,NNG
경주 여행,시간,NNG
경주 여행,실시간,NNG
경주 여행,예보,NNG
경주 여행,커피,NNG
경주 여행,아덴,NNP
경주 여행,시그,NNP
경주 여행,알라딘,NNP
경주 여행,자평,NNG
경주 여행,일상,NNG
경주 여행,고고학,NNG
경주 여행,일상,NNG
경주 여행,고고학,NNG
경주 여행,개정,NNG
경주 여행,증보판,NNG
경주 여행,일상,NNG
경주 여행,고고학,NNG
경주 여행,시리즈,NNG
경주 여행,황윤,NNG
경주 여행,지음,NNG
경주 여행,고양이,NNG
경주 여행,평점,NNG
경주 여행,기대,NNG
경주 여행,알라딘,NNP
경주 여행,서재,NNP
경주 여행,필수,NNG
경주 여행,필요,NNG
경주 여행,지식,NNG
경주 여행,설명,NNG
경주 여행,이해,NNG
경주 여행,사진,NNG
경주 여행,정보,NNG
경주 여행,서울,NNP
경주 여행,역사,NNG
경주 여행,한옥,NNG
경주 여행,독서,NNG
경주 여행,모임,NNG
경주 여행,주문,NNG
경주 여행,역사,NNG
경주 여행,예정,NNG
경주 여행,대릉원,NNG
경주 여행,대릉원,NNG
경주 여행,담장,NNG
경주 여행,이번,NNG
경주 여행,가을,NNG
경주 여행,만끽,NNG
경주 여행,컨셉,NNG
경주 여행,가을,NNG
경주 여행,분위기,NNG
경주 여행,고조,NNG
경주 여행,벚나무,NNG
경주 여행,좌우,NNG
경주 여행,슈만,NNP
경주 여행,클라라,NNP
경주 여행,도착,NNG
경주 여행,슈만,NNP
경주 여행,클라라,NNP
경주 여행,위치,NNG
경주 여행,요기,NP
경주 여행,여기,NP
경주 여행,버스,NNG
경주 여행,버스,NNG
경주 여행,택시,NNG
경주 여행,다음,NNG
경주 여행,문제,NNG
경주 여행,봄꽃,NNG
경주 여행,마지막,NNG
경주 여행,월요일,NNG
경주 여행,벚꽃,NNG
경주 여행,상춘객,NNG
경주 여행,점심,NNG
경주 여행,집사람,NNG
경주 여행,국도,NNG
경주 여행,곳곳,NNG
경주 여행,벚꽃,NNG
경주 여행,자랑,NNG
경주 여행,열중,NNG
경주 여행,황리,NNG
경주 여행,맛집,NNG
경주 여행,여도,NNG
경주 여행,영업,NNG
경주 여행,종료,NNG
경주 여행,오늘,NNG
경주 여행,맛집,NNG
경주 여행,황리,NNG
경주 여행,맛집,NNG
경주 여행,여주,NNG
경주 여행,이야기,NNG
경주 여행,여도,NNG
경주 여행,저희,NP
경주 여행,기록,NNG
경주 여행,포스팅,NNP
경주 여행,진행,NNG
경주 여행,참고,NNG
경주 여행,한옥,NNP
경주 여행,외관,NNG
경주 여행,눈길,NNG
경주 여행,황리,NNG
경주 여행,주전부리,NNG
경주 여행,황금,NNG
경주 여행,황남,NNG
경주 여행,옥수수,NNG
경주 여행,청년,NNG
경주 여행,분식,NNG
경주 여행,황리,NNG
경주 여행,주전부리,NNG
경주 여행,저녁,NNG
경주 여행,황리,NNG
경주 여행,주전부리,NNG
경주 여행,결론,NNG
경주 여행,청년,NNG
경주 여행,분식,NNG
경주 여행,황남,NNG
경주 여행,옥수수,NNG
경주 여행,청년,NNG
경주 여행,분식,NNG
경주 여행,쥬얼,NNP
경주 여행,유혹,NNG
경주 여행,성동,NNG
경주 여행,시장,NNG
경주 여행,구경,NNG
경주 여행,가을,NNG
경주 여행,기차,NNG
경주 여행,피날레,NNG
경주 여행,가을,NNG
경주 여행,기차,NNG
경주 여행,단풍,NNG
경주 여행,은행,NNG
경주 여행,낙엽,NNG
경주 여행,언니,NNG
경주 여행,수고,NNG
경주 여행,숙소,NNG
경주 여행,변경,NNG
경주 여행,지도자,NNG
경주 여행,언니,NNG
경주 여행,첨성대,NNG
경주 여행,대릉원,NNG
경주 여행,주차,NNG
경주 여행,주차장,NNG
경주 여행,대릉원,NNG
경주 여행,주차장,NNG
경주 여행,여기,NP
경주 여행,매표,NNG
경주 여행,혼자,NNG
경주 여행,필요,NNG
경주 여행,드라이브,NNG
경주 여행,그곳,NP
경주 여행,첨성대,NNG
경주 여행,마지막,NNG
경주 여행,선물,NNG
경주 여행,눈발,NNG
경주 여행,시작,NNG
경주 여행,세상,NNG
경주 여행,눈길,NNG
경주 여행,산책,NNG
경주 여행,불국사,NNP
경주 여행,기차,NNG
경주 여행,마무리,NNG
경주 여행,하늘,NNG
경주 여행,야경,NNG
경주 여행,매력,NNG
경주 여행,정교,NNG
경주 여행,분위기,NNG
경주 여행,저녁,NNG
경주 여행,정교,NNG
경주 여행,방문,NNG
경주 여행,추천,NNG
경주 여행,정교,NNG
경주 여행,사진,NNG
경주 여행,정교,NNG
경주 여행,야경,NNG
경주 여행,마지막,NNG
경주 여행,여기,NP
경주 여행,신라,NNP
경주 여행,신라,NNP
경주 여행,해장국,NNG
경주 여행,황남,NNG
경주 여행,맷돌,NNG
경주 여행,순두부,NNG
경주 여행,두부,NNG
경주 여행,보쌈,NNG
경주 여행,제육,NNG
경주 여행,순두부찌개,NNG
경주 여행,황남,NNG
경주 여행,맷돌,NNG
경주 여행,순두부,NNG
경주 여행,영업시간,NNG
경주 여행,황리,NNG
경주 여행,시작,NNG
경주 여행,밥집,NNG
경주 여행,영업,NNG
경주 여행,마감,NNG
경주 여행,고기,NNG
경주 여행,두부,NNG
경주 여행,순두부찌개,NNG
경주 여행,호랑이,NNG
경주 여행,막걸리,NNG
경주 여행,울주,NNP
경주 여행,새벽,NNG
경주 여행,하늘,NNG
경주 여행,예쁘다,NNP
경주 여행,월드,NNG
경주 여행,판다,NNG
경주 여행,점심,NNG
경주 여행,친절,NNG
경주 여행,떡갈비,NNG
경주 여행,계란찜,NNG
경주 여행,풍경,NNG
경주 여행,행복,NNG
경주 여행,울주,NNP
경주 여행,서출지,NNG
경주 여행,날씨,NNG
경주 여행,촬영,NNG
경주 여행,사진가,NNG
경주 여행,미안,NNG
경주 여행,생각,NNG
경주 여행,날씨,NNG
경주 여행,촬영,NNG
경주 여행,대작,NNG
경주 여행,알라딘,NNP
경주 여행,자평,NNG
경주 여행,우리,NP
경주 여행,우리,NP
경주 여행,세계,NNG
경주 여행,문화유산,NNG
경주 여행,개정판,NNG
경주 여행,답사,NNG
경주 여행,역사,NNG
경주 여행,박광일,NNP
경주 여행,전향,NNG
경주 여행,이야기,NNG
경주 여행,기획,NNG
경주 여행,성당,NNG
경주 여행,평점,NNG
경주 여행,초등,NNG
경주 여행,학교,NNG
경주 여행,학생,NNG
경주 여행,수학,NNG
경주 여행,알라딘,NNP
경주 여행,자평,NNG
경주 여행,일상,NNG
경주 여행,고고학,NNG
경주 여행,일상,NNG
경주 여행,고고학,NNG
경주 여행,개정,NNG
경주 여행,증보판,NNG
경주 여행,일상,NNG
경주 여행,고고학,NNG
경주 여행,시리즈,NNG
경주 여행,황윤,NNG
경주 여행,지음,NNG
경주 여행,고양이,NNG
경주 여행,타임캡슐,NNG
경주 여행,신라,NNG
경주 여행,특별,NNG
경주 여행,시간,NNG
경주 여행,오늘,NNG
경주 여행,날씨,NNG
경주 여행,마을,NNG
경주 여행,식당,NNG
경주 여행,양념,NNG
경주 여행,게장,NNG
경주 여행,점심,NNG
경주 여행,힐튼,NNP
경주 여행,호텔,NNG
경주 여행,커피,NNG
경주 여행,한잔,NNG
경주 여행,보문,NNG
경주 여행,나무,NNG
경주 여행,감상,NNG
경주 여행,커피,NNG
경주 여행,한잔,NNG
경주 여행,스콘,NNP
경주 여행,행복,NNG
경주 여행,월드,NNG
경주 여행,관람,NNG
경주 여행,압지,NNG
경주 여행,야경,NNG
경주 여행,투어,NNG
경주 여행,방문,NNG
경주 여행,보름달,NNG
경주 여행,하늘,NNG
경주 여행,황청,NNG
경주 여행,연못,NNG
경주 여행,야경,NNG
경주 여행,야경,NNG
경주 여행,이곳,NP
경주 여행,압지,NNG
경주 여행,알라딘,NNP
경주 여행,자평,NNG
경주 여행,우리,NP
경주 여행,우리,NP
경주 여행,신라,NNG
경주 여행,답사,NNG
경주 여행,역사,NNG
경주 여행,박광일,NNP
경주 여행,평점,NNG
경주 여행,구판,NNG
경주 여행,절판,NNG
경주 여행,아이,NNG
경주 여행,눈높이,NNG
경주 여행,알라딘,NNP
경주 여행,자평,NNG
경주 여행,일상,NNG
경주 여행,고고학,NNG
경주 여행,일상,NNG
경주 여행,고고학,NNG
경주 여행,개정,NNG
경주 여행,증보판,NNG
경주 여행,일상,NNG
경주 여행,고고학,NNG
경주 여행,시리즈,NNG
경주 여행,황윤,NNG
경주 여행,지음,NNG
경주 여행,고양이,NNG
경주 여행,평점,NNG
경주 여행,유익,NNG
경주 여행,알라딘,NNP
경주 여행,역사,NNG
경주 여행,관심,NNG
경주 여행,시작,NNG
경주 여행,생각,NNG
경주 여행,마음,NNG
경주 여행,기억,NNG
경주 여행,아이,NNG
경주 여행,신라,NNG
경주 여행,동안,NNG
경주 여행,내용,NNG
경주 여행,생각,NNG
경주 여행,유적지,NNG
경주 여행,매화,NNG
경주 여행,산수유,NNG
경주 여행,만발,NNG
경주 여행,보문,NNG
경주 여행,호수,NNG
경주 여행,산책,NNG
경주 여행,행복,NNG
경주 여행,마무리,NNG
경주 여행,알라딘,NNP
경주 여행,자평,NNG
경주 여행,일상,NNG
경주 여행,고고학,NNG
경주 여행,일상,NNG
경주 여행,고고학,NNG
경주 여행,일상,NNG
경주 여행,시리즈,NNG
경주 여행,황윤,NNG
경주 여행,지음,NNG
경주 여행,고양이,NNG
경주 여행,평점,NNG
경주 여행,마니아,NNG
경주 여행,탐방기,NNG
경주 여행,설명,NNG
경주 여행,알라딘,NNP
경주 여행,자평,NNG
경주 여행,일상,NNG
경주 여행,고고학,NNG
경주 여행,일상,NNG
경주 여행,고고학,NNG
경주 여행,개정,NNG
경주 여행,증보판,NNG
경주 여행,일상,NNG
경주 여행,고고학,NNG
경주 여행,시리즈,NNG
경주 여행,황윤,NNG
경주 여행,지음,NNG
경주 여행,고양이,NNG
경주 여행,평점,NNG
경주 여행,풍경,NNG
경주 여행,고고학,NNG
경주 여행,우리,NP
경주 여행,지적,NNG
경주 여행,힐링,NNG
경주 여행,주상,NNG
경주 여행,절리,NNG
경주 여행,스탬프,NNG
경주 여행,투어,NNG
경주 여행,목적지,NNG
경주 여행,주상,NNG
경주 여행,스탬프,NNG
경주 여행,투어,NNG
경주 여행,주상,NNG
경주 여행,절리,NNG
경주 여행,해변,NNG
경주 여행,둘레길,NNP
경주 여행,주상,NNG
경주 여행,절리,NNG
경주 여행,파도,NNG
경주 여행,소리,NNG
경주 여행,시작,NNG
경주 여행,오랫만,NNG
경주 여행,밤잠,NNG
경주 여행,시계,NNG
경주 여행,시간,NNG
경주 여행,불국사,NNP
경주 여행,황남빵,NNP
경주 여행,교리,NNG
경주 여행,김밥,NNG
경주 여행,내소,NNG
경주 여행,불국사,NNP
경주 여행,황남빵,NNP
경주 여행,교리,NNG
경주 여행,김밥,NNG
경주 여행,산내,NNG
경주 여행,소고기,NNG
경주 여행,울산,NNP
경주 여행,후배,NNG
경주 여행,울산,NNP
경주 여행,불국사,NNG
경주 여행,천마총,NNG
경주 여행,첨성대,NNG
경주 여행,나무,NNG
경주 여행,그늘,NNG
경주 여행,내부,NNG
경주 여행,전경,NNG
경주 여행,알라딘,NNP
경주 여행,자평,NNG
경주 여행,일상,NNG
경주 여행,고고학,NNG
경주 여행,개정,NNG
경주 여행,증보판,NNG
경주 여행,일상,NNG
경주 여행,고고학,NNG
경주 여행,시리즈,NNG
경주 여행,황윤,NNG
경주 여행,지음,NNG
경주 여행,고양이,NNG
경주 여행,평점,NNG
경주 여행,학교,NNG
경주 여행,공부,NNG
경주 여행,느낌,NNG
경주 여행,가보세요,NNG
경주 여행,알라딘,NNP
경주 여행,자평,NNG
경주 여행,일상,NNG
경주 여행,고고학,NNG
경주 여행,혼자,NNG
경주 여행,개정,NNG
경주 여행,증보판,NNG
경주 여행,일상,NNG
경주 여행,고고학,NNG
경주 여행,시리즈,NNG
경주 여행,황윤,NNG
경주 여행,지음,NNG
경주 여행,고양이,NNG
경주 여행,평점,NNG
경주 여행,이야기,NNG
경주 여행,작가,NNG
경주 여행,혼자,NNG
경주 여행,기대,NNG
경주 여행,매화꽃,NNG
경주 여행,산수유,NNG
경주 여행,날씨,NNG
경주 여행,바람,NNG
경주 여행,햇살,NNG
경주 여행,점심,NNG
경주 여행,황룡,NNG
경주 여행,동국,NNG
경주 여행,재단,NNG
경주 여행,운영,NNG
경주 여행,연수원,NNG
경주 여행,맷돌,NNG
경주 여행,순부,NNG
경주 여행,옆집,NNG
경주 여행,정화,NNG
경주 여행,송이,NNG
경주 여행,순두부,NNG
경주 여행,맛집,NNG
경주 여행,옆집,NNG
경주 여행,가격,NNG
경주 여행,기본,NNG
경주 여행,반찬,NNG
경주 여행,생선,NNG
경주 여행,구이,NNG
경주 여행,후배,NNG
경주 여행,순두부,NNG
경주 여행,순두부,NNG
경주 여행,파전,NNG
경주 여행,주문,NNG
경주 여행,새송이,NNP
경주 여행,탁주,NNG
경주 여행,주문,NNG
경주 여행,낮술,NNG
경주 여행,남산,NNP
경주 여행,칠불암,NNG
경주 여행,케이트,NNP
경주 여행,진입,NNG
경주 여행,서라벌,NNP
경주 여행,휴게소,NNG
경주 여행,통일전,NNP
경주 여행,주차장,NNG
경주 여행,주차,NNG
경주 여행,염불,NNG
경주 여행,사지,NNG
경주 여행,삼층석탑,NNP
경주 여행,주차,NNG
경주 여행,여기,NP
경주 여행,도착,NNG
경주 여행,주차,NNG
경주 여행,아침,NNG
경주 여행,알라딘,NNP
경주 여행,자평,NNG
경주 여행,일상,NNG
경주 여행,고고학,NNG
경주 여행,일상,NNG
경주 여행,고고학,NNG
경주 여행,개정,NNG
경주 여행,증보판,NNG
경주 여행,일상,NNG
경주 여행,고고학,NNG
경주 여행,시리즈,NNG
경주 여행,황윤,NNG
경주 여행,지음,NNG
경주 여행,고양이,NNG
경주 여행,평점,NNG
경주 여행,마음,NNG
경주 여행,중학교,NNG
경주 여행,수학,NNG
경주 여행,국내,NNG
경주 여행,사진,NNG
경주 여행,국내,NNG
경주 여행,테마,NNG
경주 여행,벚꽃,NNG
경주 여행,시기,NNG
경주 여행,아쉬움,NNG
경주 여행,대능원,NNP
경주 여행,출입문,NNG
경주 여행,능원,NNG
경주 여행,소나무,NNG
경주 여행,천마총,NNG
경주 여행,안압지,NNP
경주 여행,분황사,NNG
경주 여행,모전,NNG
경주 여행,석탑,NNG
경주 여행,원래,NNG
경주 여행,힐튼,NNP
경주 여행,호텔,NNG
경주 여행,한국,NNP
경주 여행,서울,NNP
경주 여행,호텔,NNG
경주 여행,체인,NNG
경주 여행,이상,NNG
경주 여행,두산,NNP
경주 여행,참고,NNG
경주 여행,미국,NNP
경주 여행,모델,NNG
경주 여행,손님,NNG
경주 여행,배려,NNG
경주 여행,호텔,NNG
경주 여행,토함산,NNP
경주 여행,단풍,NNG
경주 여행,터널,NNG
경주 여행,자연,NNG
경주 여행,수채화,NNG
경주 여행,단풍,NNG
경주 여행,숲길,NNG
경주 여행,불국사,NNP
경주 여행,석굴암,NNG
경주 여행,토함산,NNP
경주 여행,숲길,NNG
경주 여행,월산,NNG
경주 여행,고갯길,NNG
경주 여행,신라,NNP
경주 여행,역사,NNG
경주 여행,시내,NNG
경주 여행,배롱나무,NNG
경주 여행,첨성대,NNG
경주 여행,야경,NNG
경주 여행,수학,NNG
경주 여행,사람,NNG
경주 여행,자녀,NNG
경주 여행,역사,NNG
경주 여행,유적,NNG
경주 여행,답사,NNG
경주 여행,동행,NNG
경주 여행,생각,NNG
경주 여행,국내,NNG
경주 여행,특징,NNG
경주 여행,평온,NNG
경주 여행,자연,NNG
경주 여행,황리,NNG
경주 여행,카페,NNG
경주 여행,카페,NNG
경주 여행,카페,NNG
경주 여행,황리,NNG
경주 여행,거리,NNG
경주 여행,위치,NNG
경주 여행,거리,NNG
경주 여행,인테리어,NNG
경주 여행,눈길,NNG
경주 여행,카페,NNG
경주 여행,황리,NNG
경주 여행,카페,NNG
경주 여행,카페,NNG
경주 여행,날씨,NNG
경주 여행,경북,NNP
경주 여행,국밥,NNG
경주 여행,맛집,NNG
경주 여행,보문,NNG
경주 여행,경북,NNP
경주 여행,교촌,NNP
경주 여행,마을,NNG
경주 여행,교촌,NNG
경주 여행,보관,NNG
경주 여행,아이,NNG
경주 여행,가족,NNG
경주 여행,가족,NNG
경주 여행,기록,NNG
경주 여행,오늘,NNG
경주 여행,가족,NNG
경주 여행,모임,NNG
경주 여행,경북,NNP
경주 여행,불국사역,NNP
경주 여행,동대구,NNG
경주 여행,기차,NNG
경주 여행,무궁화호,NNP
경주 여행,시간,NNG
경주 여행,시외,NNG
경주 여행,고속,NNG
경주 여행,버스,NNG
경주 여행,터미널,NNG
경주 여행,거리,NNG
경주 여행,어디,NP
경주 여행,대중,NNG
경주 여행,교통,NNG
경주 여행,종류,NNG
경주 여행,서울,NNP
경주 여행,대전,NNP
경주 여행,이상,NNG
경주 여행,코스,NNG
경주 여행,알라딘,NNP
경주 여행,자평,NNG
경주 여행,일상,NNG
경주 여행,고고학,NNG
경주 여행,지음,NNG
경주 여행,고양이,NNG
경주 여행,평점,NNG
경주 여행,도시,NNG
경주 여행,시간,NNG
경주 여행,기분,NNG
경주 여행,행복,NNG
경주 여행,코로나,NNP
경주 여행,하늘,NNG
경주 여행,구름,NNG
경주 여행,고속도로,NNP
경주 여행,오늘,NNG
경주 여행,힐링,NNG
경주 여행,산송,NNG
경주 여행,한우구,NNP
경주 여행,언양,NNP
경주 여행,불고기,NNG
경주 여행,더덕구이,NNG
경주 여행,라떼,NNG
경주 여행,한잔,NNG
경주 여행,노천온천,NNP
경주 여행,하늘,NNG
경주 여행,알라딘,NNP
경주 여행,자평,NNG
경주 여행,일상,NNG
경주 여행,고고학,NNG
경주 여행,평점,NNG
경주 여행,가을,NNG
경주 여행,실천,NNG
경주 여행,사람,NNG
경주 여행,기대,NNG
경주 여행,알라딘,NNP
경주 여행,자평,NNG
경주 여행,일상,NNG
경주 여행,고고학,NNG
경주 여행,일상,NNG
경주 여행,고고학,NNG
경주 여행,개정,NNG
경주 여행,증보판,NNG
경주 여행,일상,NNG
경주 여행,고고학,NNG
경주 여행,시리즈,NNG
경주 여행,황윤,NNG
경주 여행,지음,NNG
경주 여행,고양이,NNG
경주 여행,평점,NNG
경주 여행,구경,NNG
경주 여행,코로나,NNP
경주 여행,알라딘,NNP
경주 여행,자평,NNG
경주 여행,일상,NNG
경주 여행,고고학,NNG
경주 여행,일상,NNG
경주 여행,고고학,NNG
경주 여행,개정,NNG
경주 여행,증보판,NNG
경주 여행,일상,NNG
경주 여행,고고학,NNG
경주 여행,시리즈,NNG
경주 여행,황윤,NNG
경주 여행,지음,NNG
경주 여행,고양이,NNG
경주 여행,평점,NNG
경주 여행,수학,NNG
경주 여행,이후,NNG
경주 여행,생각,NNG
경주 여행,나정,NNG
경주 여행,맛집,NNG
경주 여행,나정,NNG
경주 여행,라면,NNG
경주 여행,맛집,NNG
경주 여행,에도,NNP
경주 여행,바다,NNG
경주 여행,나정,NNG
경주 여행,스토리,NNG
경주 여행,에도,NNP
경주 여행,바다,NNG
경주 여행,사실,NNG
경주 여행,아시나,NNP
경주 여행,바다,NNG
경주 여행,남편,NNG
경주 여행,역사,NNG
경주 여행,유적지,NNG
경주 여행,가을,NNG
경주 여행,도착,NNG
경주 여행,오늘,NNG
경주 여행,작년,NNG
경주 여행,여름,NNG
경주 여행,코스,NNG
경주 여행,서출지,NNG
경주 여행,통일전,NNP
경주 여행,산림,NNG
경주 여행,연구원,NNG
경주 여행,핑크,NNG
경주 여행,첨성대,NNG
경주 여행,주변,NNG
경주 여행,황리,NNG
경주 여행,구경,NNG
경주 여행,점심,NNG
경주 여행,커피,NNG
경주 여행,조금,NNG
경주 여행,가을,NNG
경주 여행,알라딘,NNP
경주 여행,자평,NNG
경주 여행,일상,NNG
경주 여행,고고학,NNG
경주 여행,일상,NNG
경주 여행,고고학,NNG
경주 여행,개정,NNG
경주 여행,증보판,NNG
경주 여행,일상,NNG
경주 여행,고고학,NNG
경주 여행,시리즈,NNG
경주 여행,황윤,NNG
경주 여행,지음,NNG
경주 여행,고양이,NNG
경주 여행,평점,NNG
경주 여행,수학,NNG
경주 여행,역사,NNG
경주 여행,의미,NNG
경주 여행,이제,NNG
경주 여행,풍경,NNG
경주 여행,알라딘,NNP
경주 여행,자평,NNG
경주 여행,일상,NNG
경주 여행,고고학,NNG
경주 여행,출간,NNG
경주 여행,일상,NNG
경주 여행,고고학,NNG
경주 여행,혼자,NNG
경주 여행,백제,NNG
경주 여행,이번,NNG
경주 여행,전작,NNG
경주 여행,백제,NNG
경주 여행,만족,NNG
경주 여행,이번,NNG
경주 여행,탑승,NNG
전주 여행,동궁,NNG
전주 여행,월지,NNG
전주 여행,첨성대,NNG
전주 여행,야경,NNG
전주 여행,연꽃,NNG
전주 여행,분황사,NNG
전주 여행,방문,NNG
전주 여행,이웃,NNG
전주 여행,지난주,NNG
전주 여행,예전,NNG
전주 여행,사진,NNG
전주 여행,경북,NNP
전주 여행,천문,NNG
전주 여행,기상,NNG
전주 여행,관측대,NNG
전주 여행,첨성대,NNG
전주 여행,일자,NNG
전주 여행,인원,NNG
전주 여행,친구,NNG
전주 여행,첨성대,NNG
전주 여행,경북,NNP
전주 여행,인왕동,NNP
전주 여행,전화,NNG
전주 여행,첨성대,NNG
전주 여행,관람료,NNG
전주 여행,무료,NNG
전주 여행,경북,NNP
전주 여행,이야기,NNG
전주 여행,첨성대,NNG
전주 여행,대릉원,NNG
전주 여행,야경,NNG
전주 여행,데이,NNG
전주 여행,택시,NNG
전주 여행,투어,NNG
전주 여행,감사,NNG
전주 여행,구매,NNG
전주 여행,플레이스,NNG
전주 여행,데이,NNG
전주 여행,택시,NNG
전주 여행,투어,NNG
전주 여행,돌고래,NNG
전주 여행,돌핀,NNG
전주 여행,스토어,NNG
전주 여행,플레이스,NNG
전주 여행,데이,NNG
전주 여행,택시,NNG
전주 여행,투어,NNG
전주 여행,패밀리,NNG
전주 여행,일상,NNG
전주 여행,오늘,NNG
전주 여행,목적지,NNG
전주 여행,회사,NNG
전주 여행,제휴,NNG
전주 여행,숙소,NNG
전주 여행,예약,NNG
전주 여행,도착,NNG
전주 여행,우리,NP
전주 여행,가족,NNG
전주 여행,국수집,NNG
전주 여행,와이프,NNG
전주 여행,검색,NNG
전주 여행,갈비,NNG
전주 여행,국수,NNG
전주 여행,경북,NNP
전주 여행,불국사,NNG
전주 여행,겹벚꽃,NNG
전주 여행,벚꽃,NNG
전주 여행,벚꽃,NNG
전주 여행,고수,NNG
전주 여행,티켓,NNG
전주 여행,예약,NNG
전주 여행,지역,NNG
전주 여행,벚꽃,NNG
전주 여행,불국사,NNG
전주 여행,겹벚꽃,NNG
전주 여행,불국사,NNP
전주 여행,입구,NNG
전주 여행,보문,NNG
전주 여행,벚꽃,NNG
전주 여행,보문호,NNP
전주 여행,선사,NNG
전주 여행,최적,NNG
전주 여행,지이,NNG
전주 여행,도로,NNG
전주 여행,꽃길,NNG
전주 여행,시각,NNG
전주 여행,힐링,NNG
전주 여행,만개,NNG
전주 여행,경관,NNG
전주 여행,보문,NNG
전주 여행,단지,NNG
전주 여행,시가지,NNG
전주 여행,동쪽,NNG
전주 여행,정도,NNG
전주 여행,활산,NNP
전주 여행,성터,NNG
전주 여행,경북,NNP
전주 여행,목련,NNG
전주 여행,대릉원,NNG
전주 여행,목련,NNG
전주 여행,풍경,NNG
전주 여행,최근,NNG
전주 여행,코스,NNG
전주 여행,야경,NNG
전주 여행,연인,NNG
전주 여행,당신,NP
전주 여행,야경,NNG
전주 여행,투어,NNG
전주 여행,코스,NNG
전주 여행,소개,NNG
전주 여행,준비,NNG
전주 여행,세계,NNG
전주 여행,문화유산,NNG
전주 여행,양동,NNP
전주 여행,마을,NNG
전주 여행,시간,NNG
전주 여행,조상,NNG
전주 여행,모습,NNG
전주 여행,간직,NNG
전주 여행,숨결,NNG
전주 여행,양동,NNP
전주 여행,마을,NNG
전주 여행,제격,NNG
전주 여행,경상북도,NNP
전주 여행,강동면,NNP
전주 여행,양동,NNP
전주 여행,마을,NNG
전주 여행,지번,NNG
전주 여행,경상북도,NNP
전주 여행,강동면,NNP
전주 여행,경북,NNP
전주 여행,다리,NNG
전주 여행,정교,NNG
전주 여행,교촌,NNG
전주 여행,마을,NNG
전주 여행,도착,NNG
전주 여행,행사,NNG
전주 여행,최근,NNG
전주 여행,연인,NNG
전주 여행,당신,NP
전주 여행,야경,NNG
전주 여행,투어,NNG
전주 여행,코스,NNG
전주 여행,소개,NNG
전주 여행,준비,NNG
전주 여행,야경,NNG
전주 여행,안압지,NNP
전주 여행,첨성대,NNG
전주 여행,관광지,NNG
전주 여행,첨성대,NNG
전주 여행,첨성대,NNG
전주 여행,신라,NNP
전주 여행,시대,NNG
전주 여행,관측,NNG
전주 여행,최근,NNG
전주 여행,코스,NNG
전주 여행,야경,NNG
전주 여행,사람,NNG
전주 여행,지인,NNG
전주 여행,경험,NNG
전주 여행,생각,NNG
전주 여행,주목,NNG
전주 여행,장소,NNG
전주 여행,정리,NNG
전주 여행,산사,NNG
전주 여행,옥천사,NNG
전주 여행,수학,NNG
전주 여행,성지,NNG
전주 여행,역사,NNG
전주 여행,탐방,NNG
전주 여행,중심지,NNG
전주 여행,주변,NNG
전주 여행,아기,NNG
전주 여행,후기,NNG
전주 여행,정글,NNG
전주 여행,법칙,NNG
전주 여행,미디어,NNG
전주 여행,파크,NNG
전주 여행,버드,NNP
전주 여행,파크,NNG
전주 여행,일정,NNG
전주 여행,버드,NNP
전주 여행,파크,NNG
전주 여행,위치,NNG
전주 여행,경북,NNP
전주 여행,보문,NNG
전주 여행,북군동,NNP
전주 여행,전화,NNG
전주 여행,운영,NNG
전주 여행,시간,NNG
전주 여행,입장료,NNG
전주 여행,대인,NNG
전주 여행,소인,NNG
전주 여행,울산,NNP
전주 여행,동궁,NNG
전주 여행,월지,NNG
전주 여행,누리,NNG
전주 여행,정원,NNG
전주 여행,성호,NNG
전주 여행,리조트,NNG
전주 여행,장생포,NNG
전주 여행,고래,NNG
전주 여행,문화,NNG
전주 여행,특구,NNP
전주 여행,이름,NNG
전주 여행,고래,NNG
전주 여행,주제,NNG
전주 여행,관광지,NNG
전주 여행,형성,NNG
전주 여행,박물관,NNG
전주 여행,생태,NNG
전주 여행,국내,NNG
전주 여행,울산,NNP
전주 여행,루비,NNG
전주 여행,정원,NNG
전주 여행,연휴,NNG
전주 여행,시작,NNG
전주 여행,신청,NNG
전주 여행,센터,NNG
전주 여행,부지,NNG
전주 여행,자리,NNG
전주 여행,역사,NNG
전주 여행,마당,NNG
전주 여행,연휴,NNG
전주 여행,계획,NNG
전주 여행,이용,NNG
전주 여행,루비,NNG
전주 여행,출장,NNG
전주 여행,조식,NNG
전주 여행,제공,NNG
전주 여행,에이치,NNG
전주 여행,비뉴,NNG
전주 여행,호텔,NNG
전주 여행,불국사,NNP
전주 여행,도보,NNG
전주 여행,거리,NNG
전주 여행,피로,NNG
전주 여행,조금,NNG
전주 여행,아침,NNG
전주 여행,불국사,NNG
전주 여행,방문,NNG
전주 여행,고요,NNG
전주 여행,분위기,NNG
전주 여행,산책,NNG
전주 여행,최적,NNG
전주 여행,위치,NNG
전주 여행,스테이,NNG
전주 여행,알라딘,NNP
전주 여행,자평,NNG
전주 여행,일상,NNG
전주 여행,고고학,NNG
전주 여행,일상,NNG
전주 여행,고고학,NNG
전주 여행,개정,NNG
전주 여행,증보판,NNG
전주 여행,일상,NNG
전주 여행,고고학,NNG
전주 여행,시리즈,NNG
전주 여행,황윤,NNG
전주 여행,지음,NNG
전주 여행,고양이,NNG
전주 여행,평점,NNG
전주 여행,역사,NNG
전주 여행,사랑,NNG
전주 여행,사람,NNG
전주 여행,사랑,NNG
전주 여행,평화,NNG
전주 여행,강릉,NNP
전주 여행,서나,NNG
전주 여행,강릉,NNP
전주 여행,한옥,NNG
전주 여행,숙소,NNG
전주 여행,소설,NNG
전주 여행,첨성,NNG
전주 여행,대점,NNG
전주 여행,비향,NNP
전주 여행,한옥,NNG
전주 여행,숙소,NNG
전주 여행,이름,NNG
전주 여행,소설,NNG
전주 여행,첨성,NNG
전주 여행,대점,NNG
전주 여행,첨성대,NNG
전주 여행,첨성,NNG
전주 여행,대점,NNG
전주 여행,한옥,NNG
전주 여행,소설,NNG
전주 여행,인기,NNG
전주 여행,주말,NNG
전주 여행,알라딘,NNP
전주 여행,황금,NNG
전주 여행,호두,NNG
전주 여행,무웅,NNP
전주 여행,코스,NNG
전주 여행,느낌,NNG
전주 여행,느낌,NNG
전주 여행,신라,NNP
전주 여행,아이,NNG
전주 여행,티비,NNG
전주 여행,이동은,NNP
전주 여행,기차,NNG
전주 여행,자전거,NNG
전주 여행,도보,NNG
전주 여행,버스,NNG
전주 여행,투어,NNG
전주 여행,가능,NNG
전주 여행,코스,NNG
전주 여행,시내,NNG
전주 여행,천마총,NNG
전주 여행,왕릉,NNG
전주 여행,첨성대,NNG
전주 여행,계림,NNG
전주 여행,포석정,NNP
전주 여행,안압지,NNP
전주 여행,알라딘,NNP
전주 여행,자평,NNG
전주 여행,일상,NNG
전주 여행,고고학,NNG
전주 여행,일상,NNG
전주 여행,고고학,NNG
전주 여행,개정,NNG
전주 여행,증보판,NNG
전주 여행,일상,NNG
전주 여행,고고학,NNG
전주 여행,시리즈,NNG
전주 여행,황윤,NNG
전주 여행,지음,NNG
전주 여행,고양이,NNG
전주 여행,오랜만,NNG
전주 여행,저자,NNG
전주 여행,역사,NNG
전주 여행,느낌,NNG
전주 여행,감포,NNP
전주 여행,대말,NNG
전주 여행,체험,NNG
전주 여행,전시관,NNG
전주 여행,위치,NNG
전주 여행,경북,NNP
전주 여행,척사,NNG
전주 여행,운영,NNG
전주 여행,시간,NNG
전주 여행,연중무휴,NNG
전주 여행,대표,NNG
전주 여행,전화,NNG
전주 여행,입장료,NNG
전주 여행,무료,NNG
전주 여행,대말,NNG
전주 여행,체험,NNG
전주 여행,아이,NNG
전주 여행,점심,NNG
전주 여행,시간,NNG
전주 여행,운영,NNG
전주 여행,코스,NNG
전주 여행,읍천항,NNP
전주 여행,주상,NNG
전주 여행,절리,NNG
전주 여행,파도,NNG
전주 여행,소리,NNG
전주 여행,주상,NNG
전주 여행,절리,NNG
전주 여행,제주도,NNP
전주 여행,읍천항,NNP
전주 여행,코스,NNG
전주 여행,읍천항,NNP
전주 여행,자리,NNG
전주 여행,주상,NNG
전주 여행,절리,NNG
전주 여행,파도,NNG
전주 여행,소리,NNG
전주 여행,주차장,NNG
전주 여행,등대,NNG
전주 여행,교리,NNG
전주 여행,김밥,NNG
전주 여행,맛집,NNG
전주 여행,김밥,NNG
전주 여행,남산,NNG
전주 여행,등산,NNG
전주 여행,포함,NNG
전주 여행,당일,NNG
전주 여행,계획,NNG
전주 여행,코스,NNG
전주 여행,정도,NNG
전주 여행,생각,NNG
전주 여행,남산,NNG
전주 여행,놀부,NNG
전주 여행,보쌈,NNG
전주 여행,황오,NNP
전주 여행,배달,NNG
전주 여행,후기,NNG
전주 여행,숙소,NNG
전주 여행,황남,NNG
전주 여행,저녁,NNG
전주 여행,아이,NNG
전주 여행,배민,NNG
전주 여행,놀부,NNG
전주 여행,보쌈,NNG
전주 여행,검색,NNG
전주 여행,황오,NNP
전주 여행,배달,NNG
전주 여행,가능,NNG
전주 여행,저희,NP
전주 여행,황남,NNG
전주 여행,기차,NNG
전주 여행,일전,NNG
전주 여행,크리스마스,NNG
전주 여행,오늘,NNG
전주 여행,안녕,NNG
전주 여행,이번,NNG
전주 여행,컨셉,NNG
전주 여행,호텔,NNG
전주 여행,알라딘,NNP
전주 여행,서재,NNP
전주 여행,이야기,NNG
전주 여행,일상,NNG
전주 여행,고고학,NNG
전주 여행,무대,NNG
전주 여행,에세이,NNG
전주 여행,문화재,NNG
전주 여행,사전,NNG
전주 여행,지식,NNG
전주 여행,얼마,NNG
전주 여행,의미,NNG
전주 여행,알라딘,NNP
전주 여행,자평,NNG
전주 여행,일상,NNG
전주 여행,고고학,NNG
전주 여행,일상,NNG
전주 여행,고고학,NNG
전주 여행,개정,NNG
전주 여행,증보판,NNG
전주 여행,일상,NNG
전주 여행,고고학,NNG
전주 여행,시리즈,NNG
전주 여행,황윤,NNG
전주 여행,지음,NNG
전주 여행,고양이,NNG
전주 여행,이야기,NNG
전주 여행,호기심,NNG
전주 여행,알라딘,NNP
전주 여행,자평,NNG
전주 여행,일상,NNG
전주 여행,고고학,NNG
전주 여행,일상,NNG
전주 여행,고고학,NNG
전주 여행,개정,NNG
전주 여행,증보판,NNG
전주 여행,일상,NNG
전주 여행,고고학,NNG
전주 여행,시리즈,NNG
전주 여행,황윤,NNG
전주 여행,지음,NNG
전주 여행,고양이,NNG
전주 여행,평점,NNG
전주 여행,신라,NNP
전주 여행,마니아,NNG
전주 여행,기라,NNG
전주 여행,관심,NNG
전주 여행,가요,NNG
전주 여행,고고학,NNG
전주 여행,관점,NNG
전주 여행,석빙고,NNG
전주 여행,볼거리,NNG
전주 여행,근처,NNG
전주 여행,안압,NNG
전주 여행,볼거리,NNG
전주 여행,석빙고,NNG
전주 여행,이번,NNG
전주 여행,석빙고,NNG
전주 여행,석빙고,NNG
전주 여행,영조,NNG
전주 여행,일종,NNG
전주 여행,얼음,NNG
전주 여행,창고,NNG
전주 여행,근처,NNG
전주 여행,첨성대,NNG
전주 여행,가본,NNG
전주 여행,동궁,NNG
전주 여행,커피,NNG
전주 여행,열매,NNG
전주 여행,노천온천,NNP
전주 여행,행복,NNG
전주 여행,황리,NNG
전주 여행,보문,NNG
전주 여행,왕릉,NNG
전주 여행,탐방,NNG
전주 여행,데이트,NNG
전주 여행,코스,NNG
전주 여행,황리,NNG
전주 여행,마음,NNG
전주 여행,낭만,NNG
전주 여행,경상도,NNP
전주 여행,거리,NNG
전주 여행,유적지,NNG
전주 여행,한옥,NNG
전주 여행,고도,NNG
전주 여행,밀면,NNP
전주 여행,가격,NNG
전주 여행,비빔,NNG
전주 여행,떡갈비,NNG
전주 여행,밥상,NNG
전주 여행,육수,NNG
전주 여행,평가,NNG
전주 여행,입맛,NNG
전주 여행,취향,NNG
전주 여행,엑스,NNG
전주 여행,포대,NNG
전주 여행,공원,NNG
전주 여행,애벌레,NNG
전주 여행,보문호,NNP
전주 여행,주변,NNG
전주 여행,엑스,NNG
전주 여행,포대,NNG
전주 여행,공원,NNG
전주 여행,입장,NNG
전주 여행,엑스포,NNG
전주 여행,기념관,NNG
전주 여행,천마,NNG
전주 여행,궁전,NNG
전주 여행,타워,NNG
전주 여행,솔거,NNG
전주 여행,미술관,NNG
전주 여행,자연사,NNG
전주 여행,박물관,NNG
전주 여행,동방역,NNP
전주 여행,능소화,NNG
전주 여행,서출지,NNG
전주 여행,경북,NNP
전주 여행,산림,NNG
전주 여행,연구원,NNG
전주 여행,동방역,NNP
전주 여행,능소화,NNG
전주 여행,서출지,NNG
전주 여행,경북,NNP
전주 여행,산림,NNG
전주 여행,연구원,NNG
전주 여행,모녀,NNG
전주 여행,바보,NNG
전주 여행,블로그,NNG
전주 여행,모녀,NNG
전주 여행,첨성대,NNG
전주 여행,야생,NNG
전주 여행,계림,NNG
전주 여행,월지,NNG
전주 여행,안압지,NNP
전주 여행,계림,NNP
전주 여행,월지,NNP
전주 여행,안압지,NNP
전주 여행,야경,NNG
전주 여행,박물관,NNG
전주 여행,김유신,NNP
전주 여행,장군,NNG
전주 여행,석굴암,NNG
전주 여행,알라딘,NNP
전주 여행,자평,NNG
전주 여행,일상,NNG
전주 여행,고고학,NNG
전주 여행,일상,NNG
전주 여행,고고학,NNG
전주 여행,개정,NNG
전주 여행,증보판,NNG
전주 여행,일상,NNG
전주 여행,고고학,NNG
전주 여행,시리즈,NNG
전주 여행,황윤,NNG
전주 여행,지음,NNG
전주 여행,고양이,NNG
전주 여행,평점,NNG
전주 여행,삼국,NNG
전주 여행,시대,NNG
전주 여행,자료,NNG
전주 여행,섭렵,NNG
전주 여행,소장,NNG
전주 여행,역사,NNG
전주 여행,학자,NNG
전주 여행,순수,NNG
전주 여행,시각,NNG
전주 여행,알라딘,NNP
전주 여행,일상,NNG
전주 여행,고고학,NNG
전주 여행,일상,NNG
전주 여행,고고학,NNG
전주 여행,개정,NNG
전주 여행,증보판,NNG
전주 여행,일상,NNG
전주 여행,고고학,NNG
전주 여행,시리즈,NNG
전주 여행,황윤,NNG
전주 여행,지음,NNG
전주 여행,고양이,NNG
전주 여행,평점,NNG
전주 여행,수학,NNG
전주 여행,추억,NNG
전주 여행,역사,NNG
전주 여행,경비,NNG
전주 여행,혼자,NNG
전주 여행,이동,NNG
전주 여행,수단,NNG
전주 여행,시외버스,NNG
전주 여행,버스,NNG
전주 여행,택시,NNG
전주 여행,시티투어,NNP
전주 여행,버스,NNG
전주 여행,기타,NNG
전주 여행,생필품,NNG
전주 여행,샴푸,NNG
전주 여행,린스,NNG
전주 여행,바디,NNG
전주 여행,워시,NNP
전주 여행,버블,NNG
전주 여행,경비,NNG
전주 여행,경북,NNP
전주 여행,현대,NNG
전주 여행,호텔,NNG
전주 여행,현대,NNP
전주 여행,호텔,NNG
전주 여행,현대,NNG
전주 여행,호텔,NNG
전주 여행,보문,NNP
전주 여행,수상,NNG
전주 여행,공연장,NNG
전주 여행,보문관광단지,NNP
전주 여행,보문호,NNP
전주 여행,신라,NNP
전주 여행,컨트리클럽,NNG
전주 여행,숙박,NNG
전주 여행,현대,NNG
전주 여행,호텔,NNG
전주 여행,방문,NNG
전주 여행,일자,NNG
전주 여행,현대,NNG
전주 여행,호텔,NNG
전주 여행,경북,NNP
전주 여행,신평동,NNP
전주 여행,석굴암,NNG
전주 여행,불국사,NNG
전주 여행,석굴암,NNG
전주 여행,불국사,NNG
전주 여행,일시,NNG
전주 여행,장소,NNG
전주 여행,석굴암,NNG
전주 여행,불국사,NNG
전주 여행,참여,NNG
전주 여행,우리,NP
전주 여행,가족,NNG
전주 여행,송국영,NNP
전주 여행,안종,NNP
전주 여행,송진주,NNP
전주 여행,김홍식,NNP
전주 여행,김연우,NNP
전주 여행,연주,NNP
전주 여행,조광민,NNP
전주 여행,대릉원,NNG
전주 여행,스탬프,NNG
전주 여행,투어,NNG
전주 여행,이야기,NNG
전주 여행,대릉원,NNG
전주 여행,천마,NNG
전주 여행,경북,NNP
전주 여행,스탬프,NNG
전주 여행,투어,NNG
전주 여행,오릉,NNG
전주 여행,대릉원,NNG
전주 여행,천마총,NNG
전주 여행,오릉,NNG
전주 여행,교촌,NNG
전주 여행,마을,NNG
전주 여행,투어,NNG
전주 여행,다음,NNG
전주 여행,오릉,NNG
전주 여행,교촌,NNG
전주 여행,마을,NNG
전주 여행,느낌,NNG
전주 여행,유적지,NNG
전주 여행,트레,NNP
전주 여행,대상지,NNG
전주 여행,유적지,NNG
전주 여행,트레,NNP
전주 여행,소재지,NNG
전주 여행,경북,NNP
전주 여행,동궁,NNG
전주 여행,월지,NNG
전주 여행,반월,NNG
전주 여행,교촌,NNG
전주 여행,대릉원,NNG
전주 여행,고분,NNG
전주 여행,분황사,NNG
전주 여행,황룡사,NNG
전주 여행,역사,NNG
전주 여행,문화원,NNG
전주 여행,동궁,NNG
전주 여행,월지,NNG
전주 여행,주차장,NNG
전주 여행,반월,NNG
전주 여행,동궁,NNG
전주 여행,월지,NNG
전주 여행,안압지,NNP
전주 여행,야경,NNG
전주 여행,해외,NNG
전주 여행,이야기,NNG
전주 여행,후기,NNG
전주 여행,동궁,NNG
전주 여행,월지,NNG
전주 여행,안압지,NNP
전주 여행,야경,NNG
전주 여행,훌리아,NNP
전주 여행,여름,NNG
전주 여행,사진,NNG
전주 여행,보관,NNG
전주 여행,구독,NNG
전주 여행,해외,NNG
전주 여행,이야기,NNG
전주 여행,후기,NNG
전주 여행,일요일,NNG
전주 여행,오전,NNG
전주 여행,오후,NNG
전주 여행,고향,NNG
전주 여행,친구,NNG
전주 여행,신라,NNP
전주 여행,대종,NNG
전주 여행,장맛비,NNG
전주 여행,시작,NNG
전주 여행,육월,NNP
전주 여행,중순,NNG
전주 여행,고향,NNG
전주 여행,친구,NNG
전주 여행,대릉원,NNG
전주 여행,돌담길,NNP
전주 여행,황리,NNG
전주 여행,이야기,NNG
전주 여행,계명,NNG
전주 여행,대학교,NNG
전주 여행,동산,NNG
전주 여행,병원,NNG
전주 여행,일자,NNG
전주 여행,인원,NNG
전주 여행,친구,NNG
전주 여행,시외버스,NNG
전주 여행,터미널,NNG
전주 여행,경북,NNP
전주 여행,노서동,NNP
전주 여행,전화,NNG
전주 여행,시외버스,NNG
전주 여행,터미널,NNG
전주 여행,알라딘,NNP
전주 여행,자평,NNG
전주 여행,일상,NNG
전주 여행,고고학,NNG
전주 여행,일상,NNG
전주 여행,고고학,NNG
전주 여행,개정,NNG
전주 여행,증보판,NNG
전주 여행,일상,NNG
전주 여행,고고학,NNG
전주 여행,시리즈,NNG
전주 여행,황윤,NNG
전주 여행,지음,NNG
전주 여행,고양이,NNG
전주 여행,길잡이,NNG
전주 여행,이해,NNG
전주 여행,코스,NNG
전주 여행,베스트,NNG
전주 여행,추천,NNG
전주 여행,코스,NNG
전주 여행,베스트,NNG
전주 여행,추천,NNG
전주 여행,코스,NNG
전주 여행,베스트,NNG
전주 여행,추천,NNG
전주 여행,소개,NNG
전주 여행,황리,NNG
전주 여행,상호,NNG
전주 여행,황리,NNG
전주 여행,주소,NNG
전주 여행,경상북도,NNP
전주 여행,황남동,NNP
전주 여행,전화,NNG
전주 여행,번호,NNG
전주 여행,입력,NNG
전주 여행,관련,NNG
전주 여행,키워드,NNP
전주 여행,키워드,NNP
전주 여행,코스,NNG
전주 여행,불국사,NNP
전주 여행,석굴암,NNG
전주 여행,중교,NNG
전주 여행,서울,NNP
전주 여행,불국사,NNP
전주 여행,불국사,NNP
전주 여행,국보,NNG
전주 여행,다보탑,NNG
전주 여행,석가탑,NNG
전주 여행,석굴암,NNG
전주 여행,입장료,NNG
전주 여행,불국사,NNG
전주 여행,스탬프,NNG
전주 여행,투어,NNG
전주 여행,이야기,NNG
전주 여행,불국사,NNP
전주 여행,석굴암,NNG
전주 여행,경북,NNP
전주 여행,스탬프,NNG
전주 여행,투어,NNG
전주 여행,가을,NNG
전주 여행,불국사,NNG
전주 여행,석굴암,NNG
전주 여행,동리,NNG
전주 여행,문학관,NNG
전주 여행,구경,NNG
전주 여행,다음,NNG
전주 여행,장소,NNG
전주 여행,핵심,NNG
전주 여행,메카,NNP
전주 여행,불국사,NNP
전주 여행,석굴암,NNG
전주 여행,황리,NNG
전주 여행,한옥,NNG
전주 여행,카페,NNG
전주 여행,추천,NNG
전주 여행,카페,NNP
전주 여행,아덴,NNP
전주 여행,카페,NNP
전주 여행,아덴,NNP
전주 여행,위치,NNG
전주 여행,경북,NNP
전주 여행,사정,NNG
전주 여행,운영,NNG
전주 여행,시간,NNG
전주 여행,실시간,NNG
전주 여행,예보,NNG
전주 여행,커피,NNG
전주 여행,아덴,NNP
전주 여행,시그,NNP
전주 여행,알라딘,NNP
전주 여행,자평,NNG
전주 여행,일상,NNG
전주 여행,고고학,NNG
전주 여행,일상,NNG
전주 여행,고고학,NNG
전주 여행,개정,NNG
전주 여행,증보판,NNG
전주 여행,일상,NNG
전주 여행,고고학,NNG
전주 여행,시리즈,NNG
전주 여행,황윤,NNG
전주 여행,지음,NNG
전주 여행,고양이,NNG
전주 여행,평점,NNG
전주 여행,기대,NNG
전주 여행,알라딘,NNP
전주 여행,서재,NNP
전주 여행,필수,NNG
전주 여행,필요,NNG
전주 여행,지식,NNG
전주 여행,설명,NNG
전주 여행,이해,NNG
전주 여행,사진,NNG
전주 여행,정보,NNG
전주 여행,서울,NNP
전주 여행,역사,NNG
전주 여행,한옥,NNG
전주 여행,독서,NNG
전주 여행,모임,NNG
전주 여행,주문,NNG
전주 여행,역사,NNG
전주 여행,예정,NNG
전주 여행,대릉원,NNG
전주 여행,대릉원,NNG
전주 여행,담장,NNG
전주 여행,이번,NNG
전주 여행,가을,NNG
전주 여행,만끽,NNG
전주 여행,컨셉,NNG
전주 여행,가을,NNG
전주 여행,분위기,NNG
전주 여행,고조,NNG
전주 여행,벚나무,NNG
전주 여행,좌우,NNG
전주 여행,슈만,NNP
전주 여행,클라라,NNP
전주 여행,도착,NNG
전주 여행,슈만,NNP
전주 여행,클라라,NNP
전주 여행,위치,NNG
전주 여행,요기,NP
전주 여행,여기,NP
전주 여행,버스,NNG
전주 여행,버스,NNG
전주 여행,택시,NNG
전주 여행,다음,NNG
전주 여행,문제,NNG
전주 여행,봄꽃,NNG
전주 여행,마지막,NNG
전주 여행,월요일,NNG
전주 여행,벚꽃,NNG
전주 여행,상춘객,NNG
전주 여행,점심,NNG
전주 여행,집사람,NNG
전주 여행,국도,NNG
전주 여행,곳곳,NNG
전주 여행,벚꽃,NNG
전주 여행,자랑,NNG
전주 여행,열중,NNG
전주 여행,황리,NNG
전주 여행,맛집,NNG
전주 여행,여도,NNG
전주 여행,영업,NNG
전주 여행,종료,NNG
전주 여행,오늘,NNG
전주 여행,맛집,NNG
전주 여행,황리,NNG
전주 여행,맛집,NNG
전주 여행,여주,NNG
전주 여행,이야기,NNG
전주 여행,여도,NNG
전주 여행,저희,NP
전주 여행,기록,NNG
전주 여행,포스팅,NNP
전주 여행,진행,NNG
전주 여행,참고,NNG
전주 여행,한옥,NNP
전주 여행,외관,NNG
전주 여행,눈길,NNG
전주 여행,황리,NNG
전주 여행,주전부리,NNG
전주 여행,황금,NNG
전주 여행,황남,NNG
전주 여행,옥수수,NNG
전주 여행,청년,NNG
전주 여행,분식,NNG
전주 여행,황리,NNG
전주 여행,주전부리,NNG
전주 여행,저녁,NNG
전주 여행,황리,NNG
전주 여행,주전부리,NNG
전주 여행,결론,NNG
전주 여행,청년,NNG
전주 여행,분식,NNG
전주 여행,황남,NNG
전주 여행,옥수수,NNG
전주 여행,청년,NNG
전주 여행,분식,NNG
전주 여행,쥬얼,NNP
전주 여행,유혹,NNG
전주 여행,성동,NNG
전주 여행,시장,NNG
전주 여행,구경,NNG
전주 여행,가을,NNG
전주 여행,기차,NNG
전주 여행,피날레,NNG
전주 여행,가을,NNG
전주 여행,기차,NNG
전주 여행,단풍,NNG
전주 여행,은행,NNG
전주 여행,낙엽,NNG
전주 여행,언니,NNG
전주 여행,수고,NNG
전주 여행,숙소,NNG
전주 여행,변경,NNG
전주 여행,지도자,NNG
전주 여행,언니,NNG
전주 여행,첨성대,NNG
전주 여행,대릉원,NNG
전주 여행,주차,NNG
전주 여행,주차장,NNG
전주 여행,대릉원,NNG
전주 여행,주차장,NNG
전주 여행,여기,NP
전주 여행,매표,NNG
전주 여행,혼자,NNG
전주 여행,필요,NNG
전주 여행,드라이브,NNG
전주 여행,그곳,NP
전주 여행,첨성대,NNG
전주 여행,마지막,NNG
전주 여행,선물,NNG
전주 여행,눈발,NNG
전주 여행,시작,NNG
전주 여행,세상,NNG
전주 여행,눈길,NNG
전주 여행,산책,NNG
전주 여행,불국사,NNP
전주 여행,기차,NNG
전주 여행,마무리,NNG
전주 여행,하늘,NNG
전주 여행,야경,NNG
전주 여행,매력,NNG
전주 여행,정교,NNG
전주 여행,분위기,NNG
전주 여행,저녁,NNG
전주 여행,정교,NNG
전주 여행,방문,NNG
전주 여행,추천,NNG
전주 여행,정교,NNG
전주 여행,사진,NNG
전주 여행,정교,NNG
전주 여행,야경,NNG
전주 여행,마지막,NNG
전주 여행,여기,NP
전주 여행,신라,NNP
전주 여행,신라,NNP
전주 여행,해장국,NNG
전주 여행,황남,NNG
전주 여행,맷돌,NNG
전주 여행,순두부,NNG
전주 여행,두부,NNG
전주 여행,보쌈,NNG
전주 여행,제육,NNG
전주 여행,순두부찌개,NNG
전주 여행,황남,NNG
전주 여행,맷돌,NNG
전주 여행,순두부,NNG
전주 여행,영업시간,NNG
전주 여행,황리,NNG
전주 여행,시작,NNG
전주 여행,밥집,NNG
전주 여행,영업,NNG
전주 여행,마감,NNG
전주 여행,고기,NNG
전주 여행,두부,NNG
전주 여행,순두부찌개,NNG
전주 여행,호랑이,NNG
전주 여행,막걸리,NNG
전주 여행,울주,NNP
전주 여행,새벽,NNG
전주 여행,하늘,NNG
전주 여행,예쁘다,NNP
전주 여행,월드,NNG
전주 여행,판다,NNG
전주 여행,점심,NNG
전주 여행,친절,NNG
전주 여행,떡갈비,NNG
전주 여행,계란찜,NNG
전주 여행,풍경,NNG
전주 여행,행복,NNG
전주 여행,울주,NNP
전주 여행,서출지,NNG
전주 여행,날씨,NNG
전주 여행,촬영,NNG
전주 여행,사진가,NNG
전주 여행,미안,NNG
전주 여행,생각,NNG
전주 여행,날씨,NNG
전주 여행,촬영,NNG
전주 여행,대작,NNG
전주 여행,알라딘,NNP
전주 여행,자평,NNG
전주 여행,우리,NP
전주 여행,우리,NP
전주 여행,세계,NNG
전주 여행,문화유산,NNG
전주 여행,개정판,NNG
전주 여행,답사,NNG
전주 여행,역사,NNG
전주 여행,박광일,NNP
전주 여행,전향,NNG
전주 여행,이야기,NNG
전주 여행,기획,NNG
전주 여행,성당,NNG
전주 여행,평점,NNG
전주 여행,초등,NNG
전주 여행,학교,NNG
전주 여행,학생,NNG
전주 여행,수학,NNG
전주 여행,알라딘,NNP
전주 여행,자평,NNG
전주 여행,일상,NNG
전주 여행,고고학,NNG
전주 여행,일상,NNG
전주 여행,고고학,NNG
전주 여행,개정,NNG
전주 여행,증보판,NNG
전주 여행,일상,NNG
전주 여행,고고학,NNG
전주 여행,시리즈,NNG
전주 여행,황윤,NNG
전주 여행,지음,NNG
전주 여행,고양이,NNG
전주 여행,타임캡슐,NNG
전주 여행,신라,NNG
전주 여행,특별,NNG
전주 여행,시간,NNG
전주 여행,오늘,NNG
전주 여행,날씨,NNG
전주 여행,마을,NNG
전주 여행,식당,NNG
전주 여행,양념,NNG
전주 여행,게장,NNG
전주 여행,점심,NNG
전주 여행,힐튼,NNP
전주 여행,호텔,NNG
전주 여행,커피,NNG
전주 여행,한잔,NNG
전주 여행,보문,NNG
전주 여행,나무,NNG
전주 여행,감상,NNG
전주 여행,커피,NNG
전주 여행,한잔,NNG
전주 여행,스콘,NNP
전주 여행,행복,NNG
전주 여행,월드,NNG
전주 여행,관람,NNG
전주 여행,압지,NNG
전주 여행,야경,NNG
전주 여행,투어,NNG
전주 여행,방문,NNG
전주 여행,보름달,NNG
전주 여행,하늘,NNG
전주 여행,황청,NNG
전주 여행,연못,NNG
전주 여행,야경,NNG
전주 여행,야경,NNG
전주 여행,이곳,NP
전주 여행,압지,NNG
전주 여행,알라딘,NNP
전주 여행,자평,NNG
전주 여행,우리,NP
전주 여행,우리,NP
전주 여행,신라,NNG
전주 여행,답사,NNG
전주 여행,역사,NNG
전주 여행,박광일,NNP
전주 여행,평점,NNG
전주 여행,구판,NNG
전주 여행,절판,NNG
전주 여행,아이,NNG
전주 여행,눈높이,NNG
전주 여행,알라딘,NNP
전주 여행,자평,NNG
전주 여행,일상,NNG
전주 여행,고고학,NNG
전주 여행,일상,NNG
전주 여행,고고학,NNG
전주 여행,개정,NNG
전주 여행,증보판,NNG
전주 여행,일상,NNG
전주 여행,고고학,NNG
전주 여행,시리즈,NNG
전주 여행,황윤,NNG
전주 여행,지음,NNG
전주 여행,고양이,NNG
전주 여행,평점,NNG
전주 여행,유익,NNG
전주 여행,알라딘,NNP
전주 여행,역사,NNG
전주 여행,관심,NNG
전주 여행,시작,NNG
전주 여행,생각,NNG
전주 여행,마음,NNG
전주 여행,기억,NNG
전주 여행,아이,NNG
전주 여행,신라,NNG
전주 여행,동안,NNG
전주 여행,내용,NNG
전주 여행,생각,NNG
전주 여행,유적지,NNG
전주 여행,매화,NNG
전주 여행,산수유,NNG
전주 여행,만발,NNG
전주 여행,보문,NNG
전주 여행,호수,NNG
전주 여행,산책,NNG
전주 여행,행복,NNG
전주 여행,마무리,NNG
전주 여행,알라딘,NNP
전주 여행,자평,NNG
전주 여행,일상,NNG
전주 여행,고고학,NNG
전주 여행,일상,NNG
전주 여행,고고학,NNG
전주 여행,일상,NNG
전주 여행,시리즈,NNG
전주 여행,황윤,NNG
전주 여행,지음,NNG
전주 여행,고양이,NNG
전주 여행,평점,NNG
전주 여행,마니아,NNG
전주 여행,탐방기,NNG
전주 여행,설명,NNG
전주 여행,알라딘,NNP
전주 여행,자평,NNG
전주 여행,일상,NNG
전주 여행,고고학,NNG
전주 여행,일상,NNG
전주 여행,고고학,NNG
전주 여행,개정,NNG
전주 여행,증보판,NNG
전주 여행,일상,NNG
전주 여행,고고학,NNG
전주 여행,시리즈,NNG
전주 여행,황윤,NNG
전주 여행,지음,NNG
전주 여행,고양이,NNG
전주 여행,평점,NNG
전주 여행,풍경,NNG
전주 여행,고고학,NNG
전주 여행,우리,NP
전주 여행,지적,NNG
전주 여행,힐링,NNG
전주 여행,주상,NNG
전주 여행,절리,NNG
전주 여행,스탬프,NNG
전주 여행,투어,NNG
전주 여행,목적지,NNG
전주 여행,주상,NNG
전주 여행,스탬프,NNG
전주 여행,투어,NNG
전주 여행,주상,NNG
전주 여행,절리,NNG
전주 여행,해변,NNG
전주 여행,둘레길,NNP
전주 여행,주상,NNG
전주 여행,절리,NNG
전주 여행,파도,NNG
전주 여행,소리,NNG
전주 여행,시작,NNG
전주 여행,오랫만,NNG
전주 여행,밤잠,NNG
전주 여행,시계,NNG
전주 여행,시간,NNG
전주 여행,불국사,NNP
전주 여행,황남빵,NNP
전주 여행,교리,NNG
전주 여행,김밥,NNG
전주 여행,내소,NNG
전주 여행,불국사,NNP
전주 여행,황남빵,NNP
전주 여행,교리,NNG
전주 여행,김밥,NNG
전주 여행,산내,NNG
전주 여행,소고기,NNG
전주 여행,울산,NNP
전주 여행,후배,NNG
전주 여행,울산,NNP
전주 여행,불국사,NNG
전주 여행,천마총,NNG
전주 여행,첨성대,NNG
전주 여행,나무,NNG
전주 여행,그늘,NNG
전주 여행,내부,NNG
전주 여행,전경,NNG
전주 여행,알라딘,NNP
전주 여행,자평,NNG
전주 여행,일상,NNG
전주 여행,고고학,NNG
전주 여행,개정,NNG
전주 여행,증보판,NNG
전주 여행,일상,NNG
전주 여행,고고학,NNG
전주 여행,시리즈,NNG
전주 여행,황윤,NNG
전주 여행,지음,NNG
전주 여행,고양이,NNG
전주 여행,평점,NNG
전주 여행,학교,NNG
전주 여행,공부,NNG
전주 여행,느낌,NNG
전주 여행,가보세요,NNG
전주 여행,알라딘,NNP
전주 여행,자평,NNG
전주 여행,일상,NNG
전주 여행,고고학,NNG
전주 여행,혼자,NNG
전주 여행,개정,NNG
전주 여행,증보판,NNG
전주 여행,일상,NNG
전주 여행,고고학,NNG
전주 여행,시리즈,NNG
전주 여행,황윤,NNG
전주 여행,지음,NNG
전주 여행,고양이,NNG
전주 여행,평점,NNG
전주 여행,이야기,NNG
전주 여행,작가,NNG
전주 여행,혼자,NNG
전주 여행,기대,NNG
전주 여행,매화꽃,NNG
전주 여행,산수유,NNG
전주 여행,날씨,NNG
전주 여행,바람,NNG
전주 여행,햇살,NNG
전주 여행,점심,NNG
전주 여행,황룡,NNG
전주 여행,동국,NNG
전주 여행,재단,NNG
전주 여행,운영,NNG
전주 여행,연수원,NNG
전주 여행,맷돌,NNG
전주 여행,순부,NNG
전주 여행,옆집,NNG
전주 여행,정화,NNG
전주 여행,송이,NNG
전주 여행,순두부,NNG
전주 여행,맛집,NNG
전주 여행,옆집,NNG
전주 여행,가격,NNG
전주 여행,기본,NNG
전주 여행,반찬,NNG
전주 여행,생선,NNG
전주 여행,구이,NNG
전주 여행,후배,NNG
전주 여행,순두부,NNG
전주 여행,순두부,NNG
전주 여행,파전,NNG
전주 여행,주문,NNG
전주 여행,새송이,NNP
전주 여행,탁주,NNG
전주 여행,주문,NNG
전주 여행,낮술,NNG
전주 여행,남산,NNP
전주 여행,칠불암,NNG
전주 여행,케이트,NNP
전주 여행,진입,NNG
전주 여행,서라벌,NNP
전주 여행,휴게소,NNG
전주 여행,통일전,NNP
전주 여행,주차장,NNG
전주 여행,주차,NNG
전주 여행,염불,NNG
전주 여행,사지,NNG
전주 여행,삼층석탑,NNP
전주 여행,주차,NNG
전주 여행,여기,NP
전주 여행,도착,NNG
전주 여행,주차,NNG
전주 여행,아침,NNG
전주 여행,알라딘,NNP
전주 여행,자평,NNG
전주 여행,일상,NNG
전주 여행,고고학,NNG
전주 여행,일상,NNG
전주 여행,고고학,NNG
전주 여행,개정,NNG
전주 여행,증보판,NNG
전주 여행,일상,NNG
전주 여행,고고학,NNG
전주 여행,시리즈,NNG
전주 여행,황윤,NNG
전주 여행,지음,NNG
전주 여행,고양이,NNG
전주 여행,평점,NNG
전주 여행,마음,NNG
전주 여행,중학교,NNG
전주 여행,수학,NNG
전주 여행,국내,NNG
전주 여행,사진,NNG
전주 여행,국내,NNG
전주 여행,테마,NNG
전주 여행,벚꽃,NNG
전주 여행,시기,NNG
전주 여행,아쉬움,NNG
전주 여행,대능원,NNP
전주 여행,출입문,NNG
전주 여행,능원,NNG
전주 여행,소나무,NNG
전주 여행,천마총,NNG
전주 여행,안압지,NNP
전주 여행,분황사,NNG
전주 여행,모전,NNG
전주 여행,석탑,NNG
전주 여행,원래,NNG
전주 여행,힐튼,NNP
전주 여행,호텔,NNG
전주 여행,한국,NNP
전주 여행,서울,NNP
전주 여행,호텔,NNG
전주 여행,체인,NNG
전주 여행,이상,NNG
전주 여행,두산,NNP
전주 여행,참고,NNG
전주 여행,미국,NNP
전주 여행,모델,NNG
전주 여행,손님,NNG
전주 여행,배려,NNG
전주 여행,호텔,NNG
전주 여행,토함산,NNP
전주 여행,단풍,NNG
전주 여행,터널,NNG
전주 여행,자연,NNG
전주 여행,수채화,NNG
전주 여행,단풍,NNG
전주 여행,숲길,NNG
전주 여행,불국사,NNP
전주 여행,석굴암,NNG
전주 여행,토함산,NNP
전주 여행,숲길,NNG
전주 여행,월산,NNG
전주 여행,고갯길,NNG
전주 여행,신라,NNP
전주 여행,역사,NNG
전주 여행,시내,NNG
전주 여행,배롱나무,NNG
전주 여행,첨성대,NNG
전주 여행,야경,NNG
전주 여행,수학,NNG
전주 여행,사람,NNG
전주 여행,자녀,NNG
전주 여행,역사,NNG
전주 여행,유적,NNG
전주 여행,답사,NNG
전주 여행,동행,NNG
전주 여행,생각,NNG
전주 여행,국내,NNG
전주 여행,특징,NNG
전주 여행,평온,NNG
전주 여행,자연,NNG
전주 여행,황리,NNG
전주 여행,카페,NNG
전주 여행,카페,NNG
전주 여행,카페,NNG
전주 여행,황리,NNG
전주 여행,거리,NNG
전주 여행,위치,NNG
전주 여행,거리,NNG
전주 여행,인테리어,NNG
전주 여행,눈길,NNG
전주 여행,카페,NNG
전주 여행,황리,NNG
전주 여행,카페,NNG
전주 여행,카페,NNG
전주 여행,날씨,NNG
전주 여행,경북,NNP
전주 여행,국밥,NNG
전주 여행,맛집,NNG
전주 여행,보문,NNG
전주 여행,경북,NNP
전주 여행,교촌,NNP
전주 여행,마을,NNG
전주 여행,교촌,NNG
전주 여행,보관,NNG
전주 여행,아이,NNG
전주 여행,가족,NNG
전주 여행,가족,NNG
전주 여행,기록,NNG
전주 여행,오늘,NNG
전주 여행,가족,NNG
전주 여행,모임,NNG
전주 여행,경북,NNP
전주 여행,불국사역,NNP
전주 여행,동대구,NNG
전주 여행,기차,NNG
전주 여행,무궁화호,NNP
전주 여행,시간,NNG
전주 여행,시외,NNG
전주 여행,고속,NNG
전주 여행,버스,NNG
전주 여행,터미널,NNG
전주 여행,거리,NNG
전주 여행,어디,NP
전주 여행,대중,NNG
전주 여행,교통,NNG
전주 여행,종류,NNG
전주 여행,서울,NNP
전주 여행,대전,NNP
전주 여행,이상,NNG
전주 여행,코스,NNG
전주 여행,알라딘,NNP
전주 여행,자평,NNG
전주 여행,일상,NNG
전주 여행,고고학,NNG
전주 여행,지음,NNG
전주 여행,고양이,NNG
전주 여행,평점,NNG
전주 여행,도시,NNG
전주 여행,시간,NNG
전주 여행,기분,NNG
전주 여행,행복,NNG
전주 여행,코로나,NNP
전주 여행,하늘,NNG
전주 여행,구름,NNG
전주 여행,고속도로,NNP
전주 여행,오늘,NNG
전주 여행,힐링,NNG
전주 여행,산송,NNG
전주 여행,한우구,NNP
전주 여행,언양,NNP
전주 여행,불고기,NNG
전주 여행,더덕구이,NNG
전주 여행,라떼,NNG
전주 여행,한잔,NNG
전주 여행,노천온천,NNP
전주 여행,하늘,NNG
전주 여행,알라딘,NNP
전주 여행,자평,NNG
전주 여행,일상,NNG
전주 여행,고고학,NNG
전주 여행,평점,NNG
전주 여행,가을,NNG
전주 여행,실천,NNG
전주 여행,사람,NNG
전주 여행,기대,NNG
전주 여행,알라딘,NNP
전주 여행,자평,NNG
전주 여행,일상,NNG
전주 여행,고고학,NNG
전주 여행,일상,NNG
전주 여행,고고학,NNG
전주 여행,개정,NNG
전주 여행,증보판,NNG
전주 여행,일상,NNG
전주 여행,고고학,NNG
전주 여행,시리즈,NNG
전주 여행,황윤,NNG
전주 여행,지음,NNG
전주 여행,고양이,NNG
전주 여행,평점,NNG
전주 여행,구경,NNG
전주 여행,코로나,NNP
전주 여행,알라딘,NNP
전주 여행,자평,NNG
전주 여행,일상,NNG
전주 여행,고고학,NNG
전주 여행,일상,NNG
전주 여행,고고학,NNG
전주 여행,개정,NNG
전주 여행,증보판,NNG
전주 여행,일상,NNG
전주 여행,고고학,NNG
전주 여행,시리즈,NNG
전주 여행,황윤,NNG
전주 여행,지음,NNG
전주 여행,고양이,NNG
전주 여행,평점,NNG
전주 여행,수학,NNG
전주 여행,이후,NNG
전주 여행,생각,NNG
전주 여행,나정,NNG
전주 여행,맛집,NNG
전주 여행,나정,NNG
전주 여행,라면,NNG
전주 여행,맛집,NNG
전주 여행,에도,NNP
전주 여행,바다,NNG
전주 여행,나정,NNG
전주 여행,스토리,NNG
전주 여행,에도,NNP
전주 여행,바다,NNG
전주 여행,사실,NNG
전주 여행,아시나,NNP
전주 여행,바다,NNG
전주 여행,남편,NNG
전주 여행,역사,NNG
전주 여행,유적지,NNG
전주 여행,가을,NNG
전주 여행,도착,NNG
전주 여행,오늘,NNG
전주 여행,작년,NNG
전주 여행,여름,NNG
전주 여행,코스,NNG
전주 여행,서출지,NNG
전주 여행,통일전,NNP
전주 여행,산림,NNG
전주 여행,연구원,NNG
전주 여행,핑크,NNG
전주 여행,첨성대,NNG
전주 여행,주변,NNG
전주 여행,황리,NNG
전주 여행,구경,NNG
전주 여행,점심,NNG
전주 여행,커피,NNG
전주 여행,조금,NNG
전주 여행,가을,NNG
전주 여행,알라딘,NNP
전주 여행,자평,NNG
전주 여행,일상,NNG
전주 여행,고고학,NNG
전주 여행,일상,NNG
전주 여행,고고학,NNG
전주 여행,개정,NNG
전주 여행,증보판,NNG
전주 여행,일상,NNG
전주 여행,고고학,NNG
전주 여행,시리즈,NNG
전주 여행,황윤,NNG
전주 여행,지음,NNG
전주 여행,고양이,NNG
전주 여행,평점,NNG
전주 여행,수학,NNG
전주 여행,역사,NNG
전주 여행,의미,NNG
전주 여행,이제,NNG
전주 여행,풍경,NNG
전주 여행,알라딘,NNP
전주 여행,자평,NNG
전주 여행,일상,NNG
전주 여행,고고학,NNG
전주 여행,출간,NNG
전주 여행,일상,NNG
전주 여행,고고학,NNG
전주 여행,혼자,NNG
전주 여행,백제,NNG
전주 여행,이번,NNG
전주 여행,전작,NNG
전주 여행,백제,NNG
전주 여행,만족,NNG
전주 여행,이번,NNG
전주 여행,탑승,NNG
전주 여행,동궁,NNG
전주 여행,월지,NNG
전주 여행,첨성대,NNG
전주 여행,야경,NNG
전주 여행,연꽃,NNG
전주 여행,분황사,NNG
전주 여행,방문,NNG
전주 여행,이웃,NNG
전주 여행,지난주,NNG
전주 여행,예전,NNG
전주 여행,사진,NNG
전주 여행,경북,NNP
전주 여행,천문,NNG
전주 여행,기상,NNG
전주 여행,관측대,NNG
전주 여행,첨성대,NNG
전주 여행,일자,NNG
전주 여행,인원,NNG
전주 여행,친구,NNG
전주 여행,첨성대,NNG
전주 여행,경북,NNP
전주 여행,인왕동,NNP
전주 여행,전화,NNG
전주 여행,첨성대,NNG
전주 여행,관람료,NNG
전주 여행,무료,NNG
전주 여행,경북,NNP
전주 여행,이야기,NNG
전주 여행,첨성대,NNG
전주 여행,대릉원,NNG
전주 여행,야경,NNG
전주 여행,데이,NNG
전주 여행,택시,NNG
전주 여행,투어,NNG
전주 여행,감사,NNG
전주 여행,구매,NNG
전주 여행,플레이스,NNG
전주 여행,데이,NNG
전주 여행,택시,NNG
전주 여행,투어,NNG
전주 여행,돌고래,NNG
전주 여행,돌핀,NNG
전주 여행,스토어,NNG
전주 여행,플레이스,NNG
전주 여행,데이,NNG
전주 여행,택시,NNG
전주 여행,투어,NNG
전주 여행,패밀리,NNG
전주 여행,일상,NNG
전주 여행,오늘,NNG
전주 여행,목적지,NNG
전주 여행,회사,NNG
전주 여행,제휴,NNG
전주 여행,숙소,NNG
전주 여행,예약,NNG
전주 여행,도착,NNG
전주 여행,우리,NP
전주 여행,가족,NNG
전주 여행,국수집,NNG
전주 여행,와이프,NNG
전주 여행,검색,NNG
전주 여행,갈비,NNG
전주 여행,국수,NNG
전주 여행,경북,NNP
전주 여행,불국사,NNG
전주 여행,겹벚꽃,NNG
전주 여행,벚꽃,NNG
전주 여행,벚꽃,NNG
전주 여행,고수,NNG
전주 여행,티켓,NNG
전주 여행,예약,NNG
전주 여행,지역,NNG
전주 여행,벚꽃,NNG
전주 여행,불국사,NNG
전주 여행,겹벚꽃,NNG
전주 여행,불국사,NNP
전주 여행,입구,NNG
전주 여행,보문,NNG
전주 여행,벚꽃,NNG
전주 여행,보문호,NNP
전주 여행,선사,NNG
전주 여행,최적,NNG
전주 여행,지이,NNG
전주 여행,도로,NNG
전주 여행,꽃길,NNG
전주 여행,시각,NNG
전주 여행,힐링,NNG
전주 여행,만개,NNG
전주 여행,경관,NNG
전주 여행,보문,NNG
전주 여행,단지,NNG
전주 여행,시가지,NNG
전주 여행,동쪽,NNG
전주 여행,정도,NNG
전주 여행,활산,NNP
전주 여행,성터,NNG
전주 여행,경북,NNP
전주 여행,목련,NNG
전주 여행,대릉원,NNG
전주 여행,목련,NNG
전주 여행,풍경,NNG
전주 여행,최근,NNG
전주 여행,코스,NNG
전주 여행,야경,NNG
전주 여행,연인,NNG
전주 여행,당신,NP
전주 여행,야경,NNG
전주 여행,투어,NNG
전주 여행,코스,NNG
전주 여행,소개,NNG
전주 여행,준비,NNG
전주 여행,세계,NNG
전주 여행,문화유산,NNG
전주 여행,양동,NNP
전주 여행,마을,NNG
전주 여행,시간,NNG
전주 여행,조상,NNG
전주 여행,모습,NNG
전주 여행,간직,NNG
전주 여행,숨결,NNG
전주 여행,양동,NNP
전주 여행,마을,NNG
전주 여행,제격,NNG
전주 여행,경상북도,NNP
전주 여행,강동면,NNP
전주 여행,양동,NNP
전주 여행,마을,NNG
전주 여행,지번,NNG
전주 여행,경상북도,NNP
전주 여행,강동면,NNP
전주 여행,경북,NNP
전주 여행,다리,NNG
전주 여행,정교,NNG
전주 여행,교촌,NNG
전주 여행,마을,NNG
전주 여행,도착,NNG
전주 여행,행사,NNG
전주 여행,최근,NNG
전주 여행,연인,NNG
전주 여행,당신,NP
전주 여행,야경,NNG
전주 여행,투어,NNG
전주 여행,코스,NNG
전주 여행,소개,NNG
전주 여행,준비,NNG
전주 여행,야경,NNG
전주 여행,안압지,NNP
전주 여행,첨성대,NNG
전주 여행,관광지,NNG
전주 여행,첨성대,NNG
전주 여행,첨성대,NNG
전주 여행,신라,NNP
전주 여행,시대,NNG
전주 여행,관측,NNG
전주 여행,최근,NNG
전주 여행,코스,NNG
전주 여행,야경,NNG
전주 여행,사람,NNG
전주 여행,지인,NNG
전주 여행,경험,NNG
전주 여행,생각,NNG
전주 여행,주목,NNG
전주 여행,장소,NNG
전주 여행,정리,NNG
전주 여행,산사,NNG
전주 여행,옥천사,NNG
전주 여행,수학,NNG
전주 여행,성지,NNG
전주 여행,역사,NNG
전주 여행,탐방,NNG
전주 여행,중심지,NNG
전주 여행,주변,NNG
전주 여행,아기,NNG
전주 여행,후기,NNG
전주 여행,정글,NNG
전주 여행,법칙,NNG
전주 여행,미디어,NNG
전주 여행,파크,NNG
전주 여행,버드,NNP
전주 여행,파크,NNG
전주 여행,일정,NNG
전주 여행,버드,NNP
전주 여행,파크,NNG
전주 여행,위치,NNG
전주 여행,경북,NNP
전주 여행,보문,NNG
전주 여행,북군동,NNP
전주 여행,전화,NNG
전주 여행,운영,NNG
전주 여행,시간,NNG
전주 여행,입장료,NNG
전주 여행,대인,NNG
전주 여행,소인,NNG
전주 여행,울산,NNP
전주 여행,동궁,NNG
전주 여행,월지,NNG
전주 여행,누리,NNG
전주 여행,정원,NNG
전주 여행,성호,NNG
전주 여행,리조트,NNG
전주 여행,장생포,NNG
전주 여행,고래,NNG
전주 여행,문화,NNG
전주 여행,특구,NNP
전주 여행,이름,NNG
전주 여행,고래,NNG
전주 여행,주제,NNG
전주 여행,관광지,NNG
전주 여행,형성,NNG
전주 여행,박물관,NNG
전주 여행,생태,NNG
전주 여행,국내,NNG
전주 여행,울산,NNP
전주 여행,루비,NNG
전주 여행,정원,NNG
전주 여행,연휴,NNG
전주 여행,시작,NNG
전주 여행,신청,NNG
전주 여행,센터,NNG
전주 여행,부지,NNG
전주 여행,자리,NNG
전주 여행,역사,NNG
전주 여행,마당,NNG
전주 여행,연휴,NNG
전주 여행,계획,NNG
전주 여행,이용,NNG
전주 여행,루비,NNG
전주 여행,출장,NNG
전주 여행,조식,NNG
전주 여행,제공,NNG
전주 여행,에이치,NNG
전주 여행,비뉴,NNG
전주 여행,호텔,NNG
전주 여행,불국사,NNP
전주 여행,도보,NNG
전주 여행,거리,NNG
전주 여행,피로,NNG
전주 여행,조금,NNG
전주 여행,아침,NNG
전주 여행,불국사,NNG
전주 여행,방문,NNG
전주 여행,고요,NNG
전주 여행,분위기,NNG
전주 여행,산책,NNG
전주 여행,최적,NNG
전주 여행,위치,NNG
전주 여행,스테이,NNG
전주 여행,알라딘,NNP
전주 여행,자평,NNG
전주 여행,일상,NNG
전주 여행,고고학,NNG
전주 여행,일상,NNG
전주 여행,고고학,NNG
전주 여행,개정,NNG
전주 여행,증보판,NNG
전주 여행,일상,NNG
전주 여행,고고학,NNG
전주 여행,시리즈,NNG
전주 여행,황윤,NNG
전주 여행,지음,NNG
전주 여행,고양이,NNG
전주 여행,평점,NNG
전주 여행,역사,NNG
전주 여행,사랑,NNG
전주 여행,사람,NNG
전주 여행,사랑,NNG
전주 여행,평화,NNG
전주 여행,강릉,NNP
전주 여행,서나,NNG
전주 여행,강릉,NNP
전주 여행,한옥,NNG
전주 여행,숙소,NNG
전주 여행,소설,NNG
전주 여행,첨성,NNG
전주 여행,대점,NNG
전주 여행,비향,NNP
전주 여행,한옥,NNG
전주 여행,숙소,NNG
전주 여행,이름,NNG
전주 여행,소설,NNG
전주 여행,첨성,NNG
전주 여행,대점,NNG
전주 여행,첨성대,NNG
전주 여행,첨성,NNG
전주 여행,대점,NNG
전주 여행,한옥,NNG
전주 여행,소설,NNG
전주 여행,인기,NNG
전주 여행,주말,NNG
전주 여행,알라딘,NNP
전주 여행,황금,NNG
전주 여행,호두,NNG
전주 여행,무웅,NNP
전주 여행,코스,NNG
전주 여행,느낌,NNG
전주 여행,느낌,NNG
전주 여행,신라,NNP
전주 여행,아이,NNG
전주 여행,티비,NNG
전주 여행,이동은,NNP
전주 여행,기차,NNG
전주 여행,자전거,NNG
전주 여행,도보,NNG
전주 여행,버스,NNG
전주 여행,투어,NNG
전주 여행,가능,NNG
전주 여행,코스,NNG
전주 여행,시내,NNG
전주 여행,천마총,NNG
전주 여행,왕릉,NNG
전주 여행,첨성대,NNG
전주 여행,계림,NNG
전주 여행,포석정,NNP
전주 여행,안압지,NNP
전주 여행,알라딘,NNP
전주 여행,자평,NNG
전주 여행,일상,NNG
전주 여행,고고학,NNG
전주 여행,일상,NNG
전주 여행,고고학,NNG
전주 여행,개정,NNG
전주 여행,증보판,NNG
전주 여행,일상,NNG
전주 여행,고고학,NNG
전주 여행,시리즈,NNG
전주 여행,황윤,NNG
전주 여행,지음,NNG
전주 여행,고양이,NNG
전주 여행,오랜만,NNG
전주 여행,저자,NNG
전주 여행,역사,NNG
전주 여행,느낌,NNG
전주 여행,감포,NNP
전주 여행,대말,NNG
전주 여행,체험,NNG
전주 여행,전시관,NNG
전주 여행,위치,NNG
전주 여행,경북,NNP
전주 여행,척사,NNG
전주 여행,운영,NNG
전주 여행,시간,NNG
전주 여행,연중무휴,NNG
전주 여행,대표,NNG
전주 여행,전화,NNG
전주 여행,입장료,NNG
전주 여행,무료,NNG
전주 여행,대말,NNG
전주 여행,체험,NNG
전주 여행,아이,NNG
전주 여행,점심,NNG
전주 여행,시간,NNG
전주 여행,운영,NNG
전주 여행,코스,NNG
전주 여행,읍천항,NNP
전주 여행,주상,NNG
전주 여행,절리,NNG
전주 여행,파도,NNG
전주 여행,소리,NNG
전주 여행,주상,NNG
전주 여행,절리,NNG
전주 여행,제주도,NNP
전주 여행,읍천항,NNP
전주 여행,코스,NNG
전주 여행,읍천항,NNP
전주 여행,자리,NNG
전주 여행,주상,NNG
전주 여행,절리,NNG
전주 여행,파도,NNG
전주 여행,소리,NNG
전주 여행,주차장,NNG
전주 여행,등대,NNG
전주 여행,교리,NNG
전주 여행,김밥,NNG
전주 여행,맛집,NNG
전주 여행,김밥,NNG
전주 여행,남산,NNG
전주 여행,등산,NNG
전주 여행,포함,NNG
전주 여행,당일,NNG
전주 여행,계획,NNG
전주 여행,코스,NNG
전주 여행,정도,NNG
전주 여행,생각,NNG
전주 여행,남산,NNG
전주 여행,놀부,NNG
전주 여행,보쌈,NNG
전주 여행,황오,NNP
전주 여행,배달,NNG
전주 여행,후기,NNG
전주 여행,숙소,NNG
전주 여행,황남,NNG
전주 여행,저녁,NNG
전주 여행,아이,NNG
전주 여행,배민,NNG
전주 여행,놀부,NNG
전주 여행,보쌈,NNG
전주 여행,검색,NNG
전주 여행,황오,NNP
전주 여행,배달,NNG
전주 여행,가능,NNG
전주 여행,저희,NP
전주 여행,황남,NNG
전주 여행,기차,NNG
전주 여행,일전,NNG
전주 여행,크리스마스,NNG
전주 여행,오늘,NNG
전주 여행,안녕,NNG
전주 여행,이번,NNG
전주 여행,컨셉,NNG
전주 여행,호텔,NNG
전주 여행,알라딘,NNP
전주 여행,서재,NNP
전주 여행,이야기,NNG
전주 여행,일상,NNG
전주 여행,고고학,NNG
전주 여행,무대,NNG
전주 여행,에세이,NNG
전주 여행,문화재,NNG
전주 여행,사전,NNG
전주 여행,지식,NNG
전주 여행,얼마,NNG
전주 여행,의미,NNG
전주 여행,알라딘,NNP
전주 여행,자평,NNG
전주 여행,일상,NNG
전주 여행,고고학,NNG
전주 여행,일상,NNG
전주 여행,고고학,NNG
전주 여행,개정,NNG
전주 여행,증보판,NNG
전주 여행,일상,NNG
전주 여행,고고학,NNG
전주 여행,시리즈,NNG
전주 여행,황윤,NNG
전주 여행,지음,NNG
전주 여행,고양이,NNG
전주 여행,이야기,NNG
전주 여행,호기심,NNG
전주 여행,알라딘,NNP
전주 여행,자평,NNG
전주 여행,일상,NNG
전주 여행,고고학,NNG
전주 여행,일상,NNG
전주 여행,고고학,NNG
전주 여행,개정,NNG
전주 여행,증보판,NNG
전주 여행,일상,NNG
전주 여행,고고학,NNG
전주 여행,시리즈,NNG
전주 여행,황윤,NNG
전주 여행,지음,NNG
전주 여행,고양이,NNG
전주 여행,평점,NNG
전주 여행,신라,NNP
전주 여행,마니아,NNG
전주 여행,기라,NNG
전주 여행,관심,NNG
전주 여행,가요,NNG
전주 여행,고고학,NNG
전주 여행,관점,NNG
전주 여행,석빙고,NNG
전주 여행,볼거리,NNG
전주 여행,근처,NNG
전주 여행,안압,NNG
전주 여행,볼거리,NNG
전주 여행,석빙고,NNG
전주 여행,이번,NNG
전주 여행,석빙고,NNG
전주 여행,석빙고,NNG
전주 여행,영조,NNG
전주 여행,일종,NNG
전주 여행,얼음,NNG
전주 여행,창고,NNG
전주 여행,근처,NNG
전주 여행,첨성대,NNG
전주 여행,가본,NNG
전주 여행,동궁,NNG
전주 여행,커피,NNG
전주 여행,열매,NNG
전주 여행,노천온천,NNP
전주 여행,행복,NNG
전주 여행,황리,NNG
전주 여행,보문,NNG
전주 여행,왕릉,NNG
전주 여행,탐방,NNG
전주 여행,데이트,NNG
전주 여행,코스,NNG
전주 여행,황리,NNG
전주 여행,마음,NNG
전주 여행,낭만,NNG
전주 여행,경상도,NNP
전주 여행,거리,NNG
전주 여행,유적지,NNG
전주 여행,한옥,NNG
전주 여행,고도,NNG
전주 여행,밀면,NNP
전주 여행,가격,NNG
전주 여행,비빔,NNG
전주 여행,떡갈비,NNG
전주 여행,밥상,NNG
전주 여행,육수,NNG
전주 여행,평가,NNG
전주 여행,입맛,NNG
전주 여행,취향,NNG
전주 여행,엑스,NNG
전주 여행,포대,NNG
전주 여행,공원,NNG
전주 여행,애벌레,NNG
전주 여행,보문호,NNP
전주 여행,주변,NNG
전주 여행,엑스,NNG
전주 여행,포대,NNG
전주 여행,공원,NNG
전주 여행,입장,NNG
전주 여행,엑스포,NNG
전주 여행,기념관,NNG
전주 여행,천마,NNG
전주 여행,궁전,NNG
전주 여행,타워,NNG
전주 여행,솔거,NNG
전주 여행,미술관,NNG
전주 여행,자연사,NNG
전주 여행,박물관,NNG
전주 여행,동방역,NNP
전주 여행,능소화,NNG
전주 여행,서출지,NNG
전주 여행,경북,NNP
전주 여행,산림,NNG
전주 여행,연구원,NNG
전주 여행,동방역,NNP
전주 여행,능소화,NNG
전주 여행,서출지,NNG
전주 여행,경북,NNP
전주 여행,산림,NNG
전주 여행,연구원,NNG
전주 여행,모녀,NNG
전주 여행,바보,NNG
전주 여행,블로그,NNG
전주 여행,모녀,NNG
전주 여행,첨성대,NNG
전주 여행,야생,NNG
전주 여행,계림,NNG
전주 여행,월지,NNG
전주 여행,안압지,NNP
전주 여행,계림,NNP
전주 여행,월지,NNP
전주 여행,안압지,NNP
전주 여행,야경,NNG
전주 여행,박물관,NNG
전주 여행,김유신,NNP
전주 여행,장군,NNG
전주 여행,석굴암,NNG
전주 여행,알라딘,NNP
전주 여행,자평,NNG
전주 여행,일상,NNG
전주 여행,고고학,NNG
전주 여행,일상,NNG
전주 여행,고고학,NNG
전주 여행,개정,NNG
전주 여행,증보판,NNG
전주 여행,일상,NNG
전주 여행,고고학,NNG
전주 여행,시리즈,NNG
전주 여행,황윤,NNG
전주 여행,지음,NNG
전주 여행,고양이,NNG
전주 여행,평점,NNG
전주 여행,삼국,NNG
전주 여행,시대,NNG
전주 여행,자료,NNG
전주 여행,섭렵,NNG
전주 여행,소장,NNG
전주 여행,역사,NNG
전주 여행,학자,NNG
전주 여행,순수,NNG
전주 여행,시각,NNG
전주 여행,알라딘,NNP
전주 여행,일상,NNG
전주 여행,고고학,NNG
전주 여행,일상,NNG
전주 여행,고고학,NNG
전주 여행,개정,NNG
전주 여행,증보판,NNG
전주 여행,일상,NNG
전주 여행,고고학,NNG
전주 여행,시리즈,NNG
전주 여행,황윤,NNG
전주 여행,지음,NNG
전주 여행,고양이,NNG
전주 여행,평점,NNG
전주 여행,수학,NNG
전주 여행,추억,NNG
전주 여행,역사,NNG
전주 여행,경비,NNG
전주 여행,혼자,NNG
전주 여행,이동,NNG
전주 여행,수단,NNG
전주 여행,시외버스,NNG
전주 여행,버스,NNG
전주 여행,택시,NNG
전주 여행,시티투어,NNP
전주 여행,버스,NNG
전주 여행,기타,NNG
전주 여행,생필품,NNG
전주 여행,샴푸,NNG
전주 여행,린스,NNG
전주 여행,바디,NNG
전주 여행,워시,NNP
전주 여행,버블,NNG
전주 여행,경비,NNG
전주 여행,경북,NNP
전주 여행,현대,NNG
전주 여행,호텔,NNG
전주 여행,현대,NNP
전주 여행,호텔,NNG
전주 여행,현대,NNG
전주 여행,호텔,NNG
전주 여행,보문,NNP
전주 여행,수상,NNG
전주 여행,공연장,NNG
전주 여행,보문관광단지,NNP
전주 여행,보문호,NNP
전주 여행,신라,NNP
전주 여행,컨트리클럽,NNG
전주 여행,숙박,NNG
전주 여행,현대,NNG
전주 여행,호텔,NNG
전주 여행,방문,NNG
전주 여행,일자,NNG
전주 여행,현대,NNG
전주 여행,호텔,NNG
전주 여행,경북,NNP
전주 여행,신평동,NNP
전주 여행,석굴암,NNG
전주 여행,불국사,NNG
전주 여행,석굴암,NNG
전주 여행,불국사,NNG
전주 여행,일시,NNG
전주 여행,장소,NNG
전주 여행,석굴암,NNG
전주 여행,불국사,NNG
전주 여행,참여,NNG
전주 여행,우리,NP
전주 여행,가족,NNG
전주 여행,송국영,NNP
전주 여행,안종,NNP
전주 여행,송진주,NNP
전주 여행,김홍식,NNP
전주 여행,김연우,NNP
전주 여행,연주,NNP
전주 여행,조광민,NNP
전주 여행,대릉원,NNG
전주 여행,스탬프,NNG
전주 여행,투어,NNG
전주 여행,이야기,NNG
전주 여행,대릉원,NNG
전주 여행,천마,NNG
전주 여행,경북,NNP
전주 여행,스탬프,NNG
전주 여행,투어,NNG
전주 여행,오릉,NNG
전주 여행,대릉원,NNG
전주 여행,천마총,NNG
전주 여행,오릉,NNG
전주 여행,교촌,NNG
전주 여행,마을,NNG
전주 여행,투어,NNG
전주 여행,다음,NNG
전주 여행,오릉,NNG
전주 여행,교촌,NNG
전주 여행,마을,NNG
전주 여행,느낌,NNG
전주 여행,유적지,NNG
전주 여행,트레,NNP
전주 여행,대상지,NNG
전주 여행,유적지,NNG
전주 여행,트레,NNP
전주 여행,소재지,NNG
전주 여행,경북,NNP
전주 여행,동궁,NNG
전주 여행,월지,NNG
전주 여행,반월,NNG
전주 여행,교촌,NNG
전주 여행,대릉원,NNG
전주 여행,고분,NNG
전주 여행,분황사,NNG
전주 여행,황룡사,NNG
전주 여행,역사,NNG
전주 여행,문화원,NNG
전주 여행,동궁,NNG
전주 여행,월지,NNG
전주 여행,주차장,NNG
전주 여행,반월,NNG
전주 여행,동궁,NNG
전주 여행,월지,NNG
전주 여행,안압지,NNP
전주 여행,야경,NNG
전주 여행,해외,NNG
전주 여행,이야기,NNG
전주 여행,후기,NNG
전주 여행,동궁,NNG
전주 여행,월지,NNG
전주 여행,안압지,NNP
전주 여행,야경,NNG
전주 여행,훌리아,NNP
전주 여행,여름,NNG
전주 여행,사진,NNG
전주 여행,보관,NNG
전주 여행,구독,NNG
전주 여행,해외,NNG
전주 여행,이야기,NNG
전주 여행,후기,NNG
전주 여행,일요일,NNG
전주 여행,오전,NNG
전주 여행,오후,NNG
전주 여행,고향,NNG
전주 여행,친구,NNG
전주 여행,신라,NNP
전주 여행,대종,NNG
전주 여행,장맛비,NNG
전주 여행,시작,NNG
전주 여행,육월,NNP
전주 여행,중순,NNG
전주 여행,고향,NNG
전주 여행,친구,NNG
전주 여행,대릉원,NNG
전주 여행,돌담길,NNP
전주 여행,황리,NNG
전주 여행,이야기,NNG
전주 여행,계명,NNG
전주 여행,대학교,NNG
전주 여행,동산,NNG
전주 여행,병원,NNG
전주 여행,일자,NNG
전주 여행,인원,NNG
전주 여행,친구,NNG
전주 여행,시외버스,NNG
전주 여행,터미널,NNG
전주 여행,경북,NNP
전주 여행,노서동,NNP
전주 여행,전화,NNG
전주 여행,시외버스,NNG
전주 여행,터미널,NNG
전주 여행,알라딘,NNP
전주 여행,자평,NNG
전주 여행,일상,NNG
전주 여행,고고학,NNG
전주 여행,일상,NNG
전주 여행,고고학,NNG
전주 여행,개정,NNG
전주 여행,증보판,NNG
전주 여행,일상,NNG
전주 여행,고고학,NNG
전주 여행,시리즈,NNG
전주 여행,황윤,NNG
전주 여행,지음,NNG
전주 여행,고양이,NNG
전주 여행,길잡이,NNG
전주 여행,이해,NNG
전주 여행,코스,NNG
전주 여행,베스트,NNG
전주 여행,추천,NNG
전주 여행,코스,NNG
전주 여행,베스트,NNG
전주 여행,추천,NNG
전주 여행,코스,NNG
전주 여행,베스트,NNG
전주 여행,추천,NNG
전주 여행,소개,NNG
전주 여행,황리,NNG
전주 여행,상호,NNG
전주 여행,황리,NNG
전주 여행,주소,NNG
전주 여행,경상북도,NNP
전주 여행,황남동,NNP
전주 여행,전화,NNG
전주 여행,번호,NNG
전주 여행,입력,NNG
전주 여행,관련,NNG
전주 여행,키워드,NNP
전주 여행,키워드,NNP
전주 여행,코스,NNG
전주 여행,불국사,NNP
전주 여행,석굴암,NNG
전주 여행,중교,NNG
전주 여행,서울,NNP
전주 여행,불국사,NNP
전주 여행,불국사,NNP
전주 여행,국보,NNG
전주 여행,다보탑,NNG
전주 여행,석가탑,NNG
전주 여행,석굴암,NNG
전주 여행,입장료,NNG
전주 여행,불국사,NNG
전주 여행,스탬프,NNG
전주 여행,투어,NNG
전주 여행,이야기,NNG
전주 여행,불국사,NNP
전주 여행,석굴암,NNG
전주 여행,경북,NNP
전주 여행,스탬프,NNG
전주 여행,투어,NNG
전주 여행,가을,NNG
전주 여행,불국사,NNG
전주 여행,석굴암,NNG
전주 여행,동리,NNG
전주 여행,문학관,NNG
전주 여행,구경,NNG
전주 여행,다음,NNG
전주 여행,장소,NNG
전주 여행,핵심,NNG
전주 여행,메카,NNP
전주 여행,불국사,NNP
전주 여행,석굴암,NNG
전주 여행,황리,NNG
전주 여행,한옥,NNG
전주 여행,카페,NNG
전주 여행,추천,NNG
전주 여행,카페,NNP
전주 여행,아덴,NNP
전주 여행,카페,NNP
전주 여행,아덴,NNP
전주 여행,위치,NNG
전주 여행,경북,NNP
전주 여행,사정,NNG
전주 여행,운영,NNG
전주 여행,시간,NNG
전주 여행,실시간,NNG
전주 여행,예보,NNG
전주 여행,커피,NNG
전주 여행,아덴,NNP
전주 여행,시그,NNP
전주 여행,알라딘,NNP
전주 여행,자평,NNG
전주 여행,일상,NNG
전주 여행,고고학,NNG
전주 여행,일상,NNG
전주 여행,고고학,NNG
전주 여행,개정,NNG
전주 여행,증보판,NNG
전주 여행,일상,NNG
전주 여행,고고학,NNG
전주 여행,시리즈,NNG
전주 여행,황윤,NNG
전주 여행,지음,NNG
전주 여행,고양이,NNG
전주 여행,평점,NNG
전주 여행,기대,NNG
전주 여행,알라딘,NNP
전주 여행,서재,NNP
전주 여행,필수,NNG
전주 여행,필요,NNG
전주 여행,지식,NNG
전주 여행,설명,NNG
전주 여행,이해,NNG
전주 여행,사진,NNG
전주 여행,정보,NNG
전주 여행,서울,NNP
전주 여행,역사,NNG
전주 여행,한옥,NNG
전주 여행,독서,NNG
전주 여행,모임,NNG
전주 여행,주문,NNG
전주 여행,역사,NNG
전주 여행,예정,NNG
전주 여행,대릉원,NNG
전주 여행,대릉원,NNG
전주 여행,담장,NNG
전주 여행,이번,NNG
전주 여행,가을,NNG
전주 여행,만끽,NNG
전주 여행,컨셉,NNG
전주 여행,가을,NNG
전주 여행,분위기,NNG
전주 여행,고조,NNG
전주 여행,벚나무,NNG
전주 여행,좌우,NNG
전주 여행,슈만,NNP
전주 여행,클라라,NNP
전주 여행,도착,NNG
전주 여행,슈만,NNP
전주 여행,클라라,NNP
전주 여행,위치,NNG
전주 여행,요기,NP
전주 여행,여기,NP
전주 여행,버스,NNG
전주 여행,버스,NNG
전주 여행,택시,NNG
전주 여행,다음,NNG
전주 여행,문제,NNG
전주 여행,봄꽃,NNG
전주 여행,마지막,NNG
전주 여행,월요일,NNG
전주 여행,벚꽃,NNG
전주 여행,상춘객,NNG
전주 여행,점심,NNG
전주 여행,집사람,NNG
전주 여행,국도,NNG
전주 여행,곳곳,NNG
전주 여행,벚꽃,NNG
전주 여행,자랑,NNG
전주 여행,열중,NNG
전주 여행,황리,NNG
전주 여행,맛집,NNG
전주 여행,여도,NNG
전주 여행,영업,NNG
전주 여행,종료,NNG
전주 여행,오늘,NNG
전주 여행,맛집,NNG
전주 여행,황리,NNG
전주 여행,맛집,NNG
전주 여행,여주,NNG
전주 여행,이야기,NNG
전주 여행,여도,NNG
전주 여행,저희,NP
전주 여행,기록,NNG
전주 여행,포스팅,NNP
전주 여행,진행,NNG
전주 여행,참고,NNG
전주 여행,한옥,NNP
전주 여행,외관,NNG
전주 여행,눈길,NNG
전주 여행,황리,NNG
전주 여행,주전부리,NNG
전주 여행,황금,NNG
전주 여행,황남,NNG
전주 여행,옥수수,NNG
전주 여행,청년,NNG
전주 여행,분식,NNG
전주 여행,황리,NNG
전주 여행,주전부리,NNG
전주 여행,저녁,NNG
전주 여행,황리,NNG
전주 여행,주전부리,NNG
전주 여행,결론,NNG
전주 여행,청년,NNG
전주 여행,분식,NNG
전주 여행,황남,NNG
전주 여행,옥수수,NNG
전주 여행,청년,NNG
전주 여행,분식,NNG
전주 여행,쥬얼,NNP
전주 여행,유혹,NNG
전주 여행,성동,NNG
전주 여행,시장,NNG
전주 여행,구경,NNG
전주 여행,가을,NNG
전주 여행,기차,NNG
전주 여행,피날레,NNG
전주 여행,가을,NNG
전주 여행,기차,NNG
전주 여행,단풍,NNG
전주 여행,은행,NNG
전주 여행,낙엽,NNG
전주 여행,언니,NNG
전주 여행,수고,NNG
전주 여행,숙소,NNG
전주 여행,변경,NNG
전주 여행,지도자,NNG
전주 여행,언니,NNG
전주 여행,첨성대,NNG
전주 여행,대릉원,NNG
전주 여행,주차,NNG
전주 여행,주차장,NNG
전주 여행,대릉원,NNG
전주 여행,주차장,NNG
전주 여행,여기,NP
전주 여행,매표,NNG
전주 여행,혼자,NNG
전주 여행,필요,NNG
전주 여행,드라이브,NNG
전주 여행,그곳,NP
전주 여행,첨성대,NNG
전주 여행,마지막,NNG
전주 여행,선물,NNG
전주 여행,눈발,NNG
전주 여행,시작,NNG
전주 여행,세상,NNG
전주 여행,눈길,NNG
전주 여행,산책,NNG
전주 여행,불국사,NNP
전주 여행,기차,NNG
전주 여행,마무리,NNG
전주 여행,하늘,NNG
전주 여행,야경,NNG
전주 여행,매력,NNG
전주 여행,정교,NNG
전주 여행,분위기,NNG
전주 여행,저녁,NNG
전주 여행,정교,NNG
전주 여행,방문,NNG
전주 여행,추천,NNG
전주 여행,정교,NNG
전주 여행,사진,NNG
전주 여행,정교,NNG
전주 여행,야경,NNG
전주 여행,마지막,NNG
전주 여행,여기,NP
전주 여행,신라,NNP
전주 여행,신라,NNP
전주 여행,해장국,NNG
전주 여행,황남,NNG
전주 여행,맷돌,NNG
전주 여행,순두부,NNG
전주 여행,두부,NNG
전주 여행,보쌈,NNG
전주 여행,제육,NNG
전주 여행,순두부찌개,NNG
전주 여행,황남,NNG
전주 여행,맷돌,NNG
전주 여행,순두부,NNG
전주 여행,영업시간,NNG
전주 여행,황리,NNG
전주 여행,시작,NNG
전주 여행,밥집,NNG
전주 여행,영업,NNG
전주 여행,마감,NNG
전주 여행,고기,NNG
전주 여행,두부,NNG
전주 여행,순두부찌개,NNG
전주 여행,호랑이,NNG
전주 여행,막걸리,NNG
전주 여행,울주,NNP
전주 여행,새벽,NNG
전주 여행,하늘,NNG
전주 여행,예쁘다,NNP
전주 여행,월드,NNG
전주 여행,판다,NNG
전주 여행,점심,NNG
전주 여행,친절,NNG
전주 여행,떡갈비,NNG
전주 여행,계란찜,NNG
전주 여행,풍경,NNG
전주 여행,행복,NNG
전주 여행,울주,NNP
전주 여행,서출지,NNG
전주 여행,날씨,NNG
전주 여행,촬영,NNG
전주 여행,사진가,NNG
전주 여행,미안,NNG
전주 여행,생각,NNG
전주 여행,날씨,NNG
전주 여행,촬영,NNG
전주 여행,대작,NNG
전주 여행,알라딘,NNP
전주 여행,자평,NNG
전주 여행,우리,NP
전주 여행,우리,NP
전주 여행,세계,NNG
전주 여행,문화유산,NNG
전주 여행,개정판,NNG
전주 여행,답사,NNG
전주 여행,역사,NNG
전주 여행,박광일,NNP
전주 여행,전향,NNG
전주 여행,이야기,NNG
전주 여행,기획,NNG
전주 여행,성당,NNG
전주 여행,평점,NNG
전주 여행,초등,NNG
전주 여행,학교,NNG
전주 여행,학생,NNG
전주 여행,수학,NNG
전주 여행,알라딘,NNP
전주 여행,자평,NNG
전주 여행,일상,NNG
전주 여행,고고학,NNG
전주 여행,일상,NNG
전주 여행,고고학,NNG
전주 여행,개정,NNG
전주 여행,증보판,NNG
전주 여행,일상,NNG
전주 여행,고고학,NNG
전주 여행,시리즈,NNG
전주 여행,황윤,NNG
전주 여행,지음,NNG
전주 여행,고양이,NNG
전주 여행,타임캡슐,NNG
전주 여행,신라,NNG
전주 여행,특별,NNG
전주 여행,시간,NNG
전주 여행,오늘,NNG
전주 여행,날씨,NNG
전주 여행,마을,NNG
전주 여행,식당,NNG
전주 여행,양념,NNG
전주 여행,게장,NNG
전주 여행,점심,NNG
전주 여행,힐튼,NNP
전주 여행,호텔,NNG
전주 여행,커피,NNG
전주 여행,한잔,NNG
전주 여행,보문,NNG
전주 여행,나무,NNG
전주 여행,감상,NNG
전주 여행,커피,NNG
전주 여행,한잔,NNG
전주 여행,스콘,NNP
전주 여행,행복,NNG
전주 여행,월드,NNG
전주 여행,관람,NNG
전주 여행,압지,NNG
전주 여행,야경,NNG
전주 여행,투어,NNG
전주 여행,방문,NNG
전주 여행,보름달,NNG
전주 여행,하늘,NNG
전주 여행,황청,NNG
전주 여행,연못,NNG
전주 여행,야경,NNG
전주 여행,야경,NNG
전주 여행,이곳,NP
전주 여행,압지,NNG
전주 여행,알라딘,NNP
전주 여행,자평,NNG
전주 여행,우리,NP
전주 여행,우리,NP
전주 여행,신라,NNG
전주 여행,답사,NNG
전주 여행,역사,NNG
전주 여행,박광일,NNP
전주 여행,평점,NNG
전주 여행,구판,NNG
전주 여행,절판,NNG
전주 여행,아이,NNG
전주 여행,눈높이,NNG
전주 여행,알라딘,NNP
전주 여행,자평,NNG
전주 여행,일상,NNG
전주 여행,고고학,NNG
전주 여행,일상,NNG
전주 여행,고고학,NNG
전주 여행,개정,NNG
전주 여행,증보판,NNG
전주 여행,일상,NNG
전주 여행,고고학,NNG
전주 여행,시리즈,NNG
전주 여행,황윤,NNG
전주 여행,지음,NNG
전주 여행,고양이,NNG
전주 여행,평점,NNG
전주 여행,유익,NNG
전주 여행,알라딘,NNP
전주 여행,역사,NNG
전주 여행,관심,NNG
전주 여행,시작,NNG
전주 여행,생각,NNG
전주 여행,마음,NNG
전주 여행,기억,NNG
전주 여행,아이,NNG
전주 여행,신라,NNG
전주 여행,동안,NNG
전주 여행,내용,NNG
전주 여행,생각,NNG
전주 여행,유적지,NNG
전주 여행,매화,NNG
전주 여행,산수유,NNG
전주 여행,만발,NNG
전주 여행,보문,NNG
전주 여행,호수,NNG
전주 여행,산책,NNG
전주 여행,행복,NNG
전주 여행,마무리,NNG
전주 여행,알라딘,NNP
전주 여행,자평,NNG
전주 여행,일상,NNG
전주 여행,고고학,NNG
전주 여행,일상,NNG
전주 여행,고고학,NNG
전주 여행,일상,NNG
전주 여행,시리즈,NNG
전주 여행,황윤,NNG
전주 여행,지음,NNG
전주 여행,고양이,NNG
전주 여행,평점,NNG
전주 여행,마니아,NNG
전주 여행,탐방기,NNG
전주 여행,설명,NNG
전주 여행,알라딘,NNP
전주 여행,자평,NNG
전주 여행,일상,NNG
전주 여행,고고학,NNG
전주 여행,일상,NNG
전주 여행,고고학,NNG
전주 여행,개정,NNG
전주 여행,증보판,NNG
전주 여행,일상,NNG
전주 여행,고고학,NNG
전주 여행,시리즈,NNG
전주 여행,황윤,NNG
전주 여행,지음,NNG
전주 여행,고양이,NNG
전주 여행,평점,NNG
전주 여행,풍경,NNG
전주 여행,고고학,NNG
전주 여행,우리,NP
전주 여행,지적,NNG
전주 여행,힐링,NNG
전주 여행,주상,NNG
전주 여행,절리,NNG
전주 여행,스탬프,NNG
전주 여행,투어,NNG
전주 여행,목적지,NNG
전주 여행,주상,NNG
전주 여행,스탬프,NNG
전주 여행,투어,NNG
전주 여행,주상,NNG
전주 여행,절리,NNG
전주 여행,해변,NNG
전주 여행,둘레길,NNP
전주 여행,주상,NNG
전주 여행,절리,NNG
전주 여행,파도,NNG
전주 여행,소리,NNG
전주 여행,시작,NNG
전주 여행,오랫만,NNG
전주 여행,밤잠,NNG
전주 여행,시계,NNG
전주 여행,시간,NNG
전주 여행,불국사,NNP
전주 여행,황남빵,NNP
전주 여행,교리,NNG
전주 여행,김밥,NNG
전주 여행,내소,NNG
전주 여행,불국사,NNP
전주 여행,황남빵,NNP
전주 여행,교리,NNG
전주 여행,김밥,NNG
전주 여행,산내,NNG
전주 여행,소고기,NNG
전주 여행,울산,NNP
전주 여행,후배,NNG
전주 여행,울산,NNP
전주 여행,불국사,NNG
전주 여행,천마총,NNG
전주 여행,첨성대,NNG
전주 여행,나무,NNG
전주 여행,그늘,NNG
전주 여행,내부,NNG
전주 여행,전경,NNG
전주 여행,알라딘,NNP
전주 여행,자평,NNG
전주 여행,일상,NNG
전주 여행,고고학,NNG
전주 여행,개정,NNG
전주 여행,증보판,NNG
전주 여행,일상,NNG
전주 여행,고고학,NNG
전주 여행,시리즈,NNG
전주 여행,황윤,NNG
전주 여행,지음,NNG
전주 여행,고양이,NNG
전주 여행,평점,NNG
전주 여행,학교,NNG
전주 여행,공부,NNG
전주 여행,느낌,NNG
전주 여행,가보세요,NNG
전주 여행,알라딘,NNP
전주 여행,자평,NNG
전주 여행,일상,NNG
전주 여행,고고학,NNG
전주 여행,혼자,NNG
전주 여행,개정,NNG
전주 여행,증보판,NNG
전주 여행,일상,NNG
전주 여행,고고학,NNG
전주 여행,시리즈,NNG
전주 여행,황윤,NNG
전주 여행,지음,NNG
전주 여행,고양이,NNG
전주 여행,평점,NNG
전주 여행,이야기,NNG
전주 여행,작가,NNG
전주 여행,혼자,NNG
전주 여행,기대,NNG
전주 여행,매화꽃,NNG
전주 여행,산수유,NNG
전주 여행,날씨,NNG
전주 여행,바람,NNG
전주 여행,햇살,NNG
전주 여행,점심,NNG
전주 여행,황룡,NNG
전주 여행,동국,NNG
전주 여행,재단,NNG
전주 여행,운영,NNG
전주 여행,연수원,NNG
전주 여행,맷돌,NNG
전주 여행,순부,NNG
전주 여행,옆집,NNG
전주 여행,정화,NNG
전주 여행,송이,NNG
전주 여행,순두부,NNG
전주 여행,맛집,NNG
전주 여행,옆집,NNG
전주 여행,가격,NNG
전주 여행,기본,NNG
전주 여행,반찬,NNG
전주 여행,생선,NNG
전주 여행,구이,NNG
전주 여행,후배,NNG
전주 여행,순두부,NNG
전주 여행,순두부,NNG
전주 여행,파전,NNG
전주 여행,주문,NNG
전주 여행,새송이,NNP
전주 여행,탁주,NNG
전주 여행,주문,NNG
전주 여행,낮술,NNG
전주 여행,남산,NNP
전주 여행,칠불암,NNG
전주 여행,케이트,NNP
전주 여행,진입,NNG
전주 여행,서라벌,NNP
전주 여행,휴게소,NNG
전주 여행,통일전,NNP
전주 여행,주차장,NNG
전주 여행,주차,NNG
전주 여행,염불,NNG
전주 여행,사지,NNG
전주 여행,삼층석탑,NNP
전주 여행,주차,NNG
전주 여행,여기,NP
전주 여행,도착,NNG
전주 여행,주차,NNG
전주 여행,아침,NNG
전주 여행,알라딘,NNP
전주 여행,자평,NNG
전주 여행,일상,NNG
전주 여행,고고학,NNG
전주 여행,일상,NNG
전주 여행,고고학,NNG
전주 여행,개정,NNG
전주 여행,증보판,NNG
전주 여행,일상,NNG
전주 여행,고고학,NNG
전주 여행,시리즈,NNG
전주 여행,황윤,NNG
전주 여행,지음,NNG
전주 여행,고양이,NNG
전주 여행,평점,NNG
전주 여행,마음,NNG
전주 여행,중학교,NNG
전주 여행,수학,NNG
전주 여행,국내,NNG
전주 여행,사진,NNG
전주 여행,국내,NNG
전주 여행,테마,NNG
전주 여행,벚꽃,NNG
전주 여행,시기,NNG
전주 여행,아쉬움,NNG
전주 여행,대능원,NNP
전주 여행,출입문,NNG
전주 여행,능원,NNG
전주 여행,소나무,NNG
전주 여행,천마총,NNG
전주 여행,안압지,NNP
전주 여행,분황사,NNG
전주 여행,모전,NNG
전주 여행,석탑,NNG
전주 여행,원래,NNG
전주 여행,힐튼,NNP
전주 여행,호텔,NNG
전주 여행,한국,NNP
전주 여행,서울,NNP
전주 여행,호텔,NNG
전주 여행,체인,NNG
전주 여행,이상,NNG
전주 여행,두산,NNP
전주 여행,참고,NNG
전주 여행,미국,NNP
전주 여행,모델,NNG
전주 여행,손님,NNG
전주 여행,배려,NNG
전주 여행,호텔,NNG
전주 여행,토함산,NNP
전주 여행,단풍,NNG
전주 여행,터널,NNG
전주 여행,자연,NNG
전주 여행,수채화,NNG
전주 여행,단풍,NNG
전주 여행,숲길,NNG
전주 여행,불국사,NNP
전주 여행,석굴암,NNG
전주 여행,토함산,NNP
전주 여행,숲길,NNG
전주 여행,월산,NNG
전주 여행,고갯길,NNG
전주 여행,신라,NNP
전주 여행,역사,NNG
전주 여행,시내,NNG
전주 여행,배롱나무,NNG
전주 여행,첨성대,NNG
전주 여행,야경,NNG
전주 여행,수학,NNG
전주 여행,사람,NNG
전주 여행,자녀,NNG
전주 여행,역사,NNG
전주 여행,유적,NNG
전주 여행,답사,NNG
전주 여행,동행,NNG
전주 여행,생각,NNG
전주 여행,국내,NNG
전주 여행,특징,NNG
전주 여행,평온,NNG
전주 여행,자연,NNG
전주 여행,황리,NNG
전주 여행,카페,NNG
전주 여행,카페,NNG
전주 여행,카페,NNG
전주 여행,황리,NNG
전주 여행,거리,NNG
전주 여행,위치,NNG
전주 여행,거리,NNG
전주 여행,인테리어,NNG
전주 여행,눈길,NNG
전주 여행,카페,NNG
전주 여행,황리,NNG
전주 여행,카페,NNG
전주 여행,카페,NNG
전주 여행,날씨,NNG
전주 여행,경북,NNP
전주 여행,국밥,NNG
전주 여행,맛집,NNG
전주 여행,보문,NNG
전주 여행,경북,NNP
전주 여행,교촌,NNP
전주 여행,마을,NNG
전주 여행,교촌,NNG
전주 여행,보관,NNG
전주 여행,아이,NNG
전주 여행,가족,NNG
전주 여행,가족,NNG
전주 여행,기록,NNG
전주 여행,오늘,NNG
전주 여행,가족,NNG
전주 여행,모임,NNG
전주 여행,경북,NNP
전주 여행,불국사역,NNP
전주 여행,동대구,NNG
전주 여행,기차,NNG
전주 여행,무궁화호,NNP
전주 여행,시간,NNG
전주 여행,시외,NNG
전주 여행,고속,NNG
전주 여행,버스,NNG
전주 여행,터미널,NNG
전주 여행,거리,NNG
전주 여행,어디,NP
전주 여행,대중,NNG
전주 여행,교통,NNG
전주 여행,종류,NNG
전주 여행,서울,NNP
전주 여행,대전,NNP
전주 여행,이상,NNG
전주 여행,코스,NNG
전주 여행,알라딘,NNP
전주 여행,자평,NNG
전주 여행,일상,NNG
전주 여행,고고학,NNG
전주 여행,지음,NNG
전주 여행,고양이,NNG
전주 여행,평점,NNG
전주 여행,도시,NNG
전주 여행,시간,NNG
전주 여행,기분,NNG
전주 여행,행복,NNG
전주 여행,코로나,NNP
전주 여행,하늘,NNG
전주 여행,구름,NNG
전주 여행,고속도로,NNP
전주 여행,오늘,NNG
전주 여행,힐링,NNG
전주 여행,산송,NNG
전주 여행,한우구,NNP
전주 여행,언양,NNP
전주 여행,불고기,NNG
전주 여행,더덕구이,NNG
전주 여행,라떼,NNG
전주 여행,한잔,NNG
전주 여행,노천온천,NNP
전주 여행,하늘,NNG
전주 여행,알라딘,NNP
전주 여행,자평,NNG
전주 여행,일상,NNG
전주 여행,고고학,NNG
전주 여행,평점,NNG
전주 여행,가을,NNG
전주 여행,실천,NNG
전주 여행,사람,NNG
전주 여행,기대,NNG
전주 여행,알라딘,NNP
전주 여행,자평,NNG
전주 여행,일상,NNG
전주 여행,고고학,NNG
전주 여행,일상,NNG
전주 여행,고고학,NNG
전주 여행,개정,NNG
전주 여행,증보판,NNG
전주 여행,일상,NNG
전주 여행,고고학,NNG
전주 여행,시리즈,NNG
전주 여행,황윤,NNG
전주 여행,지음,NNG
전주 여행,고양이,NNG
전주 여행,평점,NNG
전주 여행,구경,NNG
전주 여행,코로나,NNP
전주 여행,알라딘,NNP
전주 여행,자평,NNG
전주 여행,일상,NNG
전주 여행,고고학,NNG
전주 여행,일상,NNG
전주 여행,고고학,NNG
전주 여행,개정,NNG
전주 여행,증보판,NNG
전주 여행,일상,NNG
전주 여행,고고학,NNG
전주 여행,시리즈,NNG
전주 여행,황윤,NNG
전주 여행,지음,NNG
전주 여행,고양이,NNG
전주 여행,평점,NNG
전주 여행,수학,NNG
전주 여행,이후,NNG
전주 여행,생각,NNG
전주 여행,나정,NNG
전주 여행,맛집,NNG
전주 여행,나정,NNG
전주 여행,라면,NNG
전주 여행,맛집,NNG
전주 여행,에도,NNP
전주 여행,바다,NNG
전주 여행,나정,NNG
전주 여행,스토리,NNG
전주 여행,에도,NNP
전주 여행,바다,NNG
전주 여행,사실,NNG
전주 여행,아시나,NNP
전주 여행,바다,NNG
전주 여행,남편,NNG
전주 여행,역사,NNG
전주 여행,유적지,NNG
전주 여행,가을,NNG
전주 여행,도착,NNG
전주 여행,오늘,NNG
전주 여행,작년,NNG
전주 여행,여름,NNG
전주 여행,코스,NNG
전주 여행,서출지,NNG
전주 여행,통일전,NNP
전주 여행,산림,NNG
전주 여행,연구원,NNG
전주 여행,핑크,NNG
전주 여행,첨성대,NNG
전주 여행,주변,NNG
전주 여행,황리,NNG
전주 여행,구경,NNG
전주 여행,점심,NNG
전주 여행,커피,NNG
전주 여행,조금,NNG
전주 여행,가을,NNG
전주 여행,알라딘,NNP
전주 여행,자평,NNG
전주 여행,일상,NNG
전주 여행,고고학,NNG
전주 여행,일상,NNG
전주 여행,고고학,NNG
전주 여행,개정,NNG
전주 여행,증보판,NNG
전주 여행,일상,NNG
전주 여행,고고학,NNG
전주 여행,시리즈,NNG
전주 여행,황윤,NNG
전주 여행,지음,NNG
전주 여행,고양이,NNG
전주 여행,평점,NNG
전주 여행,수학,NNG
전주 여행,역사,NNG
전주 여행,의미,NNG
전주 여행,이제,NNG
전주 여행,풍경,NNG
전주 여행,알라딘,NNP
전주 여행,자평,NNG
전주 여행,일상,NNG
전주 여행,고고학,NNG
전주 여행,출간,NNG
전주 여행,일상,NNG
전주 여행,고고학,NNG
전주 여행,혼자,NNG
전주 여행,백제,NNG
전주 여행,이번,NNG
전주 여행,전작,NNG
전주 여행,백제,NNG
전주 여행,만족,NNG
전주 여행,이번,NNG
전주 여행,탑승,NNG
전주 여행,동궁,NNG
전주 여행,월지,NNG
전주 여행,첨성대,NNG
전주 여행,야경,NNG
전주 여행,연꽃,NNG
전주 여행,분황사,NNG
전주 여행,방문,NNG
전주 여행,이웃,NNG
전주 여행,지난주,NNG
전주 여행,예전,NNG
전주 여행,사진,NNG
전주 여행,경북,NNP
전주 여행,천문,NNG
전주 여행,기상,NNG
전주 여행,관측대,NNG
전주 여행,첨성대,NNG
전주 여행,일자,NNG
전주 여행,인원,NNG
전주 여행,친구,NNG
전주 여행,첨성대,NNG
전주 여행,경북,NNP
전주 여행,인왕동,NNP
전주 여행,전화,NNG
전주 여행,첨성대,NNG
전주 여행,관람료,NNG
전주 여행,무료,NNG
전주 여행,경북,NNP
전주 여행,이야기,NNG
전주 여행,첨성대,NNG
전주 여행,대릉원,NNG
전주 여행,야경,NNG
전주 여행,데이,NNG
전주 여행,택시,NNG
전주 여행,투어,NNG
전주 여행,감사,NNG
전주 여행,구매,NNG
전주 여행,플레이스,NNG
전주 여행,데이,NNG
전주 여행,택시,NNG
전주 여행,투어,NNG
전주 여행,돌고래,NNG
전주 여행,돌핀,NNG
전주 여행,스토어,NNG
전주 여행,플레이스,NNG
전주 여행,데이,NNG
전주 여행,택시,NNG
전주 여행,투어,NNG
전주 여행,패밀리,NNG
전주 여행,일상,NNG
전주 여행,오늘,NNG
전주 여행,목적지,NNG
전주 여행,회사,NNG
전주 여행,제휴,NNG
전주 여행,숙소,NNG
전주 여행,예약,NNG
전주 여행,도착,NNG
전주 여행,우리,NP
전주 여행,가족,NNG
전주 여행,국수집,NNG
전주 여행,와이프,NNG
전주 여행,검색,NNG
전주 여행,갈비,NNG
전주 여행,국수,NNG
전주 여행,경북,NNP
전주 여행,불국사,NNG
전주 여행,겹벚꽃,NNG
전주 여행,벚꽃,NNG
전주 여행,벚꽃,NNG
전주 여행,고수,NNG
전주 여행,티켓,NNG
전주 여행,예약,NNG
전주 여행,지역,NNG
전주 여행,벚꽃,NNG
전주 여행,불국사,NNG
전주 여행,겹벚꽃,NNG
전주 여행,불국사,NNP
전주 여행,입구,NNG
전주 여행,보문,NNG
전주 여행,벚꽃,NNG
전주 여행,보문호,NNP
전주 여행,선사,NNG
전주 여행,최적,NNG
전주 여행,지이,NNG
전주 여행,도로,NNG
전주 여행,꽃길,NNG
전주 여행,시각,NNG
전주 여행,힐링,NNG
전주 여행,만개,NNG
전주 여행,경관,NNG
전주 여행,보문,NNG
전주 여행,단지,NNG
전주 여행,시가지,NNG
전주 여행,동쪽,NNG
전주 여행,정도,NNG
전주 여행,활산,NNP
전주 여행,성터,NNG
전주 여행,경북,NNP
전주 여행,목련,NNG
전주 여행,대릉원,NNG
전주 여행,목련,NNG
전주 여행,풍경,NNG
전주 여행,최근,NNG
전주 여행,코스,NNG
전주 여행,야경,NNG
전주 여행,연인,NNG
전주 여행,당신,NP
전주 여행,야경,NNG
전주 여행,투어,NNG
전주 여행,코스,NNG
전주 여행,소개,NNG
전주 여행,준비,NNG
전주 여행,세계,NNG
전주 여행,문화유산,NNG
전주 여행,양동,NNP
전주 여행,마을,NNG
전주 여행,시간,NNG
전주 여행,조상,NNG
전주 여행,모습,NNG
전주 여행,간직,NNG
전주 여행,숨결,NNG
전주 여행,양동,NNP
전주 여행,마을,NNG
전주 여행,제격,NNG
전주 여행,경상북도,NNP
전주 여행,강동면,NNP
전주 여행,양동,NNP
전주 여행,마을,NNG
전주 여행,지번,NNG
전주 여행,경상북도,NNP
전주 여행,강동면,NNP
전주 여행,경북,NNP
전주 여행,다리,NNG
전주 여행,정교,NNG
전주 여행,교촌,NNG
전주 여행,마을,NNG
전주 여행,도착,NNG
전주 여행,행사,NNG
전주 여행,최근,NNG
전주 여행,연인,NNG
전주 여행,당신,NP
전주 여행,야경,NNG
전주 여행,투어,NNG
전주 여행,코스,NNG
전주 여행,소개,NNG
전주 여행,준비,NNG
전주 여행,야경,NNG
전주 여행,안압지,NNP
전주 여행,첨성대,NNG
전주 여행,관광지,NNG
전주 여행,첨성대,NNG
전주 여행,첨성대,NNG
전주 여행,신라,NNP
전주 여행,시대,NNG
전주 여행,관측,NNG
전주 여행,최근,NNG
전주 여행,코스,NNG
전주 여행,야경,NNG
전주 여행,사람,NNG
전주 여행,지인,NNG
전주 여행,경험,NNG
전주 여행,생각,NNG
전주 여행,주목,NNG
전주 여행,장소,NNG
전주 여행,정리,NNG
전주 여행,산사,NNG
전주 여행,옥천사,NNG
전주 여행,수학,NNG
전주 여행,성지,NNG
전주 여행,역사,NNG
전주 여행,탐방,NNG
전주 여행,중심지,NNG
전주 여행,주변,NNG
전주 여행,아기,NNG
전주 여행,후기,NNG
전주 여행,정글,NNG
전주 여행,법칙,NNG
전주 여행,미디어,NNG
전주 여행,파크,NNG
전주 여행,버드,NNP
전주 여행,파크,NNG
전주 여행,일정,NNG
전주 여행,버드,NNP
전주 여행,파크,NNG
전주 여행,위치,NNG
전주 여행,경북,NNP
전주 여행,보문,NNG
전주 여행,북군동,NNP
전주 여행,전화,NNG
전주 여행,운영,NNG
전주 여행,시간,NNG
전주 여행,입장료,NNG
전주 여행,대인,NNG
전주 여행,소인,NNG
전주 여행,울산,NNP
전주 여행,동궁,NNG
전주 여행,월지,NNG
전주 여행,누리,NNG
전주 여행,정원,NNG
전주 여행,성호,NNG
전주 여행,리조트,NNG
전주 여행,장생포,NNG
전주 여행,고래,NNG
전주 여행,문화,NNG
전주 여행,특구,NNP
전주 여행,이름,NNG
전주 여행,고래,NNG
전주 여행,주제,NNG
전주 여행,관광지,NNG
전주 여행,형성,NNG
전주 여행,박물관,NNG
전주 여행,생태,NNG
전주 여행,국내,NNG
전주 여행,울산,NNP
전주 여행,루비,NNG
전주 여행,정원,NNG
전주 여행,연휴,NNG
전주 여행,시작,NNG
전주 여행,신청,NNG
전주 여행,센터,NNG
전주 여행,부지,NNG
전주 여행,자리,NNG
전주 여행,역사,NNG
전주 여행,마당,NNG
전주 여행,연휴,NNG
전주 여행,계획,NNG
전주 여행,이용,NNG
전주 여행,루비,NNG
전주 여행,출장,NNG
전주 여행,조식,NNG
전주 여행,제공,NNG
전주 여행,에이치,NNG
전주 여행,비뉴,NNG
전주 여행,호텔,NNG
전주 여행,불국사,NNP
전주 여행,도보,NNG
전주 여행,거리,NNG
전주 여행,피로,NNG
전주 여행,조금,NNG
전주 여행,아침,NNG
전주 여행,불국사,NNG
전주 여행,방문,NNG
전주 여행,고요,NNG
전주 여행,분위기,NNG
전주 여행,산책,NNG
전주 여행,최적,NNG
전주 여행,위치,NNG
전주 여행,스테이,NNG
전주 여행,알라딘,NNP
전주 여행,자평,NNG
전주 여행,일상,NNG
전주 여행,고고학,NNG
전주 여행,일상,NNG
전주 여행,고고학,NNG
전주 여행,개정,NNG
전주 여행,증보판,NNG
전주 여행,일상,NNG
전주 여행,고고학,NNG
전주 여행,시리즈,NNG
전주 여행,황윤,NNG
전주 여행,지음,NNG
전주 여행,고양이,NNG
전주 여행,평점,NNG
전주 여행,역사,NNG
전주 여행,사랑,NNG
전주 여행,사람,NNG
전주 여행,사랑,NNG
전주 여행,평화,NNG
전주 여행,강릉,NNP
전주 여행,서나,NNG
전주 여행,강릉,NNP
전주 여행,한옥,NNG
전주 여행,숙소,NNG
전주 여행,소설,NNG
전주 여행,첨성,NNG
전주 여행,대점,NNG
전주 여행,비향,NNP
전주 여행,한옥,NNG
전주 여행,숙소,NNG
전주 여행,이름,NNG
전주 여행,소설,NNG
전주 여행,첨성,NNG
전주 여행,대점,NNG
전주 여행,첨성대,NNG
전주 여행,첨성,NNG
전주 여행,대점,NNG
전주 여행,한옥,NNG
전주 여행,소설,NNG
전주 여행,인기,NNG
전주 여행,주말,NNG
전주 여행,알라딘,NNP
전주 여행,황금,NNG
전주 여행,호두,NNG
전주 여행,무웅,NNP
전주 여행,코스,NNG
전주 여행,느낌,NNG
전주 여행,느낌,NNG
전주 여행,신라,NNP
전주 여행,아이,NNG
전주 여행,티비,NNG
전주 여행,이동은,NNP
전주 여행,기차,NNG
전주 여행,자전거,NNG
전주 여행,도보,NNG
전주 여행,버스,NNG
전주 여행,투어,NNG
전주 여행,가능,NNG
전주 여행,코스,NNG
전주 여행,시내,NNG
전주 여행,천마총,NNG
전주 여행,왕릉,NNG
전주 여행,첨성대,NNG
전주 여행,계림,NNG
전주 여행,포석정,NNP
전주 여행,안압지,NNP
전주 여행,알라딘,NNP
전주 여행,자평,NNG
전주 여행,일상,NNG
전주 여행,고고학,NNG
전주 여행,일상,NNG
전주 여행,고고학,NNG
전주 여행,개정,NNG
전주 여행,증보판,NNG
전주 여행,일상,NNG
전주 여행,고고학,NNG
전주 여행,시리즈,NNG
전주 여행,황윤,NNG
전주 여행,지음,NNG
전주 여행,고양이,NNG
전주 여행,오랜만,NNG
전주 여행,저자,NNG
전주 여행,역사,NNG
전주 여행,느낌,NNG
전주 여행,감포,NNP
전주 여행,대말,NNG
전주 여행,체험,NNG
전주 여행,전시관,NNG
전주 여행,위치,NNG
전주 여행,경북,NNP
전주 여행,척사,NNG
전주 여행,운영,NNG
전주 여행,시간,NNG
전주 여행,연중무휴,NNG
전주 여행,대표,NNG
전주 여행,전화,NNG
전주 여행,입장료,NNG
전주 여행,무료,NNG
전주 여행,대말,NNG
전주 여행,체험,NNG
전주 여행,아이,NNG
전주 여행,점심,NNG
전주 여행,시간,NNG
전주 여행,운영,NNG
전주 여행,코스,NNG
전주 여행,읍천항,NNP
전주 여행,주상,NNG
전주 여행,절리,NNG
전주 여행,파도,NNG
전주 여행,소리,NNG
전주 여행,주상,NNG
전주 여행,절리,NNG
전주 여행,제주도,NNP
전주 여행,읍천항,NNP
전주 여행,코스,NNG
전주 여행,읍천항,NNP
전주 여행,자리,NNG
전주 여행,주상,NNG
전주 여행,절리,NNG
전주 여행,파도,NNG
전주 여행,소리,NNG
전주 여행,주차장,NNG
전주 여행,등대,NNG
전주 여행,교리,NNG
전주 여행,김밥,NNG
전주 여행,맛집,NNG
전주 여행,김밥,NNG
전주 여행,남산,NNG
전주 여행,등산,NNG
전주 여행,포함,NNG
전주 여행,당일,NNG
전주 여행,계획,NNG
전주 여행,코스,NNG
전주 여행,정도,NNG
전주 여행,생각,NNG
전주 여행,남산,NNG
전주 여행,놀부,NNG
전주 여행,보쌈,NNG
전주 여행,황오,NNP
전주 여행,배달,NNG
전주 여행,후기,NNG
전주 여행,숙소,NNG
전주 여행,황남,NNG
전주 여행,저녁,NNG
전주 여행,아이,NNG
전주 여행,배민,NNG
전주 여행,놀부,NNG
전주 여행,보쌈,NNG
전주 여행,검색,NNG
전주 여행,황오,NNP
전주 여행,배달,NNG
전주 여행,가능,NNG
전주 여행,저희,NP
전주 여행,황남,NNG
전주 여행,기차,NNG
전주 여행,일전,NNG
전주 여행,크리스마스,NNG
전주 여행,오늘,NNG
전주 여행,안녕,NNG
전주 여행,이번,NNG
전주 여행,컨셉,NNG
전주 여행,호텔,NNG
전주 여행,알라딘,NNP
전주 여행,서재,NNP
전주 여행,이야기,NNG
전주 여행,일상,NNG
전주 여행,고고학,NNG
전주 여행,무대,NNG
전주 여행,에세이,NNG
전주 여행,문화재,NNG
전주 여행,사전,NNG
전주 여행,지식,NNG
전주 여행,얼마,NNG
전주 여행,의미,NNG
전주 여행,알라딘,NNP
전주 여행,자평,NNG
전주 여행,일상,NNG
전주 여행,고고학,NNG
전주 여행,일상,NNG
전주 여행,고고학,NNG
전주 여행,개정,NNG
전주 여행,증보판,NNG
전주 여행,일상,NNG
전주 여행,고고학,NNG
전주 여행,시리즈,NNG
전주 여행,황윤,NNG
전주 여행,지음,NNG
전주 여행,고양이,NNG
전주 여행,이야기,NNG
전주 여행,호기심,NNG
전주 여행,알라딘,NNP
전주 여행,자평,NNG
전주 여행,일상,NNG
전주 여행,고고학,NNG
전주 여행,일상,NNG
전주 여행,고고학,NNG
전주 여행,개정,NNG
전주 여행,증보판,NNG
전주 여행,일상,NNG
전주 여행,고고학,NNG
전주 여행,시리즈,NNG
전주 여행,황윤,NNG
전주 여행,지음,NNG
전주 여행,고양이,NNG
전주 여행,평점,NNG
전주 여행,신라,NNP
전주 여행,마니아,NNG
전주 여행,기라,NNG
전주 여행,관심,NNG
전주 여행,가요,NNG
전주 여행,고고학,NNG
전주 여행,관점,NNG
전주 여행,석빙고,NNG
전주 여행,볼거리,NNG
전주 여행,근처,NNG
전주 여행,안압,NNG
전주 여행,볼거리,NNG
전주 여행,석빙고,NNG
전주 여행,이번,NNG
전주 여행,석빙고,NNG
전주 여행,석빙고,NNG
전주 여행,영조,NNG
전주 여행,일종,NNG
전주 여행,얼음,NNG
전주 여행,창고,NNG
전주 여행,근처,NNG
전주 여행,첨성대,NNG
전주 여행,가본,NNG
전주 여행,동궁,NNG
전주 여행,커피,NNG
전주 여행,열매,NNG
전주 여행,노천온천,NNP
전주 여행,행복,NNG
전주 여행,황리,NNG
전주 여행,보문,NNG
전주 여행,왕릉,NNG
전주 여행,탐방,NNG
전주 여행,데이트,NNG
전주 여행,코스,NNG
전주 여행,황리,NNG
전주 여행,마음,NNG
전주 여행,낭만,NNG
전주 여행,경상도,NNP
전주 여행,거리,NNG
전주 여행,유적지,NNG
전주 여행,한옥,NNG
전주 여행,고도,NNG
전주 여행,밀면,NNP
전주 여행,가격,NNG
전주 여행,비빔,NNG
전주 여행,떡갈비,NNG
전주 여행,밥상,NNG
전주 여행,육수,NNG
전주 여행,평가,NNG
전주 여행,입맛,NNG
전주 여행,취향,NNG
전주 여행,엑스,NNG
전주 여행,포대,NNG
전주 여행,공원,NNG
전주 여행,애벌레,NNG
전주 여행,보문호,NNP
전주 여행,주변,NNG
전주 여행,엑스,NNG
전주 여행,포대,NNG
전주 여행,공원,NNG
전주 여행,입장,NNG
전주 여행,엑스포,NNG
전주 여행,기념관,NNG
전주 여행,천마,NNG
전주 여행,궁전,NNG
전주 여행,타워,NNG
전주 여행,솔거,NNG
전주 여행,미술관,NNG
전주 여행,자연사,NNG
전주 여행,박물관,NNG
전주 여행,동방역,NNP
전주 여행,능소화,NNG
전주 여행,서출지,NNG
전주 여행,경북,NNP
전주 여행,산림,NNG
전주 여행,연구원,NNG
전주 여행,동방역,NNP
전주 여행,능소화,NNG
전주 여행,서출지,NNG
전주 여행,경북,NNP
전주 여행,산림,NNG
전주 여행,연구원,NNG
전주 여행,모녀,NNG
전주 여행,바보,NNG
전주 여행,블로그,NNG
전주 여행,모녀,NNG
전주 여행,첨성대,NNG
전주 여행,야생,NNG
전주 여행,계림,NNG
전주 여행,월지,NNG
전주 여행,안압지,NNP
전주 여행,계림,NNP
전주 여행,월지,NNP
전주 여행,안압지,NNP
전주 여행,야경,NNG
전주 여행,박물관,NNG
전주 여행,김유신,NNP
전주 여행,장군,NNG
전주 여행,석굴암,NNG
전주 여행,알라딘,NNP
전주 여행,자평,NNG
전주 여행,일상,NNG
전주 여행,고고학,NNG
전주 여행,일상,NNG
전주 여행,고고학,NNG
전주 여행,개정,NNG
전주 여행,증보판,NNG
전주 여행,일상,NNG
전주 여행,고고학,NNG
전주 여행,시리즈,NNG
전주 여행,황윤,NNG
전주 여행,지음,NNG
전주 여행,고양이,NNG
전주 여행,평점,NNG
전주 여행,삼국,NNG
전주 여행,시대,NNG
전주 여행,자료,NNG
전주 여행,섭렵,NNG
전주 여행,소장,NNG
전주 여행,역사,NNG
전주 여행,학자,NNG
전주 여행,순수,NNG
전주 여행,시각,NNG
전주 여행,알라딘,NNP
전주 여행,일상,NNG
전주 여행,고고학,NNG
전주 여행,일상,NNG
전주 여행,고고학,NNG
전주 여행,개정,NNG
전주 여행,증보판,NNG
전주 여행,일상,NNG
전주 여행,고고학,NNG
전주 여행,시리즈,NNG
전주 여행,황윤,NNG
전주 여행,지음,NNG
전주 여행,고양이,NNG
전주 여행,평점,NNG
전주 여행,수학,NNG
전주 여행,추억,NNG
전주 여행,역사,NNG
전주 여행,경비,NNG
전주 여행,혼자,NNG
전주 여행,이동,NNG
전주 여행,수단,NNG
전주 여행,시외버스,NNG
전주 여행,버스,NNG
전주 여행,택시,NNG
전주 여행,시티투어,NNP
전주 여행,버스,NNG
전주 여행,기타,NNG
전주 여행,생필품,NNG
전주 여행,샴푸,NNG
전주 여행,린스,NNG
전주 여행,바디,NNG
전주 여행,워시,NNP
전주 여행,버블,NNG
전주 여행,경비,NNG
전주 여행,경북,NNP
전주 여행,현대,NNG
전주 여행,호텔,NNG
전주 여행,현대,NNP
전주 여행,호텔,NNG
전주 여행,현대,NNG
전주 여행,호텔,NNG
전주 여행,보문,NNP
전주 여행,수상,NNG
전주 여행,공연장,NNG
전주 여행,보문관광단지,NNP
전주 여행,보문호,NNP
전주 여행,신라,NNP
전주 여행,컨트리클럽,NNG
전주 여행,숙박,NNG
전주 여행,현대,NNG
전주 여행,호텔,NNG
전주 여행,방문,NNG
전주 여행,일자,NNG
전주 여행,현대,NNG
전주 여행,호텔,NNG
전주 여행,경북,NNP
전주 여행,신평동,NNP
전주 여행,석굴암,NNG
전주 여행,불국사,NNG
전주 여행,석굴암,NNG
전주 여행,불국사,NNG
전주 여행,일시,NNG
전주 여행,장소,NNG
전주 여행,석굴암,NNG
전주 여행,불국사,NNG
전주 여행,참여,NNG
전주 여행,우리,NP
전주 여행,가족,NNG
전주 여행,송국영,NNP
전주 여행,안종,NNP
전주 여행,송진주,NNP
전주 여행,김홍식,NNP
전주 여행,김연우,NNP
전주 여행,연주,NNP
전주 여행,조광민,NNP
전주 여행,대릉원,NNG
전주 여행,스탬프,NNG
전주 여행,투어,NNG
전주 여행,이야기,NNG
전주 여행,대릉원,NNG
전주 여행,천마,NNG
전주 여행,경북,NNP
전주 여행,스탬프,NNG
전주 여행,투어,NNG
전주 여행,오릉,NNG
전주 여행,대릉원,NNG
전주 여행,천마총,NNG
전주 여행,오릉,NNG
전주 여행,교촌,NNG
전주 여행,마을,NNG
전주 여행,투어,NNG
전주 여행,다음,NNG
전주 여행,오릉,NNG
전주 여행,교촌,NNG
전주 여행,마을,NNG
전주 여행,느낌,NNG
전주 여행,유적지,NNG
전주 여행,트레,NNP
전주 여행,대상지,NNG
전주 여행,유적지,NNG
전주 여행,트레,NNP
전주 여행,소재지,NNG
전주 여행,경북,NNP
전주 여행,동궁,NNG
전주 여행,월지,NNG
전주 여행,반월,NNG
전주 여행,교촌,NNG
전주 여행,대릉원,NNG
전주 여행,고분,NNG
전주 여행,분황사,NNG
전주 여행,황룡사,NNG
전주 여행,역사,NNG
전주 여행,문화원,NNG
전주 여행,동궁,NNG
전주 여행,월지,NNG
전주 여행,주차장,NNG
전주 여행,반월,NNG
전주 여행,동궁,NNG
전주 여행,월지,NNG
전주 여행,안압지,NNP
전주 여행,야경,NNG
전주 여행,해외,NNG
전주 여행,이야기,NNG
전주 여행,후기,NNG
전주 여행,동궁,NNG
전주 여행,월지,NNG
전주 여행,안압지,NNP
전주 여행,야경,NNG
전주 여행,훌리아,NNP
전주 여행,여름,NNG
전주 여행,사진,NNG
전주 여행,보관,NNG
전주 여행,구독,NNG
전주 여행,해외,NNG
전주 여행,이야기,NNG
전주 여행,후기,NNG
전주 여행,일요일,NNG
전주 여행,오전,NNG
전주 여행,오후,NNG
전주 여행,고향,NNG
전주 여행,친구,NNG
전주 여행,신라,NNP
전주 여행,대종,NNG
전주 여행,장맛비,NNG
전주 여행,시작,NNG
전주 여행,육월,NNP
전주 여행,중순,NNG
전주 여행,고향,NNG
전주 여행,친구,NNG
전주 여행,대릉원,NNG
전주 여행,돌담길,NNP
전주 여행,황리,NNG
전주 여행,이야기,NNG
전주 여행,계명,NNG
전주 여행,대학교,NNG
전주 여행,동산,NNG
전주 여행,병원,NNG
전주 여행,일자,NNG
전주 여행,인원,NNG
전주 여행,친구,NNG
전주 여행,시외버스,NNG
전주 여행,터미널,NNG
전주 여행,경북,NNP
전주 여행,노서동,NNP
전주 여행,전화,NNG
전주 여행,시외버스,NNG
전주 여행,터미널,NNG
전주 여행,알라딘,NNP
전주 여행,자평,NNG
전주 여행,일상,NNG
전주 여행,고고학,NNG
전주 여행,일상,NNG
전주 여행,고고학,NNG
전주 여행,개정,NNG
전주 여행,증보판,NNG
전주 여행,일상,NNG
전주 여행,고고학,NNG
전주 여행,시리즈,NNG
전주 여행,황윤,NNG
전주 여행,지음,NNG
전주 여행,고양이,NNG
전주 여행,길잡이,NNG
전주 여행,이해,NNG
전주 여행,코스,NNG
전주 여행,베스트,NNG
전주 여행,추천,NNG
전주 여행,코스,NNG
전주 여행,베스트,NNG
전주 여행,추천,NNG
전주 여행,코스,NNG
전주 여행,베스트,NNG
전주 여행,추천,NNG
전주 여행,소개,NNG
전주 여행,황리,NNG
전주 여행,상호,NNG
전주 여행,황리,NNG
전주 여행,주소,NNG
전주 여행,경상북도,NNP
전주 여행,황남동,NNP
전주 여행,전화,NNG
전주 여행,번호,NNG
전주 여행,입력,NNG
전주 여행,관련,NNG
전주 여행,키워드,NNP
전주 여행,키워드,NNP
전주 여행,코스,NNG
전주 여행,불국사,NNP
전주 여행,석굴암,NNG
전주 여행,중교,NNG
전주 여행,서울,NNP
전주 여행,불국사,NNP
전주 여행,불국사,NNP
전주 여행,국보,NNG
전주 여행,다보탑,NNG
전주 여행,석가탑,NNG
전주 여행,석굴암,NNG
전주 여행,입장료,NNG
전주 여행,불국사,NNG
전주 여행,스탬프,NNG
전주 여행,투어,NNG
전주 여행,이야기,NNG
전주 여행,불국사,NNP
전주 여행,석굴암,NNG
전주 여행,경북,NNP
전주 여행,스탬프,NNG
전주 여행,투어,NNG
전주 여행,가을,NNG
전주 여행,불국사,NNG
전주 여행,석굴암,NNG
전주 여행,동리,NNG
전주 여행,문학관,NNG
전주 여행,구경,NNG
전주 여행,다음,NNG
전주 여행,장소,NNG
전주 여행,핵심,NNG
전주 여행,메카,NNP
전주 여행,불국사,NNP
전주 여행,석굴암,NNG
전주 여행,황리,NNG
전주 여행,한옥,NNG
전주 여행,카페,NNG
전주 여행,추천,NNG
전주 여행,카페,NNP
전주 여행,아덴,NNP
전주 여행,카페,NNP
전주 여행,아덴,NNP
전주 여행,위치,NNG
전주 여행,경북,NNP
전주 여행,사정,NNG
전주 여행,운영,NNG
전주 여행,시간,NNG
전주 여행,실시간,NNG
전주 여행,예보,NNG
전주 여행,커피,NNG
전주 여행,아덴,NNP
전주 여행,시그,NNP
전주 여행,알라딘,NNP
전주 여행,자평,NNG
전주 여행,일상,NNG
전주 여행,고고학,NNG
전주 여행,일상,NNG
전주 여행,고고학,NNG
전주 여행,개정,NNG
전주 여행,증보판,NNG
전주 여행,일상,NNG
전주 여행,고고학,NNG
전주 여행,시리즈,NNG
전주 여행,황윤,NNG
전주 여행,지음,NNG
전주 여행,고양이,NNG
전주 여행,평점,NNG
전주 여행,기대,NNG
전주 여행,알라딘,NNP
전주 여행,서재,NNP
전주 여행,필수,NNG
전주 여행,필요,NNG
전주 여행,지식,NNG
전주 여행,설명,NNG
전주 여행,이해,NNG
전주 여행,사진,NNG
전주 여행,정보,NNG
전주 여행,서울,NNP
전주 여행,역사,NNG
전주 여행,한옥,NNG
전주 여행,독서,NNG
전주 여행,모임,NNG
전주 여행,주문,NNG
전주 여행,역사,NNG
전주 여행,예정,NNG
전주 여행,대릉원,NNG
전주 여행,대릉원,NNG
전주 여행,담장,NNG
전주 여행,이번,NNG
전주 여행,가을,NNG
전주 여행,만끽,NNG
전주 여행,컨셉,NNG
전주 여행,가을,NNG
전주 여행,분위기,NNG
전주 여행,고조,NNG
전주 여행,벚나무,NNG
전주 여행,좌우,NNG
전주 여행,슈만,NNP
전주 여행,클라라,NNP
전주 여행,도착,NNG
전주 여행,슈만,NNP
전주 여행,클라라,NNP
전주 여행,위치,NNG
전주 여행,요기,NP
전주 여행,여기,NP
전주 여행,버스,NNG
전주 여행,버스,NNG
전주 여행,택시,NNG
전주 여행,다음,NNG
전주 여행,문제,NNG
전주 여행,봄꽃,NNG
전주 여행,마지막,NNG
전주 여행,월요일,NNG
전주 여행,벚꽃,NNG
전주 여행,상춘객,NNG
전주 여행,점심,NNG
전주 여행,집사람,NNG
전주 여행,국도,NNG
전주 여행,곳곳,NNG
전주 여행,벚꽃,NNG
전주 여행,자랑,NNG
전주 여행,열중,NNG
전주 여행,황리,NNG
전주 여행,맛집,NNG
전주 여행,여도,NNG
전주 여행,영업,NNG
전주 여행,종료,NNG
전주 여행,오늘,NNG
전주 여행,맛집,NNG
전주 여행,황리,NNG
전주 여행,맛집,NNG
전주 여행,여주,NNG
전주 여행,이야기,NNG
전주 여행,여도,NNG
전주 여행,저희,NP
전주 여행,기록,NNG
전주 여행,포스팅,NNP
전주 여행,진행,NNG
전주 여행,참고,NNG
전주 여행,한옥,NNP
전주 여행,외관,NNG
전주 여행,눈길,NNG
전주 여행,황리,NNG
전주 여행,주전부리,NNG
전주 여행,황금,NNG
전주 여행,황남,NNG
전주 여행,옥수수,NNG
전주 여행,청년,NNG
전주 여행,분식,NNG
전주 여행,황리,NNG
전주 여행,주전부리,NNG
전주 여행,저녁,NNG
전주 여행,황리,NNG
전주 여행,주전부리,NNG
전주 여행,결론,NNG
전주 여행,청년,NNG
전주 여행,분식,NNG
전주 여행,황남,NNG
전주 여행,옥수수,NNG
전주 여행,청년,NNG
전주 여행,분식,NNG
전주 여행,쥬얼,NNP
전주 여행,유혹,NNG
전주 여행,성동,NNG
전주 여행,시장,NNG
전주 여행,구경,NNG
전주 여행,가을,NNG
전주 여행,기차,NNG
전주 여행,피날레,NNG
전주 여행,가을,NNG
전주 여행,기차,NNG
전주 여행,단풍,NNG
전주 여행,은행,NNG
전주 여행,낙엽,NNG
전주 여행,언니,NNG
전주 여행,수고,NNG
전주 여행,숙소,NNG
전주 여행,변경,NNG
전주 여행,지도자,NNG
전주 여행,언니,NNG
전주 여행,첨성대,NNG
전주 여행,대릉원,NNG
전주 여행,주차,NNG
전주 여행,주차장,NNG
전주 여행,대릉원,NNG
전주 여행,주차장,NNG
전주 여행,여기,NP
전주 여행,매표,NNG
전주 여행,혼자,NNG
전주 여행,필요,NNG
전주 여행,드라이브,NNG
전주 여행,그곳,NP
전주 여행,첨성대,NNG
전주 여행,마지막,NNG
전주 여행,선물,NNG
전주 여행,눈발,NNG
전주 여행,시작,NNG
전주 여행,세상,NNG
전주 여행,눈길,NNG
전주 여행,산책,NNG
전주 여행,불국사,NNP
전주 여행,기차,NNG
전주 여행,마무리,NNG
전주 여행,하늘,NNG
전주 여행,야경,NNG
전주 여행,매력,NNG
전주 여행,정교,NNG
전주 여행,분위기,NNG
전주 여행,저녁,NNG
전주 여행,정교,NNG
전주 여행,방문,NNG
전주 여행,추천,NNG
전주 여행,정교,NNG
전주 여행,사진,NNG
전주 여행,정교,NNG
전주 여행,야경,NNG
전주 여행,마지막,NNG
전주 여행,여기,NP
전주 여행,신라,NNP
전주 여행,신라,NNP
전주 여행,해장국,NNG
전주 여행,황남,NNG
전주 여행,맷돌,NNG
전주 여행,순두부,NNG
전주 여행,두부,NNG
전주 여행,보쌈,NNG
전주 여행,제육,NNG
전주 여행,순두부찌개,NNG
전주 여행,황남,NNG
전주 여행,맷돌,NNG
전주 여행,순두부,NNG
전주 여행,영업시간,NNG
전주 여행,황리,NNG
전주 여행,시작,NNG
전주 여행,밥집,NNG
전주 여행,영업,NNG
전주 여행,마감,NNG
전주 여행,고기,NNG
전주 여행,두부,NNG
전주 여행,순두부찌개,NNG
전주 여행,호랑이,NNG
전주 여행,막걸리,NNG
전주 여행,울주,NNP
전주 여행,새벽,NNG
전주 여행,하늘,NNG
전주 여행,예쁘다,NNP
전주 여행,월드,NNG
전주 여행,판다,NNG
전주 여행,점심,NNG
전주 여행,친절,NNG
전주 여행,떡갈비,NNG
전주 여행,계란찜,NNG
전주 여행,풍경,NNG
전주 여행,행복,NNG
전주 여행,울주,NNP
전주 여행,서출지,NNG
전주 여행,날씨,NNG
전주 여행,촬영,NNG
전주 여행,사진가,NNG
전주 여행,미안,NNG
전주 여행,생각,NNG
전주 여행,날씨,NNG
전주 여행,촬영,NNG
전주 여행,대작,NNG
전주 여행,알라딘,NNP
전주 여행,자평,NNG
전주 여행,우리,NP
전주 여행,우리,NP
전주 여행,세계,NNG
전주 여행,문화유산,NNG
전주 여행,개정판,NNG
전주 여행,답사,NNG
전주 여행,역사,NNG
전주 여행,박광일,NNP
전주 여행,전향,NNG
전주 여행,이야기,NNG
전주 여행,기획,NNG
전주 여행,성당,NNG
전주 여행,평점,NNG
전주 여행,초등,NNG
전주 여행,학교,NNG
전주 여행,학생,NNG
전주 여행,수학,NNG
전주 여행,알라딘,NNP
전주 여행,자평,NNG
전주 여행,일상,NNG
전주 여행,고고학,NNG
전주 여행,일상,NNG
전주 여행,고고학,NNG
전주 여행,개정,NNG
전주 여행,증보판,NNG
전주 여행,일상,NNG
전주 여행,고고학,NNG
전주 여행,시리즈,NNG
전주 여행,황윤,NNG
전주 여행,지음,NNG
전주 여행,고양이,NNG
전주 여행,타임캡슐,NNG
전주 여행,신라,NNG
전주 여행,특별,NNG
전주 여행,시간,NNG
전주 여행,오늘,NNG
전주 여행,날씨,NNG
전주 여행,마을,NNG
전주 여행,식당,NNG
전주 여행,양념,NNG
전주 여행,게장,NNG
전주 여행,점심,NNG
전주 여행,힐튼,NNP
전주 여행,호텔,NNG
전주 여행,커피,NNG
전주 여행,한잔,NNG
전주 여행,보문,NNG
전주 여행,나무,NNG
전주 여행,감상,NNG
전주 여행,커피,NNG
전주 여행,한잔,NNG
전주 여행,스콘,NNP
전주 여행,행복,NNG
전주 여행,월드,NNG
전주 여행,관람,NNG
전주 여행,압지,NNG
전주 여행,야경,NNG
전주 여행,투어,NNG
전주 여행,방문,NNG
전주 여행,보름달,NNG
전주 여행,하늘,NNG
전주 여행,황청,NNG
전주 여행,연못,NNG
전주 여행,야경,NNG
전주 여행,야경,NNG
전주 여행,이곳,NP
전주 여행,압지,NNG
전주 여행,알라딘,NNP
전주 여행,자평,NNG
전주 여행,우리,NP
전주 여행,우리,NP
전주 여행,신라,NNG
전주 여행,답사,NNG
전주 여행,역사,NNG
전주 여행,박광일,NNP
전주 여행,평점,NNG
전주 여행,구판,NNG
전주 여행,절판,NNG
전주 여행,아이,NNG
전주 여행,눈높이,NNG
전주 여행,알라딘,NNP
전주 여행,자평,NNG
전주 여행,일상,NNG
전주 여행,고고학,NNG
전주 여행,일상,NNG
전주 여행,고고학,NNG
전주 여행,개정,NNG
전주 여행,증보판,NNG
전주 여행,일상,NNG
전주 여행,고고학,NNG
전주 여행,시리즈,NNG
전주 여행,황윤,NNG
전주 여행,지음,NNG
전주 여행,고양이,NNG
전주 여행,평점,NNG
전주 여행,유익,NNG
전주 여행,알라딘,NNP
전주 여행,역사,NNG
전주 여행,관심,NNG
전주 여행,시작,NNG
전주 여행,생각,NNG
전주 여행,마음,NNG
전주 여행,기억,NNG
전주 여행,아이,NNG
전주 여행,신라,NNG
전주 여행,동안,NNG
전주 여행,내용,NNG
전주 여행,생각,NNG
전주 여행,유적지,NNG
전주 여행,매화,NNG
전주 여행,산수유,NNG
전주 여행,만발,NNG
전주 여행,보문,NNG
전주 여행,호수,NNG
전주 여행,산책,NNG
전주 여행,행복,NNG
전주 여행,마무리,NNG
전주 여행,알라딘,NNP
전주 여행,자평,NNG
전주 여행,일상,NNG
전주 여행,고고학,NNG
전주 여행,일상,NNG
전주 여행,고고학,NNG
전주 여행,일상,NNG
전주 여행,시리즈,NNG
전주 여행,황윤,NNG
전주 여행,지음,NNG
전주 여행,고양이,NNG
전주 여행,평점,NNG
전주 여행,마니아,NNG
전주 여행,탐방기,NNG
전주 여행,설명,NNG
전주 여행,알라딘,NNP
전주 여행,자평,NNG
전주 여행,일상,NNG
전주 여행,고고학,NNG
전주 여행,일상,NNG
전주 여행,고고학,NNG
전주 여행,개정,NNG
전주 여행,증보판,NNG
전주 여행,일상,NNG
전주 여행,고고학,NNG
전주 여행,시리즈,NNG
전주 여행,황윤,NNG
전주 여행,지음,NNG
전주 여행,고양이,NNG
전주 여행,평점,NNG
전주 여행,풍경,NNG
전주 여행,고고학,NNG
전주 여행,우리,NP
전주 여행,지적,NNG
전주 여행,힐링,NNG
전주 여행,주상,NNG
전주 여행,절리,NNG
전주 여행,스탬프,NNG
전주 여행,투어,NNG
전주 여행,목적지,NNG
전주 여행,주상,NNG
전주 여행,스탬프,NNG
전주 여행,투어,NNG
전주 여행,주상,NNG
전주 여행,절리,NNG
전주 여행,해변,NNG
전주 여행,둘레길,NNP
전주 여행,주상,NNG
전주 여행,절리,NNG
전주 여행,파도,NNG
전주 여행,소리,NNG
전주 여행,시작,NNG
전주 여행,오랫만,NNG
전주 여행,밤잠,NNG
전주 여행,시계,NNG
전주 여행,시간,NNG
전주 여행,불국사,NNP
전주 여행,황남빵,NNP
전주 여행,교리,NNG
전주 여행,김밥,NNG
전주 여행,내소,NNG
전주 여행,불국사,NNP
전주 여행,황남빵,NNP
전주 여행,교리,NNG
전주 여행,김밥,NNG
전주 여행,산내,NNG
전주 여행,소고기,NNG
전주 여행,울산,NNP
전주 여행,후배,NNG
전주 여행,울산,NNP
전주 여행,불국사,NNG
전주 여행,천마총,NNG
전주 여행,첨성대,NNG
전주 여행,나무,NNG
전주 여행,그늘,NNG
전주 여행,내부,NNG
전주 여행,전경,NNG
전주 여행,알라딘,NNP
전주 여행,자평,NNG
전주 여행,일상,NNG
전주 여행,고고학,NNG
전주 여행,개정,NNG
전주 여행,증보판,NNG
전주 여행,일상,NNG
전주 여행,고고학,NNG
전주 여행,시리즈,NNG
전주 여행,황윤,NNG
전주 여행,지음,NNG
전주 여행,고양이,NNG
전주 여행,평점,NNG
전주 여행,학교,NNG
전주 여행,공부,NNG
전주 여행,느낌,NNG
전주 여행,가보세요,NNG
전주 여행,알라딘,NNP
전주 여행,자평,NNG
전주 여행,일상,NNG
전주 여행,고고학,NNG
전주 여행,혼자,NNG
전주 여행,개정,NNG
전주 여행,증보판,NNG
전주 여행,일상,NNG
전주 여행,고고학,NNG
전주 여행,시리즈,NNG
전주 여행,황윤,NNG
전주 여행,지음,NNG
전주 여행,고양이,NNG
전주 여행,평점,NNG
전주 여행,이야기,NNG
전주 여행,작가,NNG
전주 여행,혼자,NNG
전주 여행,기대,NNG
전주 여행,매화꽃,NNG
전주 여행,산수유,NNG
전주 여행,날씨,NNG
전주 여행,바람,NNG
전주 여행,햇살,NNG
전주 여행,점심,NNG
전주 여행,황룡,NNG
전주 여행,동국,NNG
전주 여행,재단,NNG
전주 여행,운영,NNG
전주 여행,연수원,NNG
전주 여행,맷돌,NNG
전주 여행,순부,NNG
전주 여행,옆집,NNG
전주 여행,정화,NNG
전주 여행,송이,NNG
전주 여행,순두부,NNG
전주 여행,맛집,NNG
전주 여행,옆집,NNG
전주 여행,가격,NNG
전주 여행,기본,NNG
전주 여행,반찬,NNG
전주 여행,생선,NNG
전주 여행,구이,NNG
전주 여행,후배,NNG
전주 여행,순두부,NNG
전주 여행,순두부,NNG
전주 여행,파전,NNG
전주 여행,주문,NNG
전주 여행,새송이,NNP
전주 여행,탁주,NNG
전주 여행,주문,NNG
전주 여행,낮술,NNG
전주 여행,남산,NNP
전주 여행,칠불암,NNG
전주 여행,케이트,NNP
전주 여행,진입,NNG
전주 여행,서라벌,NNP
전주 여행,휴게소,NNG
전주 여행,통일전,NNP
전주 여행,주차장,NNG
전주 여행,주차,NNG
전주 여행,염불,NNG
전주 여행,사지,NNG
전주 여행,삼층석탑,NNP
전주 여행,주차,NNG
전주 여행,여기,NP
전주 여행,도착,NNG
전주 여행,주차,NNG
전주 여행,아침,NNG
전주 여행,알라딘,NNP
전주 여행,자평,NNG
전주 여행,일상,NNG
전주 여행,고고학,NNG
전주 여행,일상,NNG
전주 여행,고고학,NNG
전주 여행,개정,NNG
전주 여행,증보판,NNG
전주 여행,일상,NNG
전주 여행,고고학,NNG
전주 여행,시리즈,NNG
전주 여행,황윤,NNG
전주 여행,지음,NNG
전주 여행,고양이,NNG
전주 여행,평점,NNG
전주 여행,마음,NNG
전주 여행,중학교,NNG
전주 여행,수학,NNG
전주 여행,국내,NNG
전주 여행,사진,NNG
전주 여행,국내,NNG
전주 여행,테마,NNG
전주 여행,벚꽃,NNG
전주 여행,시기,NNG
전주 여행,아쉬움,NNG
전주 여행,대능원,NNP
전주 여행,출입문,NNG
전주 여행,능원,NNG
전주 여행,소나무,NNG
전주 여행,천마총,NNG
전주 여행,안압지,NNP
전주 여행,분황사,NNG
전주 여행,모전,NNG
전주 여행,석탑,NNG
전주 여행,원래,NNG
전주 여행,힐튼,NNP
전주 여행,호텔,NNG
전주 여행,한국,NNP
전주 여행,서울,NNP
전주 여행,호텔,NNG
전주 여행,체인,NNG
전주 여행,이상,NNG
전주 여행,두산,NNP
전주 여행,참고,NNG
전주 여행,미국,NNP
전주 여행,모델,NNG
전주 여행,손님,NNG
전주 여행,배려,NNG
전주 여행,호텔,NNG
전주 여행,토함산,NNP
전주 여행,단풍,NNG
전주 여행,터널,NNG
전주 여행,자연,NNG
전주 여행,수채화,NNG
전주 여행,단풍,NNG
전주 여행,숲길,NNG
전주 여행,불국사,NNP
전주 여행,석굴암,NNG
전주 여행,토함산,NNP
전주 여행,숲길,NNG
전주 여행,월산,NNG
전주 여행,고갯길,NNG
전주 여행,신라,NNP
전주 여행,역사,NNG
전주 여행,시내,NNG
전주 여행,배롱나무,NNG
전주 여행,첨성대,NNG
전주 여행,야경,NNG
전주 여행,수학,NNG
전주 여행,사람,NNG
전주 여행,자녀,NNG
전주 여행,역사,NNG
전주 여행,유적,NNG
전주 여행,답사,NNG
전주 여행,동행,NNG
전주 여행,생각,NNG
전주 여행,국내,NNG
전주 여행,특징,NNG
전주 여행,평온,NNG
전주 여행,자연,NNG
전주 여행,황리,NNG
전주 여행,카페,NNG
전주 여행,카페,NNG
전주 여행,카페,NNG
전주 여행,황리,NNG
전주 여행,거리,NNG
전주 여행,위치,NNG
전주 여행,거리,NNG
전주 여행,인테리어,NNG
전주 여행,눈길,NNG
전주 여행,카페,NNG
전주 여행,황리,NNG
전주 여행,카페,NNG
전주 여행,카페,NNG
전주 여행,날씨,NNG
전주 여행,경북,NNP
전주 여행,국밥,NNG
전주 여행,맛집,NNG
전주 여행,보문,NNG
전주 여행,경북,NNP
전주 여행,교촌,NNP
전주 여행,마을,NNG
전주 여행,교촌,NNG
전주 여행,보관,NNG
전주 여행,아이,NNG
전주 여행,가족,NNG
전주 여행,가족,NNG
전주 여행,기록,NNG
전주 여행,오늘,NNG
전주 여행,가족,NNG
전주 여행,모임,NNG
전주 여행,경북,NNP
전주 여행,불국사역,NNP
전주 여행,동대구,NNG
전주 여행,기차,NNG
전주 여행,무궁화호,NNP
전주 여행,시간,NNG
전주 여행,시외,NNG
전주 여행,고속,NNG
전주 여행,버스,NNG
전주 여행,터미널,NNG
전주 여행,거리,NNG
전주 여행,어디,NP
전주 여행,대중,NNG
전주 여행,교통,NNG
전주 여행,종류,NNG
전주 여행,서울,NNP
전주 여행,대전,NNP
전주 여행,이상,NNG
전주 여행,코스,NNG
전주 여행,알라딘,NNP
전주 여행,자평,NNG
전주 여행,일상,NNG
전주 여행,고고학,NNG
전주 여행,지음,NNG
전주 여행,고양이,NNG
전주 여행,평점,NNG
전주 여행,도시,NNG
전주 여행,시간,NNG
전주 여행,기분,NNG
전주 여행,행복,NNG
전주 여행,코로나,NNP
전주 여행,하늘,NNG
전주 여행,구름,NNG
전주 여행,고속도로,NNP
전주 여행,오늘,NNG
전주 여행,힐링,NNG
전주 여행,산송,NNG
전주 여행,한우구,NNP
전주 여행,언양,NNP
전주 여행,불고기,NNG
전주 여행,더덕구이,NNG
전주 여행,라떼,NNG
전주 여행,한잔,NNG
전주 여행,노천온천,NNP
전주 여행,하늘,NNG
전주 여행,알라딘,NNP
전주 여행,자평,NNG
전주 여행,일상,NNG
전주 여행,고고학,NNG
전주 여행,평점,NNG
전주 여행,가을,NNG
전주 여행,실천,NNG
전주 여행,사람,NNG
전주 여행,기대,NNG
전주 여행,알라딘,NNP
전주 여행,자평,NNG
전주 여행,일상,NNG
전주 여행,고고학,NNG
전주 여행,일상,NNG
전주 여행,고고학,NNG
전주 여행,개정,NNG
전주 여행,증보판,NNG
전주 여행,일상,NNG
전주 여행,고고학,NNG
전주 여행,시리즈,NNG
전주 여행,황윤,NNG
전주 여행,지음,NNG
전주 여행,고양이,NNG
전주 여행,평점,NNG
전주 여행,구경,NNG
전주 여행,코로나,NNP
전주 여행,알라딘,NNP
전주 여행,자평,NNG
전주 여행,일상,NNG
전주 여행,고고학,NNG
전주 여행,일상,NNG
전주 여행,고고학,NNG
전주 여행,개정,NNG
전주 여행,증보판,NNG
전주 여행,일상,NNG
전주 여행,고고학,NNG
전주 여행,시리즈,NNG
전주 여행,황윤,NNG
전주 여행,지음,NNG
전주 여행,고양이,NNG
전주 여행,평점,NNG
전주 여행,수학,NNG
전주 여행,이후,NNG
전주 여행,생각,NNG
전주 여행,나정,NNG
전주 여행,맛집,NNG
전주 여행,나정,NNG
전주 여행,라면,NNG
전주 여행,맛집,NNG
전주 여행,에도,NNP
전주 여행,바다,NNG
전주 여행,나정,NNG
전주 여행,스토리,NNG
전주 여행,에도,NNP
전주 여행,바다,NNG
전주 여행,사실,NNG
전주 여행,아시나,NNP
전주 여행,바다,NNG
전주 여행,남편,NNG
전주 여행,역사,NNG
전주 여행,유적지,NNG
전주 여행,가을,NNG
전주 여행,도착,NNG
전주 여행,오늘,NNG
전주 여행,작년,NNG
전주 여행,여름,NNG
전주 여행,코스,NNG
전주 여행,서출지,NNG
전주 여행,통일전,NNP
전주 여행,산림,NNG
전주 여행,연구원,NNG
전주 여행,핑크,NNG
전주 여행,첨성대,NNG
전주 여행,주변,NNG
전주 여행,황리,NNG
전주 여행,구경,NNG
전주 여행,점심,NNG
전주 여행,커피,NNG
전주 여행,조금,NNG
전주 여행,가을,NNG
전주 여행,알라딘,NNP
전주 여행,자평,NNG
전주 여행,일상,NNG
전주 여행,고고학,NNG
전주 여행,일상,NNG
전주 여행,고고학,NNG
전주 여행,개정,NNG
전주 여행,증보판,NNG
전주 여행,일상,NNG
전주 여행,고고학,NNG
전주 여행,시리즈,NNG
전주 여행,황윤,NNG
전주 여행,지음,NNG
전주 여행,고양이,NNG
전주 여행,평점,NNG
전주 여행,수학,NNG
전주 여행,역사,NNG
전주 여행,의미,NNG
전주 여행,이제,NNG
전주 여행,풍경,NNG
전주 여행,알라딘,NNP
전주 여행,자평,NNG
전주 여행,일상,NNG
전주 여행,고고학,NNG
전주 여행,출간,NNG
전주 여행,일상,NNG
전주 여행,고고학,NNG
전주 여행,혼자,NNG
전주 여행,백제,NNG
전주 여행,이번,NNG
전주 여행,전작,NNG
전주 여행,백제,NNG
전주 여행,만족,NNG
전주 여행,이번,NNG
전주 여행,탑승,NNG
전주 여행,동궁,NNG
전주 여행,월지,NNG
전주 여행,첨성대,NNG
전주 여행,야경,NNG
전주 여행,연꽃,NNG
전주 여행,분황사,NNG
전주 여행,방문,NNG
전주 여행,이웃,NNG
전주 여행,지난주,NNG
전주 여행,예전,NNG
전주 여행,사진,NNG
전주 여행,경북,NNP
전주 여행,천문,NNG
전주 여행,기상,NNG
전주 여행,관측대,NNG
전주 여행,첨성대,NNG
전주 여행,일자,NNG
전주 여행,인원,NNG
전주 여행,친구,NNG
전주 여행,첨성대,NNG
전주 여행,경북,NNP
전주 여행,인왕동,NNP
전주 여행,전화,NNG
전주 여행,첨성대,NNG
전주 여행,관람료,NNG
전주 여행,무료,NNG
전주 여행,경북,NNP
전주 여행,이야기,NNG
전주 여행,첨성대,NNG
전주 여행,대릉원,NNG
전주 여행,야경,NNG
전주 여행,데이,NNG
전주 여행,택시,NNG
전주 여행,투어,NNG
전주 여행,감사,NNG
전주 여행,구매,NNG
전주 여행,플레이스,NNG
전주 여행,데이,NNG
전주 여행,택시,NNG
전주 여행,투어,NNG
전주 여행,돌고래,NNG
전주 여행,돌핀,NNG
전주 여행,스토어,NNG
전주 여행,플레이스,NNG
전주 여행,데이,NNG
전주 여행,택시,NNG
전주 여행,투어,NNG
전주 여행,패밀리,NNG
전주 여행,일상,NNG
전주 여행,오늘,NNG
전주 여행,목적지,NNG
전주 여행,회사,NNG
전주 여행,제휴,NNG
전주 여행,숙소,NNG
전주 여행,예약,NNG
전주 여행,도착,NNG
전주 여행,우리,NP
전주 여행,가족,NNG
전주 여행,국수집,NNG
전주 여행,와이프,NNG
전주 여행,검색,NNG
전주 여행,갈비,NNG
전주 여행,국수,NNG
전주 여행,경북,NNP
전주 여행,불국사,NNG
전주 여행,겹벚꽃,NNG
전주 여행,벚꽃,NNG
전주 여행,벚꽃,NNG
전주 여행,고수,NNG
전주 여행,티켓,NNG
전주 여행,예약,NNG
전주 여행,지역,NNG
전주 여행,벚꽃,NNG
전주 여행,불국사,NNG
전주 여행,겹벚꽃,NNG
전주 여행,불국사,NNP
전주 여행,입구,NNG
전주 여행,보문,NNG
전주 여행,벚꽃,NNG
전주 여행,보문호,NNP
전주 여행,선사,NNG
전주 여행,최적,NNG
전주 여행,지이,NNG
전주 여행,도로,NNG
전주 여행,꽃길,NNG
전주 여행,시각,NNG
전주 여행,힐링,NNG
전주 여행,만개,NNG
전주 여행,경관,NNG
전주 여행,보문,NNG
전주 여행,단지,NNG
전주 여행,시가지,NNG
전주 여행,동쪽,NNG
전주 여행,정도,NNG
전주 여행,활산,NNP
전주 여행,성터,NNG
전주 여행,경북,NNP
전주 여행,목련,NNG
전주 여행,대릉원,NNG
전주 여행,목련,NNG
전주 여행,풍경,NNG
전주 여행,최근,NNG
전주 여행,코스,NNG
전주 여행,야경,NNG
전주 여행,연인,NNG
전주 여행,당신,NP
전주 여행,야경,NNG
전주 여행,투어,NNG
전주 여행,코스,NNG
전주 여행,소개,NNG
전주 여행,준비,NNG
전주 여행,세계,NNG
전주 여행,문화유산,NNG
전주 여행,양동,NNP
전주 여행,마을,NNG
전주 여행,시간,NNG
전주 여행,조상,NNG
전주 여행,모습,NNG
전주 여행,간직,NNG
전주 여행,숨결,NNG
전주 여행,양동,NNP
전주 여행,마을,NNG
전주 여행,제격,NNG
전주 여행,경상북도,NNP
전주 여행,강동면,NNP
전주 여행,양동,NNP
전주 여행,마을,NNG
전주 여행,지번,NNG
전주 여행,경상북도,NNP
전주 여행,강동면,NNP
전주 여행,경북,NNP
전주 여행,다리,NNG
전주 여행,정교,NNG
전주 여행,교촌,NNG
전주 여행,마을,NNG
전주 여행,도착,NNG
전주 여행,행사,NNG
전주 여행,최근,NNG
전주 여행,연인,NNG
전주 여행,당신,NP
전주 여행,야경,NNG
전주 여행,투어,NNG
전주 여행,코스,NNG
전주 여행,소개,NNG
전주 여행,준비,NNG
전주 여행,야경,NNG
전주 여행,안압지,NNP
전주 여행,첨성대,NNG
전주 여행,관광지,NNG
전주 여행,첨성대,NNG
전주 여행,첨성대,NNG
전주 여행,신라,NNP
전주 여행,시대,NNG
전주 여행,관측,NNG
전주 여행,최근,NNG
전주 여행,코스,NNG
전주 여행,야경,NNG
전주 여행,사람,NNG
전주 여행,지인,NNG
전주 여행,경험,NNG
전주 여행,생각,NNG
전주 여행,주목,NNG
전주 여행,장소,NNG
전주 여행,정리,NNG
전주 여행,산사,NNG
전주 여행,옥천사,NNG
전주 여행,수학,NNG
전주 여행,성지,NNG
전주 여행,역사,NNG
전주 여행,탐방,NNG
전주 여행,중심지,NNG
전주 여행,주변,NNG
전주 여행,아기,NNG
전주 여행,후기,NNG
전주 여행,정글,NNG
전주 여행,법칙,NNG
전주 여행,미디어,NNG
전주 여행,파크,NNG
전주 여행,버드,NNP
전주 여행,파크,NNG
전주 여행,일정,NNG
전주 여행,버드,NNP
전주 여행,파크,NNG
전주 여행,위치,NNG
전주 여행,경북,NNP
전주 여행,보문,NNG
전주 여행,북군동,NNP
전주 여행,전화,NNG
전주 여행,운영,NNG
전주 여행,시간,NNG
전주 여행,입장료,NNG
전주 여행,대인,NNG
전주 여행,소인,NNG
전주 여행,울산,NNP
전주 여행,동궁,NNG
전주 여행,월지,NNG
전주 여행,누리,NNG
전주 여행,정원,NNG
전주 여행,성호,NNG
전주 여행,리조트,NNG
전주 여행,장생포,NNG
전주 여행,고래,NNG
전주 여행,문화,NNG
전주 여행,특구,NNP
전주 여행,이름,NNG
전주 여행,고래,NNG
전주 여행,주제,NNG
전주 여행,관광지,NNG
전주 여행,형성,NNG
전주 여행,박물관,NNG
전주 여행,생태,NNG
전주 여행,국내,NNG
전주 여행,울산,NNP
전주 여행,루비,NNG
전주 여행,정원,NNG
전주 여행,연휴,NNG
전주 여행,시작,NNG
전주 여행,신청,NNG
전주 여행,센터,NNG
전주 여행,부지,NNG
전주 여행,자리,NNG
전주 여행,역사,NNG
전주 여행,마당,NNG
전주 여행,연휴,NNG
전주 여행,계획,NNG
전주 여행,이용,NNG
전주 여행,루비,NNG
전주 여행,출장,NNG
전주 여행,조식,NNG
전주 여행,제공,NNG
전주 여행,에이치,NNG
전주 여행,비뉴,NNG
전주 여행,호텔,NNG
전주 여행,불국사,NNP
전주 여행,도보,NNG
전주 여행,거리,NNG
전주 여행,피로,NNG
전주 여행,조금,NNG
전주 여행,아침,NNG
전주 여행,불국사,NNG
전주 여행,방문,NNG
전주 여행,고요,NNG
전주 여행,분위기,NNG
전주 여행,산책,NNG
전주 여행,최적,NNG
전주 여행,위치,NNG
전주 여행,스테이,NNG
전주 여행,알라딘,NNP
전주 여행,자평,NNG
전주 여행,일상,NNG
전주 여행,고고학,NNG
전주 여행,일상,NNG
전주 여행,고고학,NNG
전주 여행,개정,NNG
전주 여행,증보판,NNG
전주 여행,일상,NNG
전주 여행,고고학,NNG
전주 여행,시리즈,NNG
전주 여행,황윤,NNG
전주 여행,지음,NNG
전주 여행,고양이,NNG
전주 여행,평점,NNG
전주 여행,역사,NNG
전주 여행,사랑,NNG
전주 여행,사람,NNG
전주 여행,사랑,NNG
전주 여행,평화,NNG
전주 여행,강릉,NNP
전주 여행,서나,NNG
전주 여행,강릉,NNP
전주 여행,한옥,NNG
전주 여행,숙소,NNG
전주 여행,소설,NNG
전주 여행,첨성,NNG
전주 여행,대점,NNG
전주 여행,비향,NNP
전주 여행,한옥,NNG
전주 여행,숙소,NNG
전주 여행,이름,NNG
전주 여행,소설,NNG
전주 여행,첨성,NNG
전주 여행,대점,NNG
전주 여행,첨성대,NNG
전주 여행,첨성,NNG
전주 여행,대점,NNG
전주 여행,한옥,NNG
전주 여행,소설,NNG
전주 여행,인기,NNG
전주 여행,주말,NNG
전주 여행,알라딘,NNP
전주 여행,황금,NNG
전주 여행,호두,NNG
전주 여행,무웅,NNP
전주 여행,코스,NNG
전주 여행,느낌,NNG
전주 여행,느낌,NNG
전주 여행,신라,NNP
전주 여행,아이,NNG
전주 여행,티비,NNG
전주 여행,이동은,NNP
전주 여행,기차,NNG
전주 여행,자전거,NNG
전주 여행,도보,NNG
전주 여행,버스,NNG
전주 여행,투어,NNG
전주 여행,가능,NNG
전주 여행,코스,NNG
전주 여행,시내,NNG
전주 여행,천마총,NNG
전주 여행,왕릉,NNG
전주 여행,첨성대,NNG
전주 여행,계림,NNG
전주 여행,포석정,NNP
전주 여행,안압지,NNP
전주 여행,알라딘,NNP
전주 여행,자평,NNG
전주 여행,일상,NNG
전주 여행,고고학,NNG
전주 여행,일상,NNG
전주 여행,고고학,NNG
전주 여행,개정,NNG
전주 여행,증보판,NNG
전주 여행,일상,NNG
전주 여행,고고학,NNG
전주 여행,시리즈,NNG
전주 여행,황윤,NNG
전주 여행,지음,NNG
전주 여행,고양이,NNG
전주 여행,오랜만,NNG
전주 여행,저자,NNG
전주 여행,역사,NNG
전주 여행,느낌,NNG
전주 여행,감포,NNP
전주 여행,대말,NNG
전주 여행,체험,NNG
전주 여행,전시관,NNG
전주 여행,위치,NNG
전주 여행,경북,NNP
전주 여행,척사,NNG
전주 여행,운영,NNG
전주 여행,시간,NNG
전주 여행,연중무휴,NNG
전주 여행,대표,NNG
전주 여행,전화,NNG
전주 여행,입장료,NNG
전주 여행,무료,NNG
전주 여행,대말,NNG
전주 여행,체험,NNG
전주 여행,아이,NNG
전주 여행,점심,NNG
전주 여행,시간,NNG
전주 여행,운영,NNG
전주 여행,코스,NNG
전주 여행,읍천항,NNP
전주 여행,주상,NNG
전주 여행,절리,NNG
전주 여행,파도,NNG
전주 여행,소리,NNG
전주 여행,주상,NNG
전주 여행,절리,NNG
전주 여행,제주도,NNP
전주 여행,읍천항,NNP
전주 여행,코스,NNG
전주 여행,읍천항,NNP
전주 여행,자리,NNG
전주 여행,주상,NNG
전주 여행,절리,NNG
전주 여행,파도,NNG
전주 여행,소리,NNG
전주 여행,주차장,NNG
전주 여행,등대,NNG
전주 여행,교리,NNG
전주 여행,김밥,NNG
전주 여행,맛집,NNG
전주 여행,김밥,NNG
전주 여행,남산,NNG
전주 여행,등산,NNG
전주 여행,포함,NNG
전주 여행,당일,NNG
전주 여행,계획,NNG
전주 여행,코스,NNG
전주 여행,정도,NNG
전주 여행,생각,NNG
전주 여행,남산,NNG
전주 여행,놀부,NNG
전주 여행,보쌈,NNG
전주 여행,황오,NNP
전주 여행,배달,NNG
전주 여행,후기,NNG
전주 여행,숙소,NNG
전주 여행,황남,NNG
전주 여행,저녁,NNG
전주 여행,아이,NNG
전주 여행,배민,NNG
전주 여행,놀부,NNG
전주 여행,보쌈,NNG
전주 여행,검색,NNG
전주 여행,황오,NNP
전주 여행,배달,NNG
전주 여행,가능,NNG
전주 여행,저희,NP
전주 여행,황남,NNG
전주 여행,기차,NNG
전주 여행,일전,NNG
전주 여행,크리스마스,NNG
전주 여행,오늘,NNG
전주 여행,안녕,NNG
전주 여행,이번,NNG
전주 여행,컨셉,NNG
전주 여행,호텔,NNG
전주 여행,알라딘,NNP
전주 여행,서재,NNP
전주 여행,이야기,NNG
전주 여행,일상,NNG
전주 여행,고고학,NNG
전주 여행,무대,NNG
전주 여행,에세이,NNG
전주 여행,문화재,NNG
전주 여행,사전,NNG
전주 여행,지식,NNG
전주 여행,얼마,NNG
전주 여행,의미,NNG
전주 여행,알라딘,NNP
전주 여행,자평,NNG
전주 여행,일상,NNG
전주 여행,고고학,NNG
전주 여행,일상,NNG
전주 여행,고고학,NNG
전주 여행,개정,NNG
전주 여행,증보판,NNG
전주 여행,일상,NNG
전주 여행,고고학,NNG
전주 여행,시리즈,NNG
전주 여행,황윤,NNG
전주 여행,지음,NNG
전주 여행,고양이,NNG
전주 여행,이야기,NNG
전주 여행,호기심,NNG
전주 여행,알라딘,NNP
전주 여행,자평,NNG
전주 여행,일상,NNG
전주 여행,고고학,NNG
전주 여행,일상,NNG
전주 여행,고고학,NNG
전주 여행,개정,NNG
전주 여행,증보판,NNG
전주 여행,일상,NNG
전주 여행,고고학,NNG
전주 여행,시리즈,NNG
전주 여행,황윤,NNG
전주 여행,지음,NNG
전주 여행,고양이,NNG
전주 여행,평점,NNG
전주 여행,신라,NNP
전주 여행,마니아,NNG
전주 여행,기라,NNG
전주 여행,관심,NNG
전주 여행,가요,NNG
전주 여행,고고학,NNG
전주 여행,관점,NNG
전주 여행,석빙고,NNG
전주 여행,볼거리,NNG
전주 여행,근처,NNG
전주 여행,안압,NNG
전주 여행,볼거리,NNG
전주 여행,석빙고,NNG
전주 여행,이번,NNG
전주 여행,석빙고,NNG
전주 여행,석빙고,NNG
전주 여행,영조,NNG
전주 여행,일종,NNG
전주 여행,얼음,NNG
전주 여행,창고,NNG
전주 여행,근처,NNG
전주 여행,첨성대,NNG
전주 여행,가본,NNG
전주 여행,동궁,NNG
전주 여행,커피,NNG
전주 여행,열매,NNG
전주 여행,노천온천,NNP
전주 여행,행복,NNG
전주 여행,황리,NNG
전주 여행,보문,NNG
전주 여행,왕릉,NNG
전주 여행,탐방,NNG
전주 여행,데이트,NNG
전주 여행,코스,NNG
전주 여행,황리,NNG
전주 여행,마음,NNG
전주 여행,낭만,NNG
전주 여행,경상도,NNP
전주 여행,거리,NNG
전주 여행,유적지,NNG
전주 여행,한옥,NNG
전주 여행,고도,NNG
전주 여행,밀면,NNP
전주 여행,가격,NNG
전주 여행,비빔,NNG
전주 여행,떡갈비,NNG
전주 여행,밥상,NNG
전주 여행,육수,NNG
전주 여행,평가,NNG
전주 여행,입맛,NNG
전주 여행,취향,NNG
전주 여행,엑스,NNG
전주 여행,포대,NNG
전주 여행,공원,NNG
전주 여행,애벌레,NNG
전주 여행,보문호,NNP
전주 여행,주변,NNG
전주 여행,엑스,NNG
전주 여행,포대,NNG
전주 여행,공원,NNG
전주 여행,입장,NNG
전주 여행,엑스포,NNG
전주 여행,기념관,NNG
전주 여행,천마,NNG
전주 여행,궁전,NNG
전주 여행,타워,NNG
전주 여행,솔거,NNG
전주 여행,미술관,NNG
전주 여행,자연사,NNG
전주 여행,박물관,NNG
전주 여행,동방역,NNP
전주 여행,능소화,NNG
전주 여행,서출지,NNG
전주 여행,경북,NNP
전주 여행,산림,NNG
전주 여행,연구원,NNG
전주 여행,동방역,NNP
전주 여행,능소화,NNG
전주 여행,서출지,NNG
전주 여행,경북,NNP
전주 여행,산림,NNG
전주 여행,연구원,NNG
전주 여행,모녀,NNG
전주 여행,바보,NNG
전주 여행,블로그,NNG
전주 여행,모녀,NNG
전주 여행,첨성대,NNG
전주 여행,야생,NNG
전주 여행,계림,NNG
전주 여행,월지,NNG
전주 여행,안압지,NNP
전주 여행,계림,NNP
전주 여행,월지,NNP
전주 여행,안압지,NNP
전주 여행,야경,NNG
전주 여행,박물관,NNG
전주 여행,김유신,NNP
전주 여행,장군,NNG
전주 여행,석굴암,NNG
전주 여행,알라딘,NNP
전주 여행,자평,NNG
전주 여행,일상,NNG
전주 여행,고고학,NNG
전주 여행,일상,NNG
전주 여행,고고학,NNG
전주 여행,개정,NNG
전주 여행,증보판,NNG
전주 여행,일상,NNG
전주 여행,고고학,NNG
전주 여행,시리즈,NNG
전주 여행,황윤,NNG
전주 여행,지음,NNG
전주 여행,고양이,NNG
전주 여행,평점,NNG
전주 여행,삼국,NNG
전주 여행,시대,NNG
전주 여행,자료,NNG
전주 여행,섭렵,NNG
전주 여행,소장,NNG
전주 여행,역사,NNG
전주 여행,학자,NNG
전주 여행,순수,NNG
전주 여행,시각,NNG
전주 여행,알라딘,NNP
전주 여행,일상,NNG
전주 여행,고고학,NNG
전주 여행,일상,NNG
전주 여행,고고학,NNG
전주 여행,개정,NNG
전주 여행,증보판,NNG
전주 여행,일상,NNG
전주 여행,고고학,NNG
전주 여행,시리즈,NNG
전주 여행,황윤,NNG
전주 여행,지음,NNG
전주 여행,고양이,NNG
전주 여행,평점,NNG
전주 여행,수학,NNG
전주 여행,추억,NNG
전주 여행,역사,NNG
전주 여행,경비,NNG
전주 여행,혼자,NNG
전주 여행,이동,NNG
전주 여행,수단,NNG
전주 여행,시외버스,NNG
전주 여행,버스,NNG
전주 여행,택시,NNG
전주 여행,시티투어,NNP
전주 여행,버스,NNG
전주 여행,기타,NNG
전주 여행,생필품,NNG
전주 여행,샴푸,NNG
전주 여행,린스,NNG
전주 여행,바디,NNG
전주 여행,워시,NNP
전주 여행,버블,NNG
전주 여행,경비,NNG
전주 여행,경북,NNP
전주 여행,현대,NNG
전주 여행,호텔,NNG
전주 여행,현대,NNP
전주 여행,호텔,NNG
전주 여행,현대,NNG
전주 여행,호텔,NNG
전주 여행,보문,NNP
전주 여행,수상,NNG
전주 여행,공연장,NNG
전주 여행,보문관광단지,NNP
전주 여행,보문호,NNP
전주 여행,신라,NNP
전주 여행,컨트리클럽,NNG
전주 여행,숙박,NNG
전주 여행,현대,NNG
전주 여행,호텔,NNG
전주 여행,방문,NNG
전주 여행,일자,NNG
전주 여행,현대,NNG
전주 여행,호텔,NNG
전주 여행,경북,NNP
전주 여행,신평동,NNP
전주 여행,석굴암,NNG
전주 여행,불국사,NNG
전주 여행,석굴암,NNG
전주 여행,불국사,NNG
전주 여행,일시,NNG
전주 여행,장소,NNG
전주 여행,석굴암,NNG
전주 여행,불국사,NNG
전주 여행,참여,NNG
전주 여행,우리,NP
전주 여행,가족,NNG
전주 여행,송국영,NNP
전주 여행,안종,NNP
전주 여행,송진주,NNP
전주 여행,김홍식,NNP
전주 여행,김연우,NNP
전주 여행,연주,NNP
전주 여행,조광민,NNP
전주 여행,대릉원,NNG
전주 여행,스탬프,NNG
전주 여행,투어,NNG
전주 여행,이야기,NNG
전주 여행,대릉원,NNG
전주 여행,천마,NNG
전주 여행,경북,NNP
전주 여행,스탬프,NNG
전주 여행,투어,NNG
전주 여행,오릉,NNG
전주 여행,대릉원,NNG
전주 여행,천마총,NNG
전주 여행,오릉,NNG
전주 여행,교촌,NNG
전주 여행,마을,NNG
전주 여행,투어,NNG
전주 여행,다음,NNG
전주 여행,오릉,NNG
전주 여행,교촌,NNG
전주 여행,마을,NNG
전주 여행,느낌,NNG
전주 여행,유적지,NNG
전주 여행,트레,NNP
전주 여행,대상지,NNG
전주 여행,유적지,NNG
전주 여행,트레,NNP
전주 여행,소재지,NNG
전주 여행,경북,NNP
전주 여행,동궁,NNG
전주 여행,월지,NNG
전주 여행,반월,NNG
전주 여행,교촌,NNG
전주 여행,대릉원,NNG
전주 여행,고분,NNG
전주 여행,분황사,NNG
전주 여행,황룡사,NNG
전주 여행,역사,NNG
전주 여행,문화원,NNG
전주 여행,동궁,NNG
전주 여행,월지,NNG
전주 여행,주차장,NNG
전주 여행,반월,NNG
전주 여행,동궁,NNG
전주 여행,월지,NNG
전주 여행,안압지,NNP
전주 여행,야경,NNG
전주 여행,해외,NNG
전주 여행,이야기,NNG
전주 여행,후기,NNG
전주 여행,동궁,NNG
전주 여행,월지,NNG
전주 여행,안압지,NNP
전주 여행,야경,NNG
전주 여행,훌리아,NNP
전주 여행,여름,NNG
전주 여행,사진,NNG
전주 여행,보관,NNG
전주 여행,구독,NNG
전주 여행,해외,NNG
전주 여행,이야기,NNG
전주 여행,후기,NNG
전주 여행,일요일,NNG
전주 여행,오전,NNG
전주 여행,오후,NNG
전주 여행,고향,NNG
전주 여행,친구,NNG
전주 여행,신라,NNP
전주 여행,대종,NNG
전주 여행,장맛비,NNG
전주 여행,시작,NNG
전주 여행,육월,NNP
전주 여행,중순,NNG
전주 여행,고향,NNG
전주 여행,친구,NNG
전주 여행,대릉원,NNG
전주 여행,돌담길,NNP
전주 여행,황리,NNG
전주 여행,이야기,NNG
전주 여행,계명,NNG
전주 여행,대학교,NNG
전주 여행,동산,NNG
전주 여행,병원,NNG
전주 여행,일자,NNG
전주 여행,인원,NNG
전주 여행,친구,NNG
전주 여행,시외버스,NNG
전주 여행,터미널,NNG
전주 여행,경북,NNP
전주 여행,노서동,NNP
전주 여행,전화,NNG
전주 여행,시외버스,NNG
전주 여행,터미널,NNG
전주 여행,알라딘,NNP
전주 여행,자평,NNG
전주 여행,일상,NNG
전주 여행,고고학,NNG
전주 여행,일상,NNG
전주 여행,고고학,NNG
전주 여행,개정,NNG
전주 여행,증보판,NNG
전주 여행,일상,NNG
전주 여행,고고학,NNG
전주 여행,시리즈,NNG
전주 여행,황윤,NNG
전주 여행,지음,NNG
전주 여행,고양이,NNG
전주 여행,길잡이,NNG
전주 여행,이해,NNG
전주 여행,코스,NNG
전주 여행,베스트,NNG
전주 여행,추천,NNG
전주 여행,코스,NNG
전주 여행,베스트,NNG
전주 여행,추천,NNG
전주 여행,코스,NNG
전주 여행,베스트,NNG
전주 여행,추천,NNG
전주 여행,소개,NNG
전주 여행,황리,NNG
전주 여행,상호,NNG
전주 여행,황리,NNG
전주 여행,주소,NNG
전주 여행,경상북도,NNP
전주 여행,황남동,NNP
전주 여행,전화,NNG
전주 여행,번호,NNG
전주 여행,입력,NNG
전주 여행,관련,NNG
전주 여행,키워드,NNP
전주 여행,키워드,NNP
전주 여행,코스,NNG
전주 여행,불국사,NNP
전주 여행,석굴암,NNG
전주 여행,중교,NNG
전주 여행,서울,NNP
전주 여행,불국사,NNP
전주 여행,불국사,NNP
전주 여행,국보,NNG
전주 여행,다보탑,NNG
전주 여행,석가탑,NNG
전주 여행,석굴암,NNG
전주 여행,입장료,NNG
전주 여행,불국사,NNG
전주 여행,스탬프,NNG
전주 여행,투어,NNG
전주 여행,이야기,NNG
전주 여행,불국사,NNP
전주 여행,석굴암,NNG
전주 여행,경북,NNP
전주 여행,스탬프,NNG
전주 여행,투어,NNG
전주 여행,가을,NNG
전주 여행,불국사,NNG
전주 여행,석굴암,NNG
전주 여행,동리,NNG
전주 여행,문학관,NNG
전주 여행,구경,NNG
전주 여행,다음,NNG
전주 여행,장소,NNG
전주 여행,핵심,NNG
전주 여행,메카,NNP
전주 여행,불국사,NNP
전주 여행,석굴암,NNG
전주 여행,황리,NNG
전주 여행,한옥,NNG
전주 여행,카페,NNG
전주 여행,추천,NNG
전주 여행,카페,NNP
전주 여행,아덴,NNP
전주 여행,카페,NNP
전주 여행,아덴,NNP
전주 여행,위치,NNG
전주 여행,경북,NNP
전주 여행,사정,NNG
전주 여행,운영,NNG
전주 여행,시간,NNG
전주 여행,실시간,NNG
전주 여행,예보,NNG
전주 여행,커피,NNG
전주 여행,아덴,NNP
전주 여행,시그,NNP
전주 여행,알라딘,NNP
전주 여행,자평,NNG
전주 여행,일상,NNG
전주 여행,고고학,NNG
전주 여행,일상,NNG
전주 여행,고고학,NNG
전주 여행,개정,NNG
전주 여행,증보판,NNG
전주 여행,일상,NNG
전주 여행,고고학,NNG
전주 여행,시리즈,NNG
전주 여행,황윤,NNG
전주 여행,지음,NNG
전주 여행,고양이,NNG
전주 여행,평점,NNG
전주 여행,기대,NNG
전주 여행,알라딘,NNP
전주 여행,서재,NNP
전주 여행,필수,NNG
전주 여행,필요,NNG
전주 여행,지식,NNG
전주 여행,설명,NNG
전주 여행,이해,NNG
전주 여행,사진,NNG
전주 여행,정보,NNG
전주 여행,서울,NNP
전주 여행,역사,NNG
전주 여행,한옥,NNG
전주 여행,독서,NNG
전주 여행,모임,NNG
전주 여행,주문,NNG
전주 여행,역사,NNG
전주 여행,예정,NNG
전주 여행,대릉원,NNG
전주 여행,대릉원,NNG
전주 여행,담장,NNG
전주 여행,이번,NNG
전주 여행,가을,NNG
전주 여행,만끽,NNG
전주 여행,컨셉,NNG
전주 여행,가을,NNG
전주 여행,분위기,NNG
전주 여행,고조,NNG
전주 여행,벚나무,NNG
전주 여행,좌우,NNG
전주 여행,슈만,NNP
전주 여행,클라라,NNP
전주 여행,도착,NNG
전주 여행,슈만,NNP
전주 여행,클라라,NNP
전주 여행,위치,NNG
전주 여행,요기,NP
전주 여행,여기,NP
전주 여행,버스,NNG
전주 여행,버스,NNG
전주 여행,택시,NNG
전주 여행,다음,NNG
전주 여행,문제,NNG
전주 여행,봄꽃,NNG
전주 여행,마지막,NNG
전주 여행,월요일,NNG
전주 여행,벚꽃,NNG
전주 여행,상춘객,NNG
전주 여행,점심,NNG
전주 여행,집사람,NNG
전주 여행,국도,NNG
전주 여행,곳곳,NNG
전주 여행,벚꽃,NNG
전주 여행,자랑,NNG
전주 여행,열중,NNG
전주 여행,황리,NNG
전주 여행,맛집,NNG
전주 여행,여도,NNG
전주 여행,영업,NNG
전주 여행,종료,NNG
전주 여행,오늘,NNG
전주 여행,맛집,NNG
전주 여행,황리,NNG
전주 여행,맛집,NNG
전주 여행,여주,NNG
전주 여행,이야기,NNG
전주 여행,여도,NNG
전주 여행,저희,NP
전주 여행,기록,NNG
전주 여행,포스팅,NNP
전주 여행,진행,NNG
전주 여행,참고,NNG
전주 여행,한옥,NNP
전주 여행,외관,NNG
전주 여행,눈길,NNG
전주 여행,황리,NNG
전주 여행,주전부리,NNG
전주 여행,황금,NNG
전주 여행,황남,NNG
전주 여행,옥수수,NNG
전주 여행,청년,NNG
전주 여행,분식,NNG
전주 여행,황리,NNG
전주 여행,주전부리,NNG
전주 여행,저녁,NNG
전주 여행,황리,NNG
전주 여행,주전부리,NNG
전주 여행,결론,NNG
전주 여행,청년,NNG
전주 여행,분식,NNG
전주 여행,황남,NNG
전주 여행,옥수수,NNG
전주 여행,청년,NNG
전주 여행,분식,NNG
전주 여행,쥬얼,NNP
전주 여행,유혹,NNG
전주 여행,성동,NNG
전주 여행,시장,NNG
전주 여행,구경,NNG
전주 여행,가을,NNG
전주 여행,기차,NNG
전주 여행,피날레,NNG
전주 여행,가을,NNG
전주 여행,기차,NNG
전주 여행,단풍,NNG
전주 여행,은행,NNG
전주 여행,낙엽,NNG
전주 여행,언니,NNG
전주 여행,수고,NNG
전주 여행,숙소,NNG
전주 여행,변경,NNG
전주 여행,지도자,NNG
전주 여행,언니,NNG
전주 여행,첨성대,NNG
전주 여행,대릉원,NNG
전주 여행,주차,NNG
전주 여행,주차장,NNG
전주 여행,대릉원,NNG
전주 여행,주차장,NNG
전주 여행,여기,NP
전주 여행,매표,NNG
전주 여행,혼자,NNG
전주 여행,필요,NNG
전주 여행,드라이브,NNG
전주 여행,그곳,NP
전주 여행,첨성대,NNG
전주 여행,마지막,NNG
전주 여행,선물,NNG
전주 여행,눈발,NNG
전주 여행,시작,NNG
전주 여행,세상,NNG
전주 여행,눈길,NNG
전주 여행,산책,NNG
전주 여행,불국사,NNP
전주 여행,기차,NNG
전주 여행,마무리,NNG
전주 여행,하늘,NNG
전주 여행,야경,NNG
전주 여행,매력,NNG
전주 여행,정교,NNG
전주 여행,분위기,NNG
전주 여행,저녁,NNG
전주 여행,정교,NNG
전주 여행,방문,NNG
전주 여행,추천,NNG
전주 여행,정교,NNG
전주 여행,사진,NNG
전주 여행,정교,NNG
전주 여행,야경,NNG
전주 여행,마지막,NNG
전주 여행,여기,NP
전주 여행,신라,NNP
전주 여행,신라,NNP
전주 여행,해장국,NNG
전주 여행,황남,NNG
전주 여행,맷돌,NNG
전주 여행,순두부,NNG
전주 여행,두부,NNG
전주 여행,보쌈,NNG
전주 여행,제육,NNG
전주 여행,순두부찌개,NNG
전주 여행,황남,NNG
전주 여행,맷돌,NNG
전주 여행,순두부,NNG
전주 여행,영업시간,NNG
전주 여행,황리,NNG
전주 여행,시작,NNG
전주 여행,밥집,NNG
전주 여행,영업,NNG
전주 여행,마감,NNG
전주 여행,고기,NNG
전주 여행,두부,NNG
전주 여행,순두부찌개,NNG
전주 여행,호랑이,NNG
전주 여행,막걸리,NNG
전주 여행,울주,NNP
전주 여행,새벽,NNG
전주 여행,하늘,NNG
전주 여행,예쁘다,NNP
전주 여행,월드,NNG
전주 여행,판다,NNG
전주 여행,점심,NNG
전주 여행,친절,NNG
전주 여행,떡갈비,NNG
전주 여행,계란찜,NNG
전주 여행,풍경,NNG
전주 여행,행복,NNG
전주 여행,울주,NNP
전주 여행,서출지,NNG
전주 여행,날씨,NNG
전주 여행,촬영,NNG
전주 여행,사진가,NNG
전주 여행,미안,NNG
전주 여행,생각,NNG
전주 여행,날씨,NNG
전주 여행,촬영,NNG
전주 여행,대작,NNG
전주 여행,알라딘,NNP
전주 여행,자평,NNG
전주 여행,우리,NP
전주 여행,우리,NP
전주 여행,세계,NNG
전주 여행,문화유산,NNG
전주 여행,개정판,NNG
전주 여행,답사,NNG
전주 여행,역사,NNG
전주 여행,박광일,NNP
전주 여행,전향,NNG
전주 여행,이야기,NNG
전주 여행,기획,NNG
전주 여행,성당,NNG
전주 여행,평점,NNG
전주 여행,초등,NNG
전주 여행,학교,NNG
전주 여행,학생,NNG
전주 여행,수학,NNG
전주 여행,알라딘,NNP
전주 여행,자평,NNG
전주 여행,일상,NNG
전주 여행,고고학,NNG
전주 여행,일상,NNG
전주 여행,고고학,NNG
전주 여행,개정,NNG
전주 여행,증보판,NNG
전주 여행,일상,NNG
전주 여행,고고학,NNG
전주 여행,시리즈,NNG
전주 여행,황윤,NNG
전주 여행,지음,NNG
전주 여행,고양이,NNG
전주 여행,타임캡슐,NNG
전주 여행,신라,NNG
전주 여행,특별,NNG
전주 여행,시간,NNG
전주 여행,오늘,NNG
전주 여행,날씨,NNG
전주 여행,마을,NNG
전주 여행,식당,NNG
전주 여행,양념,NNG
전주 여행,게장,NNG
전주 여행,점심,NNG
전주 여행,힐튼,NNP
전주 여행,호텔,NNG
전주 여행,커피,NNG
전주 여행,한잔,NNG
전주 여행,보문,NNG
전주 여행,나무,NNG
전주 여행,감상,NNG
전주 여행,커피,NNG
전주 여행,한잔,NNG
전주 여행,스콘,NNP
전주 여행,행복,NNG
전주 여행,월드,NNG
전주 여행,관람,NNG
전주 여행,압지,NNG
전주 여행,야경,NNG
전주 여행,투어,NNG
전주 여행,방문,NNG
전주 여행,보름달,NNG
전주 여행,하늘,NNG
전주 여행,황청,NNG
전주 여행,연못,NNG
전주 여행,야경,NNG
전주 여행,야경,NNG
전주 여행,이곳,NP
전주 여행,압지,NNG
전주 여행,알라딘,NNP
전주 여행,자평,NNG
전주 여행,우리,NP
전주 여행,우리,NP
전주 여행,신라,NNG
전주 여행,답사,NNG
전주 여행,역사,NNG
전주 여행,박광일,NNP
전주 여행,평점,NNG
전주 여행,구판,NNG
전주 여행,절판,NNG
전주 여행,아이,NNG
전주 여행,눈높이,NNG
전주 여행,알라딘,NNP
전주 여행,자평,NNG
전주 여행,일상,NNG
전주 여행,고고학,NNG
전주 여행,일상,NNG
전주 여행,고고학,NNG
전주 여행,개정,NNG
전주 여행,증보판,NNG
전주 여행,일상,NNG
전주 여행,고고학,NNG
전주 여행,시리즈,NNG
전주 여행,황윤,NNG
전주 여행,지음,NNG
전주 여행,고양이,NNG
전주 여행,평점,NNG
전주 여행,유익,NNG
전주 여행,알라딘,NNP
전주 여행,역사,NNG
전주 여행,관심,NNG
전주 여행,시작,NNG
전주 여행,생각,NNG
전주 여행,마음,NNG
전주 여행,기억,NNG
전주 여행,아이,NNG
전주 여행,신라,NNG
전주 여행,동안,NNG
전주 여행,내용,NNG
전주 여행,생각,NNG
전주 여행,유적지,NNG
전주 여행,매화,NNG
전주 여행,산수유,NNG
전주 여행,만발,NNG
전주 여행,보문,NNG
전주 여행,호수,NNG
전주 여행,산책,NNG
전주 여행,행복,NNG
전주 여행,마무리,NNG
전주 여행,알라딘,NNP
전주 여행,자평,NNG
전주 여행,일상,NNG
전주 여행,고고학,NNG
전주 여행,일상,NNG
전주 여행,고고학,NNG
전주 여행,일상,NNG
전주 여행,시리즈,NNG
전주 여행,황윤,NNG
전주 여행,지음,NNG
전주 여행,고양이,NNG
전주 여행,평점,NNG
전주 여행,마니아,NNG
전주 여행,탐방기,NNG
전주 여행,설명,NNG
전주 여행,알라딘,NNP
전주 여행,자평,NNG
전주 여행,일상,NNG
전주 여행,고고학,NNG
전주 여행,일상,NNG
전주 여행,고고학,NNG
전주 여행,개정,NNG
전주 여행,증보판,NNG
전주 여행,일상,NNG
전주 여행,고고학,NNG
전주 여행,시리즈,NNG
전주 여행,황윤,NNG
전주 여행,지음,NNG
전주 여행,고양이,NNG
전주 여행,평점,NNG
전주 여행,풍경,NNG
전주 여행,고고학,NNG
전주 여행,우리,NP
전주 여행,지적,NNG
전주 여행,힐링,NNG
전주 여행,주상,NNG
전주 여행,절리,NNG
전주 여행,스탬프,NNG
전주 여행,투어,NNG
전주 여행,목적지,NNG
전주 여행,주상,NNG
전주 여행,스탬프,NNG
전주 여행,투어,NNG
전주 여행,주상,NNG
전주 여행,절리,NNG
전주 여행,해변,NNG
전주 여행,둘레길,NNP
전주 여행,주상,NNG
전주 여행,절리,NNG
전주 여행,파도,NNG
전주 여행,소리,NNG
전주 여행,시작,NNG
전주 여행,오랫만,NNG
전주 여행,밤잠,NNG
전주 여행,시계,NNG
전주 여행,시간,NNG
전주 여행,불국사,NNP
전주 여행,황남빵,NNP
전주 여행,교리,NNG
전주 여행,김밥,NNG
전주 여행,내소,NNG
전주 여행,불국사,NNP
전주 여행,황남빵,NNP
전주 여행,교리,NNG
전주 여행,김밥,NNG
전주 여행,산내,NNG
전주 여행,소고기,NNG
전주 여행,울산,NNP
전주 여행,후배,NNG
전주 여행,울산,NNP
전주 여행,불국사,NNG
전주 여행,천마총,NNG
전주 여행,첨성대,NNG
전주 여행,나무,NNG
전주 여행,그늘,NNG
전주 여행,내부,NNG
전주 여행,전경,NNG
전주 여행,알라딘,NNP
전주 여행,자평,NNG
전주 여행,일상,NNG
전주 여행,고고학,NNG
전주 여행,개정,NNG
전주 여행,증보판,NNG
전주 여행,일상,NNG
전주 여행,고고학,NNG
전주 여행,시리즈,NNG
전주 여행,황윤,NNG
전주 여행,지음,NNG
전주 여행,고양이,NNG
전주 여행,평점,NNG
전주 여행,학교,NNG
전주 여행,공부,NNG
전주 여행,느낌,NNG
전주 여행,가보세요,NNG
전주 여행,알라딘,NNP
전주 여행,자평,NNG
전주 여행,일상,NNG
전주 여행,고고학,NNG
전주 여행,혼자,NNG
전주 여행,개정,NNG
전주 여행,증보판,NNG
전주 여행,일상,NNG
전주 여행,고고학,NNG
전주 여행,시리즈,NNG
전주 여행,황윤,NNG
전주 여행,지음,NNG
전주 여행,고양이,NNG
전주 여행,평점,NNG
전주 여행,이야기,NNG
전주 여행,작가,NNG
전주 여행,혼자,NNG
전주 여행,기대,NNG
전주 여행,매화꽃,NNG
전주 여행,산수유,NNG
전주 여행,날씨,NNG
전주 여행,바람,NNG
전주 여행,햇살,NNG
전주 여행,점심,NNG
전주 여행,황룡,NNG
전주 여행,동국,NNG
전주 여행,재단,NNG
전주 여행,운영,NNG
전주 여행,연수원,NNG
전주 여행,맷돌,NNG
전주 여행,순부,NNG
전주 여행,옆집,NNG
전주 여행,정화,NNG
전주 여행,송이,NNG
전주 여행,순두부,NNG
전주 여행,맛집,NNG
전주 여행,옆집,NNG
전주 여행,가격,NNG
전주 여행,기본,NNG
전주 여행,반찬,NNG
전주 여행,생선,NNG
전주 여행,구이,NNG
전주 여행,후배,NNG
전주 여행,순두부,NNG
전주 여행,순두부,NNG
전주 여행,파전,NNG
전주 여행,주문,NNG
전주 여행,새송이,NNP
전주 여행,탁주,NNG
전주 여행,주문,NNG
전주 여행,낮술,NNG
전주 여행,남산,NNP
전주 여행,칠불암,NNG
전주 여행,케이트,NNP
전주 여행,진입,NNG
전주 여행,서라벌,NNP
전주 여행,휴게소,NNG
전주 여행,통일전,NNP
전주 여행,주차장,NNG
전주 여행,주차,NNG
전주 여행,염불,NNG
전주 여행,사지,NNG
전주 여행,삼층석탑,NNP
전주 여행,주차,NNG
전주 여행,여기,NP
전주 여행,도착,NNG
전주 여행,주차,NNG
전주 여행,아침,NNG
전주 여행,알라딘,NNP
전주 여행,자평,NNG
전주 여행,일상,NNG
전주 여행,고고학,NNG
전주 여행,일상,NNG
전주 여행,고고학,NNG
전주 여행,개정,NNG
전주 여행,증보판,NNG
전주 여행,일상,NNG
전주 여행,고고학,NNG
전주 여행,시리즈,NNG
전주 여행,황윤,NNG
전주 여행,지음,NNG
전주 여행,고양이,NNG
전주 여행,평점,NNG
전주 여행,마음,NNG
전주 여행,중학교,NNG
전주 여행,수학,NNG
전주 여행,국내,NNG
전주 여행,사진,NNG
전주 여행,국내,NNG
전주 여행,테마,NNG
전주 여행,벚꽃,NNG
전주 여행,시기,NNG
전주 여행,아쉬움,NNG
전주 여행,대능원,NNP
전주 여행,출입문,NNG
전주 여행,능원,NNG
전주 여행,소나무,NNG
전주 여행,천마총,NNG
전주 여행,안압지,NNP
전주 여행,분황사,NNG
전주 여행,모전,NNG
전주 여행,석탑,NNG
전주 여행,원래,NNG
전주 여행,힐튼,NNP
전주 여행,호텔,NNG
전주 여행,한국,NNP
전주 여행,서울,NNP
전주 여행,호텔,NNG
전주 여행,체인,NNG
전주 여행,이상,NNG
전주 여행,두산,NNP
전주 여행,참고,NNG
전주 여행,미국,NNP
전주 여행,모델,NNG
전주 여행,손님,NNG
전주 여행,배려,NNG
전주 여행,호텔,NNG
전주 여행,토함산,NNP
전주 여행,단풍,NNG
전주 여행,터널,NNG
전주 여행,자연,NNG
전주 여행,수채화,NNG
전주 여행,단풍,NNG
전주 여행,숲길,NNG
전주 여행,불국사,NNP
전주 여행,석굴암,NNG
전주 여행,토함산,NNP
전주 여행,숲길,NNG
전주 여행,월산,NNG
전주 여행,고갯길,NNG
전주 여행,신라,NNP
전주 여행,역사,NNG
전주 여행,시내,NNG
전주 여행,배롱나무,NNG
전주 여행,첨성대,NNG
전주 여행,야경,NNG
전주 여행,수학,NNG
전주 여행,사람,NNG
전주 여행,자녀,NNG
전주 여행,역사,NNG
전주 여행,유적,NNG
전주 여행,답사,NNG
전주 여행,동행,NNG
전주 여행,생각,NNG
전주 여행,국내,NNG
전주 여행,특징,NNG
전주 여행,평온,NNG
전주 여행,자연,NNG
전주 여행,황리,NNG
전주 여행,카페,NNG
전주 여행,카페,NNG
전주 여행,카페,NNG
전주 여행,황리,NNG
전주 여행,거리,NNG
전주 여행,위치,NNG
전주 여행,거리,NNG
전주 여행,인테리어,NNG
전주 여행,눈길,NNG
전주 여행,카페,NNG
전주 여행,황리,NNG
전주 여행,카페,NNG
전주 여행,카페,NNG
전주 여행,날씨,NNG
전주 여행,경북,NNP
전주 여행,국밥,NNG
전주 여행,맛집,NNG
전주 여행,보문,NNG
전주 여행,경북,NNP
전주 여행,교촌,NNP
전주 여행,마을,NNG
전주 여행,교촌,NNG
전주 여행,보관,NNG
전주 여행,아이,NNG
전주 여행,가족,NNG
전주 여행,가족,NNG
전주 여행,기록,NNG
전주 여행,오늘,NNG
전주 여행,가족,NNG
전주 여행,모임,NNG
전주 여행,경북,NNP
전주 여행,불국사역,NNP
전주 여행,동대구,NNG
전주 여행,기차,NNG
전주 여행,무궁화호,NNP
전주 여행,시간,NNG
전주 여행,시외,NNG
전주 여행,고속,NNG
전주 여행,버스,NNG
전주 여행,터미널,NNG
전주 여행,거리,NNG
전주 여행,어디,NP
전주 여행,대중,NNG
전주 여행,교통,NNG
전주 여행,종류,NNG
전주 여행,서울,NNP
전주 여행,대전,NNP
전주 여행,이상,NNG
전주 여행,코스,NNG
전주 여행,알라딘,NNP
전주 여행,자평,NNG
전주 여행,일상,NNG
전주 여행,고고학,NNG
전주 여행,지음,NNG
전주 여행,고양이,NNG
전주 여행,평점,NNG
전주 여행,도시,NNG
전주 여행,시간,NNG
전주 여행,기분,NNG
전주 여행,행복,NNG
전주 여행,코로나,NNP
전주 여행,하늘,NNG
전주 여행,구름,NNG
전주 여행,고속도로,NNP
전주 여행,오늘,NNG
전주 여행,힐링,NNG
전주 여행,산송,NNG
전주 여행,한우구,NNP
전주 여행,언양,NNP
전주 여행,불고기,NNG
전주 여행,더덕구이,NNG
전주 여행,라떼,NNG
전주 여행,한잔,NNG
전주 여행,노천온천,NNP
전주 여행,하늘,NNG
전주 여행,알라딘,NNP
전주 여행,자평,NNG
전주 여행,일상,NNG
전주 여행,고고학,NNG
전주 여행,평점,NNG
전주 여행,가을,NNG
전주 여행,실천,NNG
전주 여행,사람,NNG
전주 여행,기대,NNG
전주 여행,알라딘,NNP
전주 여행,자평,NNG
전주 여행,일상,NNG
전주 여행,고고학,NNG
전주 여행,일상,NNG
전주 여행,고고학,NNG
전주 여행,개정,NNG
전주 여행,증보판,NNG
전주 여행,일상,NNG
전주 여행,고고학,NNG
전주 여행,시리즈,NNG
전주 여행,황윤,NNG
전주 여행,지음,NNG
전주 여행,고양이,NNG
전주 여행,평점,NNG
전주 여행,구경,NNG
전주 여행,코로나,NNP
전주 여행,알라딘,NNP
전주 여행,자평,NNG
전주 여행,일상,NNG
전주 여행,고고학,NNG
전주 여행,일상,NNG
전주 여행,고고학,NNG
전주 여행,개정,NNG
전주 여행,증보판,NNG
전주 여행,일상,NNG
전주 여행,고고학,NNG
전주 여행,시리즈,NNG
전주 여행,황윤,NNG
전주 여행,지음,NNG
전주 여행,고양이,NNG
전주 여행,평점,NNG
전주 여행,수학,NNG
전주 여행,이후,NNG
전주 여행,생각,NNG
전주 여행,나정,NNG
전주 여행,맛집,NNG
전주 여행,나정,NNG
전주 여행,라면,NNG
전주 여행,맛집,NNG
전주 여행,에도,NNP
전주 여행,바다,NNG
전주 여행,나정,NNG
전주 여행,스토리,NNG
전주 여행,에도,NNP
전주 여행,바다,NNG
전주 여행,사실,NNG
전주 여행,아시나,NNP
전주 여행,바다,NNG
전주 여행,남편,NNG
전주 여행,역사,NNG
전주 여행,유적지,NNG
전주 여행,가을,NNG
전주 여행,도착,NNG
전주 여행,오늘,NNG
전주 여행,작년,NNG
전주 여행,여름,NNG
전주 여행,코스,NNG
전주 여행,서출지,NNG
전주 여행,통일전,NNP
전주 여행,산림,NNG
전주 여행,연구원,NNG
전주 여행,핑크,NNG
전주 여행,첨성대,NNG
전주 여행,주변,NNG
전주 여행,황리,NNG
전주 여행,구경,NNG
전주 여행,점심,NNG
전주 여행,커피,NNG
전주 여행,조금,NNG
전주 여행,가을,NNG
전주 여행,알라딘,NNP
전주 여행,자평,NNG
전주 여행,일상,NNG
전주 여행,고고학,NNG
전주 여행,일상,NNG
전주 여행,고고학,NNG
전주 여행,개정,NNG
전주 여행,증보판,NNG
전주 여행,일상,NNG
전주 여행,고고학,NNG
전주 여행,시리즈,NNG
전주 여행,황윤,NNG
전주 여행,지음,NNG
전주 여행,고양이,NNG
전주 여행,평점,NNG
전주 여행,수학,NNG
전주 여행,역사,NNG
전주 여행,의미,NNG
전주 여행,이제,NNG
전주 여행,풍경,NNG
전주 여행,알라딘,NNP
전주 여행,자평,NNG
전주 여행,일상,NNG
전주 여행,고고학,NNG
전주 여행,출간,NNG
전주 여행,일상,NNG
전주 여행,고고학,NNG
전주 여행,혼자,NNG
전주 여행,백제,NNG
전주 여행,이번,NNG
전주 여행,전작,NNG
전주 여행,백제,NNG
전주 여행,만족,NNG
전주 여행,이번,NNG
전주 여행,탑승,NNG
전주 여행,동궁,NNG
전주 여행,월지,NNG
전주 여행,첨성대,NNG
전주 여행,야경,NNG
전주 여행,연꽃,NNG
전주 여행,분황사,NNG
전주 여행,방문,NNG
전주 여행,이웃,NNG
전주 여행,지난주,NNG
전주 여행,예전,NNG
전주 여행,사진,NNG
전주 여행,경북,NNP
전주 여행,천문,NNG
전주 여행,기상,NNG
전주 여행,관측대,NNG
전주 여행,첨성대,NNG
전주 여행,일자,NNG
전주 여행,인원,NNG
전주 여행,친구,NNG
전주 여행,첨성대,NNG
전주 여행,경북,NNP
전주 여행,인왕동,NNP
전주 여행,전화,NNG
전주 여행,첨성대,NNG
전주 여행,관람료,NNG
전주 여행,무료,NNG
전주 여행,경북,NNP
전주 여행,이야기,NNG
전주 여행,첨성대,NNG
전주 여행,대릉원,NNG
전주 여행,야경,NNG
전주 여행,데이,NNG
전주 여행,택시,NNG
전주 여행,투어,NNG
전주 여행,감사,NNG
전주 여행,구매,NNG
전주 여행,플레이스,NNG
전주 여행,데이,NNG
전주 여행,택시,NNG
전주 여행,투어,NNG
전주 여행,돌고래,NNG
전주 여행,돌핀,NNG
전주 여행,스토어,NNG
전주 여행,플레이스,NNG
전주 여행,데이,NNG
전주 여행,택시,NNG
전주 여행,투어,NNG
전주 여행,패밀리,NNG
전주 여행,일상,NNG
전주 여행,오늘,NNG
전주 여행,목적지,NNG
전주 여행,회사,NNG
전주 여행,제휴,NNG
전주 여행,숙소,NNG
전주 여행,예약,NNG
전주 여행,도착,NNG
전주 여행,우리,NP
전주 여행,가족,NNG
전주 여행,국수집,NNG
전주 여행,와이프,NNG
전주 여행,검색,NNG
전주 여행,갈비,NNG
전주 여행,국수,NNG
전주 여행,경북,NNP
전주 여행,불국사,NNG
전주 여행,겹벚꽃,NNG
전주 여행,벚꽃,NNG
전주 여행,벚꽃,NNG
전주 여행,고수,NNG
전주 여행,티켓,NNG
전주 여행,예약,NNG
전주 여행,지역,NNG
전주 여행,벚꽃,NNG
전주 여행,불국사,NNG
전주 여행,겹벚꽃,NNG
전주 여행,불국사,NNP
전주 여행,입구,NNG
전주 여행,보문,NNG
전주 여행,벚꽃,NNG
전주 여행,보문호,NNP
전주 여행,선사,NNG
전주 여행,최적,NNG
전주 여행,지이,NNG
전주 여행,도로,NNG
전주 여행,꽃길,NNG
전주 여행,시각,NNG
전주 여행,힐링,NNG
전주 여행,만개,NNG
전주 여행,경관,NNG
전주 여행,보문,NNG
전주 여행,단지,NNG
전주 여행,시가지,NNG
전주 여행,동쪽,NNG
전주 여행,정도,NNG
전주 여행,활산,NNP
전주 여행,성터,NNG
전주 여행,경북,NNP
전주 여행,목련,NNG
전주 여행,대릉원,NNG
전주 여행,목련,NNG
전주 여행,풍경,NNG
전주 여행,최근,NNG
전주 여행,코스,NNG
전주 여행,야경,NNG
전주 여행,연인,NNG
전주 여행,당신,NP
전주 여행,야경,NNG
전주 여행,투어,NNG
전주 여행,코스,NNG
전주 여행,소개,NNG
전주 여행,준비,NNG
전주 여행,세계,NNG
전주 여행,문화유산,NNG
전주 여행,양동,NNP
전주 여행,마을,NNG
전주 여행,시간,NNG
전주 여행,조상,NNG
전주 여행,모습,NNG
전주 여행,간직,NNG
전주 여행,숨결,NNG
전주 여행,양동,NNP
전주 여행,마을,NNG
전주 여행,제격,NNG
전주 여행,경상북도,NNP
전주 여행,강동면,NNP
전주 여행,양동,NNP
전주 여행,마을,NNG
전주 여행,지번,NNG
전주 여행,경상북도,NNP
전주 여행,강동면,NNP
전주 여행,경북,NNP
전주 여행,다리,NNG
전주 여행,정교,NNG
전주 여행,교촌,NNG
전주 여행,마을,NNG
전주 여행,도착,NNG
전주 여행,행사,NNG
전주 여행,최근,NNG
전주 여행,연인,NNG
전주 여행,당신,NP
전주 여행,야경,NNG
전주 여행,투어,NNG
전주 여행,코스,NNG
전주 여행,소개,NNG
전주 여행,준비,NNG
전주 여행,야경,NNG
전주 여행,안압지,NNP
전주 여행,첨성대,NNG
전주 여행,관광지,NNG
전주 여행,첨성대,NNG
전주 여행,첨성대,NNG
전주 여행,신라,NNP
전주 여행,시대,NNG
전주 여행,관측,NNG
전주 여행,최근,NNG
전주 여행,코스,NNG
전주 여행,야경,NNG
전주 여행,사람,NNG
전주 여행,지인,NNG
전주 여행,경험,NNG
전주 여행,생각,NNG
전주 여행,주목,NNG
전주 여행,장소,NNG
전주 여행,정리,NNG
전주 여행,산사,NNG
전주 여행,옥천사,NNG
전주 여행,수학,NNG
전주 여행,성지,NNG
전주 여행,역사,NNG
전주 여행,탐방,NNG
전주 여행,중심지,NNG
전주 여행,주변,NNG
전주 여행,아기,NNG
전주 여행,후기,NNG
전주 여행,정글,NNG
전주 여행,법칙,NNG
전주 여행,미디어,NNG
전주 여행,파크,NNG
전주 여행,버드,NNP
전주 여행,파크,NNG
전주 여행,일정,NNG
전주 여행,버드,NNP
전주 여행,파크,NNG
전주 여행,위치,NNG
전주 여행,경북,NNP
전주 여행,보문,NNG
전주 여행,북군동,NNP
전주 여행,전화,NNG
전주 여행,운영,NNG
전주 여행,시간,NNG
전주 여행,입장료,NNG
전주 여행,대인,NNG
전주 여행,소인,NNG
전주 여행,울산,NNP
전주 여행,동궁,NNG
전주 여행,월지,NNG
전주 여행,누리,NNG
전주 여행,정원,NNG
전주 여행,성호,NNG
전주 여행,리조트,NNG
전주 여행,장생포,NNG
전주 여행,고래,NNG
전주 여행,문화,NNG
전주 여행,특구,NNP
전주 여행,이름,NNG
전주 여행,고래,NNG
전주 여행,주제,NNG
전주 여행,관광지,NNG
전주 여행,형성,NNG
전주 여행,박물관,NNG
전주 여행,생태,NNG
전주 여행,국내,NNG
전주 여행,울산,NNP
전주 여행,루비,NNG
전주 여행,정원,NNG
전주 여행,연휴,NNG
전주 여행,시작,NNG
전주 여행,신청,NNG
전주 여행,센터,NNG
전주 여행,부지,NNG
전주 여행,자리,NNG
전주 여행,역사,NNG
전주 여행,마당,NNG
전주 여행,연휴,NNG
전주 여행,계획,NNG
전주 여행,이용,NNG
전주 여행,루비,NNG
전주 여행,출장,NNG
전주 여행,조식,NNG
전주 여행,제공,NNG
전주 여행,에이치,NNG
전주 여행,비뉴,NNG
전주 여행,호텔,NNG
전주 여행,불국사,NNP
전주 여행,도보,NNG
전주 여행,거리,NNG
전주 여행,피로,NNG
전주 여행,조금,NNG
전주 여행,아침,NNG
전주 여행,불국사,NNG
전주 여행,방문,NNG
전주 여행,고요,NNG
전주 여행,분위기,NNG
전주 여행,산책,NNG
전주 여행,최적,NNG
전주 여행,위치,NNG
전주 여행,스테이,NNG
전주 여행,알라딘,NNP
전주 여행,자평,NNG
전주 여행,일상,NNG
전주 여행,고고학,NNG
전주 여행,일상,NNG
전주 여행,고고학,NNG
전주 여행,개정,NNG
전주 여행,증보판,NNG
전주 여행,일상,NNG
전주 여행,고고학,NNG
전주 여행,시리즈,NNG
전주 여행,황윤,NNG
전주 여행,지음,NNG
전주 여행,고양이,NNG
전주 여행,평점,NNG
전주 여행,역사,NNG
전주 여행,사랑,NNG
전주 여행,사람,NNG
전주 여행,사랑,NNG
전주 여행,평화,NNG
전주 여행,강릉,NNP
전주 여행,서나,NNG
전주 여행,강릉,NNP
전주 여행,한옥,NNG
전주 여행,숙소,NNG
전주 여행,소설,NNG
전주 여행,첨성,NNG
전주 여행,대점,NNG
전주 여행,비향,NNP
전주 여행,한옥,NNG
전주 여행,숙소,NNG
전주 여행,이름,NNG
전주 여행,소설,NNG
전주 여행,첨성,NNG
전주 여행,대점,NNG
전주 여행,첨성대,NNG
전주 여행,첨성,NNG
전주 여행,대점,NNG
전주 여행,한옥,NNG
전주 여행,소설,NNG
전주 여행,인기,NNG
전주 여행,주말,NNG
전주 여행,알라딘,NNP
전주 여행,황금,NNG
전주 여행,호두,NNG
전주 여행,무웅,NNP
전주 여행,코스,NNG
전주 여행,느낌,NNG
전주 여행,느낌,NNG
전주 여행,신라,NNP
전주 여행,아이,NNG
전주 여행,티비,NNG
전주 여행,이동은,NNP
전주 여행,기차,NNG
전주 여행,자전거,NNG
전주 여행,도보,NNG
전주 여행,버스,NNG
전주 여행,투어,NNG
전주 여행,가능,NNG
전주 여행,코스,NNG
전주 여행,시내,NNG
전주 여행,천마총,NNG
전주 여행,왕릉,NNG
전주 여행,첨성대,NNG
전주 여행,계림,NNG
전주 여행,포석정,NNP
전주 여행,안압지,NNP
전주 여행,알라딘,NNP
전주 여행,자평,NNG
전주 여행,일상,NNG
전주 여행,고고학,NNG
전주 여행,일상,NNG
전주 여행,고고학,NNG
전주 여행,개정,NNG
전주 여행,증보판,NNG
전주 여행,일상,NNG
전주 여행,고고학,NNG
전주 여행,시리즈,NNG
전주 여행,황윤,NNG
전주 여행,지음,NNG
전주 여행,고양이,NNG
전주 여행,오랜만,NNG
전주 여행,저자,NNG
전주 여행,역사,NNG
전주 여행,느낌,NNG
전주 여행,감포,NNP
전주 여행,대말,NNG
전주 여행,체험,NNG
전주 여행,전시관,NNG
전주 여행,위치,NNG
전주 여행,경북,NNP
전주 여행,척사,NNG
전주 여행,운영,NNG
전주 여행,시간,NNG
전주 여행,연중무휴,NNG
전주 여행,대표,NNG
전주 여행,전화,NNG
전주 여행,입장료,NNG
전주 여행,무료,NNG
전주 여행,대말,NNG
전주 여행,체험,NNG
전주 여행,아이,NNG
전주 여행,점심,NNG
전주 여행,시간,NNG
전주 여행,운영,NNG
전주 여행,코스,NNG
전주 여행,읍천항,NNP
전주 여행,주상,NNG
전주 여행,절리,NNG
전주 여행,파도,NNG
전주 여행,소리,NNG
전주 여행,주상,NNG
전주 여행,절리,NNG
전주 여행,제주도,NNP
전주 여행,읍천항,NNP
전주 여행,코스,NNG
전주 여행,읍천항,NNP
전주 여행,자리,NNG
전주 여행,주상,NNG
전주 여행,절리,NNG
전주 여행,파도,NNG
전주 여행,소리,NNG
전주 여행,주차장,NNG
전주 여행,등대,NNG
전주 여행,교리,NNG
전주 여행,김밥,NNG
전주 여행,맛집,NNG
전주 여행,김밥,NNG
전주 여행,남산,NNG
전주 여행,등산,NNG
전주 여행,포함,NNG
전주 여행,당일,NNG
전주 여행,계획,NNG
전주 여행,코스,NNG
전주 여행,정도,NNG
전주 여행,생각,NNG
전주 여행,남산,NNG
전주 여행,놀부,NNG
전주 여행,보쌈,NNG
전주 여행,황오,NNP
전주 여행,배달,NNG
전주 여행,후기,NNG
전주 여행,숙소,NNG
전주 여행,황남,NNG
전주 여행,저녁,NNG
전주 여행,아이,NNG
전주 여행,배민,NNG
전주 여행,놀부,NNG
전주 여행,보쌈,NNG
전주 여행,검색,NNG
전주 여행,황오,NNP
전주 여행,배달,NNG
전주 여행,가능,NNG
전주 여행,저희,NP
전주 여행,황남,NNG
전주 여행,기차,NNG
전주 여행,일전,NNG
전주 여행,크리스마스,NNG
전주 여행,오늘,NNG
전주 여행,안녕,NNG
전주 여행,이번,NNG
전주 여행,컨셉,NNG
전주 여행,호텔,NNG
전주 여행,알라딘,NNP
전주 여행,서재,NNP
전주 여행,이야기,NNG
전주 여행,일상,NNG
전주 여행,고고학,NNG
전주 여행,무대,NNG
전주 여행,에세이,NNG
전주 여행,문화재,NNG
전주 여행,사전,NNG
전주 여행,지식,NNG
전주 여행,얼마,NNG
전주 여행,의미,NNG
전주 여행,알라딘,NNP
전주 여행,자평,NNG
전주 여행,일상,NNG
전주 여행,고고학,NNG
전주 여행,일상,NNG
전주 여행,고고학,NNG
전주 여행,개정,NNG
전주 여행,증보판,NNG
전주 여행,일상,NNG
전주 여행,고고학,NNG
전주 여행,시리즈,NNG
전주 여행,황윤,NNG
전주 여행,지음,NNG
전주 여행,고양이,NNG
전주 여행,이야기,NNG
전주 여행,호기심,NNG
전주 여행,알라딘,NNP
전주 여행,자평,NNG
전주 여행,일상,NNG
전주 여행,고고학,NNG
전주 여행,일상,NNG
전주 여행,고고학,NNG
전주 여행,개정,NNG
전주 여행,증보판,NNG
전주 여행,일상,NNG
전주 여행,고고학,NNG
전주 여행,시리즈,NNG
전주 여행,황윤,NNG
전주 여행,지음,NNG
전주 여행,고양이,NNG
전주 여행,평점,NNG
전주 여행,신라,NNP
전주 여행,마니아,NNG
전주 여행,기라,NNG
전주 여행,관심,NNG
전주 여행,가요,NNG
전주 여행,고고학,NNG
전주 여행,관점,NNG
전주 여행,석빙고,NNG
전주 여행,볼거리,NNG
전주 여행,근처,NNG
전주 여행,안압,NNG
전주 여행,볼거리,NNG
전주 여행,석빙고,NNG
전주 여행,이번,NNG
전주 여행,석빙고,NNG
전주 여행,석빙고,NNG
전주 여행,영조,NNG
전주 여행,일종,NNG
전주 여행,얼음,NNG
전주 여행,창고,NNG
전주 여행,근처,NNG
전주 여행,첨성대,NNG
전주 여행,가본,NNG
전주 여행,동궁,NNG
전주 여행,커피,NNG
전주 여행,열매,NNG
전주 여행,노천온천,NNP
전주 여행,행복,NNG
전주 여행,황리,NNG
전주 여행,보문,NNG
전주 여행,왕릉,NNG
전주 여행,탐방,NNG
전주 여행,데이트,NNG
전주 여행,코스,NNG
전주 여행,황리,NNG
전주 여행,마음,NNG
전주 여행,낭만,NNG
전주 여행,경상도,NNP
전주 여행,거리,NNG
전주 여행,유적지,NNG
전주 여행,한옥,NNG
전주 여행,고도,NNG
전주 여행,밀면,NNP
전주 여행,가격,NNG
전주 여행,비빔,NNG
전주 여행,떡갈비,NNG
전주 여행,밥상,NNG
전주 여행,육수,NNG
전주 여행,평가,NNG
전주 여행,입맛,NNG
전주 여행,취향,NNG
전주 여행,엑스,NNG
전주 여행,포대,NNG
전주 여행,공원,NNG
전주 여행,애벌레,NNG
전주 여행,보문호,NNP
전주 여행,주변,NNG
전주 여행,엑스,NNG
전주 여행,포대,NNG
전주 여행,공원,NNG
전주 여행,입장,NNG
전주 여행,엑스포,NNG
전주 여행,기념관,NNG
전주 여행,천마,NNG
전주 여행,궁전,NNG
전주 여행,타워,NNG
전주 여행,솔거,NNG
전주 여행,미술관,NNG
전주 여행,자연사,NNG
전주 여행,박물관,NNG
전주 여행,동방역,NNP
전주 여행,능소화,NNG
전주 여행,서출지,NNG
전주 여행,경북,NNP
전주 여행,산림,NNG
전주 여행,연구원,NNG
전주 여행,동방역,NNP
전주 여행,능소화,NNG
전주 여행,서출지,NNG
전주 여행,경북,NNP
전주 여행,산림,NNG
전주 여행,연구원,NNG
전주 여행,모녀,NNG
전주 여행,바보,NNG
전주 여행,블로그,NNG
전주 여행,모녀,NNG
전주 여행,첨성대,NNG
전주 여행,야생,NNG
전주 여행,계림,NNG
전주 여행,월지,NNG
전주 여행,안압지,NNP
전주 여행,계림,NNP
전주 여행,월지,NNP
전주 여행,안압지,NNP
전주 여행,야경,NNG
전주 여행,박물관,NNG
전주 여행,김유신,NNP
전주 여행,장군,NNG
전주 여행,석굴암,NNG
전주 여행,알라딘,NNP
전주 여행,자평,NNG
전주 여행,일상,NNG
전주 여행,고고학,NNG
전주 여행,일상,NNG
전주 여행,고고학,NNG
전주 여행,개정,NNG
전주 여행,증보판,NNG
전주 여행,일상,NNG
전주 여행,고고학,NNG
전주 여행,시리즈,NNG
전주 여행,황윤,NNG
전주 여행,지음,NNG
전주 여행,고양이,NNG
전주 여행,평점,NNG
전주 여행,삼국,NNG
전주 여행,시대,NNG
전주 여행,자료,NNG
전주 여행,섭렵,NNG
전주 여행,소장,NNG
전주 여행,역사,NNG
전주 여행,학자,NNG
전주 여행,순수,NNG
전주 여행,시각,NNG
전주 여행,알라딘,NNP
전주 여행,일상,NNG
전주 여행,고고학,NNG
전주 여행,일상,NNG
전주 여행,고고학,NNG
전주 여행,개정,NNG
전주 여행,증보판,NNG
전주 여행,일상,NNG
전주 여행,고고학,NNG
전주 여행,시리즈,NNG
전주 여행,황윤,NNG
전주 여행,지음,NNG
전주 여행,고양이,NNG
전주 여행,평점,NNG
전주 여행,수학,NNG
전주 여행,추억,NNG
전주 여행,역사,NNG
전주 여행,경비,NNG
전주 여행,혼자,NNG
전주 여행,이동,NNG
전주 여행,수단,NNG
전주 여행,시외버스,NNG
전주 여행,버스,NNG
전주 여행,택시,NNG
전주 여행,시티투어,NNP
전주 여행,버스,NNG
전주 여행,기타,NNG
전주 여행,생필품,NNG
전주 여행,샴푸,NNG
전주 여행,린스,NNG
전주 여행,바디,NNG
전주 여행,워시,NNP
전주 여행,버블,NNG
전주 여행,경비,NNG
전주 여행,경북,NNP
전주 여행,현대,NNG
전주 여행,호텔,NNG
전주 여행,현대,NNP
전주 여행,호텔,NNG
전주 여행,현대,NNG
전주 여행,호텔,NNG
전주 여행,보문,NNP
전주 여행,수상,NNG
전주 여행,공연장,NNG
전주 여행,보문관광단지,NNP
전주 여행,보문호,NNP
전주 여행,신라,NNP
전주 여행,컨트리클럽,NNG
전주 여행,숙박,NNG
전주 여행,현대,NNG
전주 여행,호텔,NNG
전주 여행,방문,NNG
전주 여행,일자,NNG
전주 여행,현대,NNG
전주 여행,호텔,NNG
전주 여행,경북,NNP
전주 여행,신평동,NNP
전주 여행,석굴암,NNG
전주 여행,불국사,NNG
전주 여행,석굴암,NNG
전주 여행,불국사,NNG
전주 여행,일시,NNG
전주 여행,장소,NNG
전주 여행,석굴암,NNG
전주 여행,불국사,NNG
전주 여행,참여,NNG
전주 여행,우리,NP
전주 여행,가족,NNG
전주 여행,송국영,NNP
전주 여행,안종,NNP
전주 여행,송진주,NNP
전주 여행,김홍식,NNP
전주 여행,김연우,NNP
전주 여행,연주,NNP
전주 여행,조광민,NNP
전주 여행,대릉원,NNG
전주 여행,스탬프,NNG
전주 여행,투어,NNG
전주 여행,이야기,NNG
전주 여행,대릉원,NNG
전주 여행,천마,NNG
전주 여행,경북,NNP
전주 여행,스탬프,NNG
전주 여행,투어,NNG
전주 여행,오릉,NNG
전주 여행,대릉원,NNG
전주 여행,천마총,NNG
전주 여행,오릉,NNG
전주 여행,교촌,NNG
전주 여행,마을,NNG
전주 여행,투어,NNG
전주 여행,다음,NNG
전주 여행,오릉,NNG
전주 여행,교촌,NNG
전주 여행,마을,NNG
전주 여행,느낌,NNG
전주 여행,유적지,NNG
전주 여행,트레,NNP
전주 여행,대상지,NNG
전주 여행,유적지,NNG
전주 여행,트레,NNP
전주 여행,소재지,NNG
전주 여행,경북,NNP
전주 여행,동궁,NNG
전주 여행,월지,NNG
전주 여행,반월,NNG
전주 여행,교촌,NNG
전주 여행,대릉원,NNG
전주 여행,고분,NNG
전주 여행,분황사,NNG
전주 여행,황룡사,NNG
전주 여행,역사,NNG
전주 여행,문화원,NNG
전주 여행,동궁,NNG
전주 여행,월지,NNG
전주 여행,주차장,NNG
전주 여행,반월,NNG
전주 여행,동궁,NNG
전주 여행,월지,NNG
전주 여행,안압지,NNP
전주 여행,야경,NNG
전주 여행,해외,NNG
전주 여행,이야기,NNG
전주 여행,후기,NNG
전주 여행,동궁,NNG
전주 여행,월지,NNG
전주 여행,안압지,NNP
전주 여행,야경,NNG
전주 여행,훌리아,NNP
전주 여행,여름,NNG
전주 여행,사진,NNG
전주 여행,보관,NNG
전주 여행,구독,NNG
전주 여행,해외,NNG
전주 여행,이야기,NNG
전주 여행,후기,NNG
전주 여행,일요일,NNG
전주 여행,오전,NNG
전주 여행,오후,NNG
전주 여행,고향,NNG
전주 여행,친구,NNG
전주 여행,신라,NNP
전주 여행,대종,NNG
전주 여행,장맛비,NNG
전주 여행,시작,NNG
전주 여행,육월,NNP
전주 여행,중순,NNG
전주 여행,고향,NNG
전주 여행,친구,NNG
전주 여행,대릉원,NNG
전주 여행,돌담길,NNP
전주 여행,황리,NNG
전주 여행,이야기,NNG
전주 여행,계명,NNG
전주 여행,대학교,NNG
전주 여행,동산,NNG
전주 여행,병원,NNG
전주 여행,일자,NNG
전주 여행,인원,NNG
전주 여행,친구,NNG
전주 여행,시외버스,NNG
전주 여행,터미널,NNG
전주 여행,경북,NNP
전주 여행,노서동,NNP
전주 여행,전화,NNG
전주 여행,시외버스,NNG
전주 여행,터미널,NNG
전주 여행,알라딘,NNP
전주 여행,자평,NNG
전주 여행,일상,NNG
전주 여행,고고학,NNG
전주 여행,일상,NNG
전주 여행,고고학,NNG
전주 여행,개정,NNG
전주 여행,증보판,NNG
전주 여행,일상,NNG
전주 여행,고고학,NNG
전주 여행,시리즈,NNG
전주 여행,황윤,NNG
전주 여행,지음,NNG
전주 여행,고양이,NNG
전주 여행,길잡이,NNG
전주 여행,이해,NNG
전주 여행,코스,NNG
전주 여행,베스트,NNG
전주 여행,추천,NNG
전주 여행,코스,NNG
전주 여행,베스트,NNG
전주 여행,추천,NNG
전주 여행,코스,NNG
전주 여행,베스트,NNG
전주 여행,추천,NNG
전주 여행,소개,NNG
전주 여행,황리,NNG
전주 여행,상호,NNG
전주 여행,황리,NNG
전주 여행,주소,NNG
전주 여행,경상북도,NNP
전주 여행,황남동,NNP
전주 여행,전화,NNG
전주 여행,번호,NNG
전주 여행,입력,NNG
전주 여행,관련,NNG
전주 여행,키워드,NNP
전주 여행,키워드,NNP
전주 여행,코스,NNG
전주 여행,불국사,NNP
전주 여행,석굴암,NNG
전주 여행,중교,NNG
전주 여행,서울,NNP
전주 여행,불국사,NNP
전주 여행,불국사,NNP
전주 여행,국보,NNG
전주 여행,다보탑,NNG
전주 여행,석가탑,NNG
전주 여행,석굴암,NNG
전주 여행,입장료,NNG
전주 여행,불국사,NNG
전주 여행,스탬프,NNG
전주 여행,투어,NNG
전주 여행,이야기,NNG
전주 여행,불국사,NNP
전주 여행,석굴암,NNG
전주 여행,경북,NNP
전주 여행,스탬프,NNG
전주 여행,투어,NNG
전주 여행,가을,NNG
전주 여행,불국사,NNG
전주 여행,석굴암,NNG
전주 여행,동리,NNG
전주 여행,문학관,NNG
전주 여행,구경,NNG
전주 여행,다음,NNG
전주 여행,장소,NNG
전주 여행,핵심,NNG
전주 여행,메카,NNP
전주 여행,불국사,NNP
전주 여행,석굴암,NNG
전주 여행,황리,NNG
전주 여행,한옥,NNG
전주 여행,카페,NNG
전주 여행,추천,NNG
전주 여행,카페,NNP
전주 여행,아덴,NNP
전주 여행,카페,NNP
전주 여행,아덴,NNP
전주 여행,위치,NNG
전주 여행,경북,NNP
전주 여행,사정,NNG
전주 여행,운영,NNG
전주 여행,시간,NNG
전주 여행,실시간,NNG
전주 여행,예보,NNG
전주 여행,커피,NNG
전주 여행,아덴,NNP
전주 여행,시그,NNP
전주 여행,알라딘,NNP
전주 여행,자평,NNG
전주 여행,일상,NNG
전주 여행,고고학,NNG
전주 여행,일상,NNG
전주 여행,고고학,NNG
전주 여행,개정,NNG
전주 여행,증보판,NNG
전주 여행,일상,NNG
전주 여행,고고학,NNG
전주 여행,시리즈,NNG
전주 여행,황윤,NNG
전주 여행,지음,NNG
전주 여행,고양이,NNG
전주 여행,평점,NNG
전주 여행,기대,NNG
전주 여행,알라딘,NNP
전주 여행,서재,NNP
전주 여행,필수,NNG
전주 여행,필요,NNG
전주 여행,지식,NNG
전주 여행,설명,NNG
전주 여행,이해,NNG
전주 여행,사진,NNG
전주 여행,정보,NNG
전주 여행,서울,NNP
전주 여행,역사,NNG
전주 여행,한옥,NNG
전주 여행,독서,NNG
전주 여행,모임,NNG
전주 여행,주문,NNG
전주 여행,역사,NNG
전주 여행,예정,NNG
전주 여행,대릉원,NNG
전주 여행,대릉원,NNG
전주 여행,담장,NNG
전주 여행,이번,NNG
전주 여행,가을,NNG
전주 여행,만끽,NNG
전주 여행,컨셉,NNG
전주 여행,가을,NNG
전주 여행,분위기,NNG
전주 여행,고조,NNG
전주 여행,벚나무,NNG
전주 여행,좌우,NNG
전주 여행,슈만,NNP
전주 여행,클라라,NNP
전주 여행,도착,NNG
전주 여행,슈만,NNP
전주 여행,클라라,NNP
전주 여행,위치,NNG
전주 여행,요기,NP
전주 여행,여기,NP
전주 여행,버스,NNG
전주 여행,버스,NNG
전주 여행,택시,NNG
전주 여행,다음,NNG
전주 여행,문제,NNG
전주 여행,봄꽃,NNG
전주 여행,마지막,NNG
전주 여행,월요일,NNG
전주 여행,벚꽃,NNG
전주 여행,상춘객,NNG
전주 여행,점심,NNG
전주 여행,집사람,NNG
전주 여행,국도,NNG
전주 여행,곳곳,NNG
전주 여행,벚꽃,NNG
전주 여행,자랑,NNG
전주 여행,열중,NNG
전주 여행,황리,NNG
전주 여행,맛집,NNG
전주 여행,여도,NNG
전주 여행,영업,NNG
전주 여행,종료,NNG
전주 여행,오늘,NNG
전주 여행,맛집,NNG
전주 여행,황리,NNG
전주 여행,맛집,NNG
전주 여행,여주,NNG
전주 여행,이야기,NNG
전주 여행,여도,NNG
전주 여행,저희,NP
전주 여행,기록,NNG
전주 여행,포스팅,NNP
전주 여행,진행,NNG
전주 여행,참고,NNG
전주 여행,한옥,NNP
전주 여행,외관,NNG
전주 여행,눈길,NNG
전주 여행,황리,NNG
전주 여행,주전부리,NNG
전주 여행,황금,NNG
전주 여행,황남,NNG
전주 여행,옥수수,NNG
전주 여행,청년,NNG
전주 여행,분식,NNG
전주 여행,황리,NNG
전주 여행,주전부리,NNG
전주 여행,저녁,NNG
전주 여행,황리,NNG
전주 여행,주전부리,NNG
전주 여행,결론,NNG
전주 여행,청년,NNG
전주 여행,분식,NNG
전주 여행,황남,NNG
전주 여행,옥수수,NNG
전주 여행,청년,NNG
전주 여행,분식,NNG
전주 여행,쥬얼,NNP
전주 여행,유혹,NNG
전주 여행,성동,NNG
전주 여행,시장,NNG
전주 여행,구경,NNG
전주 여행,가을,NNG
전주 여행,기차,NNG
전주 여행,피날레,NNG
전주 여행,가을,NNG
전주 여행,기차,NNG
전주 여행,단풍,NNG
전주 여행,은행,NNG
전주 여행,낙엽,NNG
전주 여행,언니,NNG
전주 여행,수고,NNG
전주 여행,숙소,NNG
전주 여행,변경,NNG
전주 여행,지도자,NNG
전주 여행,언니,NNG
전주 여행,첨성대,NNG
전주 여행,대릉원,NNG
전주 여행,주차,NNG
전주 여행,주차장,NNG
전주 여행,대릉원,NNG
전주 여행,주차장,NNG
전주 여행,여기,NP
전주 여행,매표,NNG
전주 여행,혼자,NNG
전주 여행,필요,NNG
전주 여행,드라이브,NNG
전주 여행,그곳,NP
전주 여행,첨성대,NNG
전주 여행,마지막,NNG
전주 여행,선물,NNG
전주 여행,눈발,NNG
전주 여행,시작,NNG
전주 여행,세상,NNG
전주 여행,눈길,NNG
전주 여행,산책,NNG
전주 여행,불국사,NNP
전주 여행,기차,NNG
전주 여행,마무리,NNG
전주 여행,하늘,NNG
전주 여행,야경,NNG
전주 여행,매력,NNG
전주 여행,정교,NNG
전주 여행,분위기,NNG
전주 여행,저녁,NNG
전주 여행,정교,NNG
전주 여행,방문,NNG
전주 여행,추천,NNG
전주 여행,정교,NNG
전주 여행,사진,NNG
전주 여행,정교,NNG
전주 여행,야경,NNG
전주 여행,마지막,NNG
전주 여행,여기,NP
전주 여행,신라,NNP
전주 여행,신라,NNP
전주 여행,해장국,NNG
전주 여행,황남,NNG
전주 여행,맷돌,NNG
전주 여행,순두부,NNG
전주 여행,두부,NNG
전주 여행,보쌈,NNG
전주 여행,제육,NNG
전주 여행,순두부찌개,NNG
전주 여행,황남,NNG
전주 여행,맷돌,NNG
전주 여행,순두부,NNG
전주 여행,영업시간,NNG
전주 여행,황리,NNG
전주 여행,시작,NNG
전주 여행,밥집,NNG
전주 여행,영업,NNG
전주 여행,마감,NNG
전주 여행,고기,NNG
전주 여행,두부,NNG
전주 여행,순두부찌개,NNG
전주 여행,호랑이,NNG
전주 여행,막걸리,NNG
전주 여행,울주,NNP
전주 여행,새벽,NNG
전주 여행,하늘,NNG
전주 여행,예쁘다,NNP
전주 여행,월드,NNG
전주 여행,판다,NNG
전주 여행,점심,NNG
전주 여행,친절,NNG
전주 여행,떡갈비,NNG
전주 여행,계란찜,NNG
전주 여행,풍경,NNG
전주 여행,행복,NNG
전주 여행,울주,NNP
전주 여행,서출지,NNG
전주 여행,날씨,NNG
전주 여행,촬영,NNG
전주 여행,사진가,NNG
전주 여행,미안,NNG
전주 여행,생각,NNG
전주 여행,날씨,NNG
전주 여행,촬영,NNG
전주 여행,대작,NNG
전주 여행,알라딘,NNP
전주 여행,자평,NNG
전주 여행,우리,NP
전주 여행,우리,NP
전주 여행,세계,NNG
전주 여행,문화유산,NNG
전주 여행,개정판,NNG
전주 여행,답사,NNG
전주 여행,역사,NNG
전주 여행,박광일,NNP
전주 여행,전향,NNG
전주 여행,이야기,NNG
전주 여행,기획,NNG
전주 여행,성당,NNG
전주 여행,평점,NNG
전주 여행,초등,NNG
전주 여행,학교,NNG
전주 여행,학생,NNG
전주 여행,수학,NNG
전주 여행,알라딘,NNP
전주 여행,자평,NNG
전주 여행,일상,NNG
전주 여행,고고학,NNG
전주 여행,일상,NNG
전주 여행,고고학,NNG
전주 여행,개정,NNG
전주 여행,증보판,NNG
전주 여행,일상,NNG
전주 여행,고고학,NNG
전주 여행,시리즈,NNG
전주 여행,황윤,NNG
전주 여행,지음,NNG
전주 여행,고양이,NNG
전주 여행,타임캡슐,NNG
전주 여행,신라,NNG
전주 여행,특별,NNG
전주 여행,시간,NNG
전주 여행,오늘,NNG
전주 여행,날씨,NNG
전주 여행,마을,NNG
전주 여행,식당,NNG
전주 여행,양념,NNG
전주 여행,게장,NNG
전주 여행,점심,NNG
전주 여행,힐튼,NNP
전주 여행,호텔,NNG
전주 여행,커피,NNG
전주 여행,한잔,NNG
전주 여행,보문,NNG
전주 여행,나무,NNG
전주 여행,감상,NNG
전주 여행,커피,NNG
전주 여행,한잔,NNG
전주 여행,스콘,NNP
전주 여행,행복,NNG
전주 여행,월드,NNG
전주 여행,관람,NNG
전주 여행,압지,NNG
전주 여행,야경,NNG
전주 여행,투어,NNG
전주 여행,방문,NNG
전주 여행,보름달,NNG
전주 여행,하늘,NNG
전주 여행,황청,NNG
전주 여행,연못,NNG
전주 여행,야경,NNG
전주 여행,야경,NNG
전주 여행,이곳,NP
전주 여행,압지,NNG
전주 여행,알라딘,NNP
전주 여행,자평,NNG
전주 여행,우리,NP
전주 여행,우리,NP
전주 여행,신라,NNG
전주 여행,답사,NNG
전주 여행,역사,NNG
전주 여행,박광일,NNP
전주 여행,평점,NNG
전주 여행,구판,NNG
전주 여행,절판,NNG
전주 여행,아이,NNG
전주 여행,눈높이,NNG
전주 여행,알라딘,NNP
전주 여행,자평,NNG
전주 여행,일상,NNG
전주 여행,고고학,NNG
전주 여행,일상,NNG
전주 여행,고고학,NNG
전주 여행,개정,NNG
전주 여행,증보판,NNG
전주 여행,일상,NNG
전주 여행,고고학,NNG
전주 여행,시리즈,NNG
전주 여행,황윤,NNG
전주 여행,지음,NNG
전주 여행,고양이,NNG
전주 여행,평점,NNG
전주 여행,유익,NNG
전주 여행,알라딘,NNP
전주 여행,역사,NNG
전주 여행,관심,NNG
전주 여행,시작,NNG
전주 여행,생각,NNG
전주 여행,마음,NNG
전주 여행,기억,NNG
전주 여행,아이,NNG
전주 여행,신라,NNG
전주 여행,동안,NNG
전주 여행,내용,NNG
전주 여행,생각,NNG
전주 여행,유적지,NNG
전주 여행,매화,NNG
전주 여행,산수유,NNG
전주 여행,만발,NNG
전주 여행,보문,NNG
전주 여행,호수,NNG
전주 여행,산책,NNG
전주 여행,행복,NNG
전주 여행,마무리,NNG
전주 여행,알라딘,NNP
전주 여행,자평,NNG
전주 여행,일상,NNG
전주 여행,고고학,NNG
전주 여행,일상,NNG
전주 여행,고고학,NNG
전주 여행,일상,NNG
전주 여행,시리즈,NNG
전주 여행,황윤,NNG
전주 여행,지음,NNG
전주 여행,고양이,NNG
전주 여행,평점,NNG
전주 여행,마니아,NNG
전주 여행,탐방기,NNG
전주 여행,설명,NNG
전주 여행,알라딘,NNP
전주 여행,자평,NNG
전주 여행,일상,NNG
전주 여행,고고학,NNG
전주 여행,일상,NNG
전주 여행,고고학,NNG
전주 여행,개정,NNG
전주 여행,증보판,NNG
전주 여행,일상,NNG
전주 여행,고고학,NNG
전주 여행,시리즈,NNG
전주 여행,황윤,NNG
전주 여행,지음,NNG
전주 여행,고양이,NNG
전주 여행,평점,NNG
전주 여행,풍경,NNG
전주 여행,고고학,NNG
전주 여행,우리,NP
전주 여행,지적,NNG
전주 여행,힐링,NNG
전주 여행,주상,NNG
전주 여행,절리,NNG
전주 여행,스탬프,NNG
전주 여행,투어,NNG
전주 여행,목적지,NNG
전주 여행,주상,NNG
전주 여행,스탬프,NNG
전주 여행,투어,NNG
전주 여행,주상,NNG
전주 여행,절리,NNG
전주 여행,해변,NNG
전주 여행,둘레길,NNP
전주 여행,주상,NNG
전주 여행,절리,NNG
전주 여행,파도,NNG
전주 여행,소리,NNG
전주 여행,시작,NNG
전주 여행,오랫만,NNG
전주 여행,밤잠,NNG
전주 여행,시계,NNG
전주 여행,시간,NNG
전주 여행,불국사,NNP
전주 여행,황남빵,NNP
전주 여행,교리,NNG
전주 여행,김밥,NNG
전주 여행,내소,NNG
전주 여행,불국사,NNP
전주 여행,황남빵,NNP
전주 여행,교리,NNG
전주 여행,김밥,NNG
전주 여행,산내,NNG
전주 여행,소고기,NNG
전주 여행,울산,NNP
전주 여행,후배,NNG
전주 여행,울산,NNP
전주 여행,불국사,NNG
전주 여행,천마총,NNG
전주 여행,첨성대,NNG
전주 여행,나무,NNG
전주 여행,그늘,NNG
전주 여행,내부,NNG
전주 여행,전경,NNG
전주 여행,알라딘,NNP
전주 여행,자평,NNG
전주 여행,일상,NNG
전주 여행,고고학,NNG
전주 여행,개정,NNG
전주 여행,증보판,NNG
전주 여행,일상,NNG
전주 여행,고고학,NNG
전주 여행,시리즈,NNG
전주 여행,황윤,NNG
전주 여행,지음,NNG
전주 여행,고양이,NNG
전주 여행,평점,NNG
전주 여행,학교,NNG
전주 여행,공부,NNG
전주 여행,느낌,NNG
전주 여행,가보세요,NNG
전주 여행,알라딘,NNP
전주 여행,자평,NNG
전주 여행,일상,NNG
전주 여행,고고학,NNG
전주 여행,혼자,NNG
전주 여행,개정,NNG
전주 여행,증보판,NNG
전주 여행,일상,NNG
전주 여행,고고학,NNG
전주 여행,시리즈,NNG
전주 여행,황윤,NNG
전주 여행,지음,NNG
전주 여행,고양이,NNG
전주 여행,평점,NNG
전주 여행,이야기,NNG
전주 여행,작가,NNG
전주 여행,혼자,NNG
전주 여행,기대,NNG
전주 여행,매화꽃,NNG
전주 여행,산수유,NNG
전주 여행,날씨,NNG
전주 여행,바람,NNG
전주 여행,햇살,NNG
전주 여행,점심,NNG
전주 여행,황룡,NNG
전주 여행,동국,NNG
전주 여행,재단,NNG
전주 여행,운영,NNG
전주 여행,연수원,NNG
전주 여행,맷돌,NNG
전주 여행,순부,NNG
전주 여행,옆집,NNG
전주 여행,정화,NNG
전주 여행,송이,NNG
전주 여행,순두부,NNG
전주 여행,맛집,NNG
전주 여행,옆집,NNG
전주 여행,가격,NNG
전주 여행,기본,NNG
전주 여행,반찬,NNG
전주 여행,생선,NNG
전주 여행,구이,NNG
전주 여행,후배,NNG
전주 여행,순두부,NNG
전주 여행,순두부,NNG
전주 여행,파전,NNG
전주 여행,주문,NNG
전주 여행,새송이,NNP
전주 여행,탁주,NNG
전주 여행,주문,NNG
전주 여행,낮술,NNG
전주 여행,남산,NNP
전주 여행,칠불암,NNG
전주 여행,케이트,NNP
전주 여행,진입,NNG
전주 여행,서라벌,NNP
전주 여행,휴게소,NNG
전주 여행,통일전,NNP
전주 여행,주차장,NNG
전주 여행,주차,NNG
전주 여행,염불,NNG
전주 여행,사지,NNG
전주 여행,삼층석탑,NNP
전주 여행,주차,NNG
전주 여행,여기,NP
전주 여행,도착,NNG
전주 여행,주차,NNG
전주 여행,아침,NNG
전주 여행,알라딘,NNP
전주 여행,자평,NNG
전주 여행,일상,NNG
전주 여행,고고학,NNG
전주 여행,일상,NNG
전주 여행,고고학,NNG
전주 여행,개정,NNG
전주 여행,증보판,NNG
전주 여행,일상,NNG
전주 여행,고고학,NNG
전주 여행,시리즈,NNG
전주 여행,황윤,NNG
전주 여행,지음,NNG
전주 여행,고양이,NNG
전주 여행,평점,NNG
전주 여행,마음,NNG
전주 여행,중학교,NNG
전주 여행,수학,NNG
전주 여행,국내,NNG
전주 여행,사진,NNG
전주 여행,국내,NNG
전주 여행,테마,NNG
전주 여행,벚꽃,NNG
전주 여행,시기,NNG
전주 여행,아쉬움,NNG
전주 여행,대능원,NNP
전주 여행,출입문,NNG
전주 여행,능원,NNG
전주 여행,소나무,NNG
전주 여행,천마총,NNG
전주 여행,안압지,NNP
전주 여행,분황사,NNG
전주 여행,모전,NNG
전주 여행,석탑,NNG
전주 여행,원래,NNG
전주 여행,힐튼,NNP
전주 여행,호텔,NNG
전주 여행,한국,NNP
전주 여행,서울,NNP
전주 여행,호텔,NNG
전주 여행,체인,NNG
전주 여행,이상,NNG
전주 여행,두산,NNP
전주 여행,참고,NNG
전주 여행,미국,NNP
전주 여행,모델,NNG
전주 여행,손님,NNG
전주 여행,배려,NNG
전주 여행,호텔,NNG
전주 여행,토함산,NNP
전주 여행,단풍,NNG
전주 여행,터널,NNG
전주 여행,자연,NNG
전주 여행,수채화,NNG
전주 여행,단풍,NNG
전주 여행,숲길,NNG
전주 여행,불국사,NNP
전주 여행,석굴암,NNG
전주 여행,토함산,NNP
전주 여행,숲길,NNG
전주 여행,월산,NNG
전주 여행,고갯길,NNG
전주 여행,신라,NNP
전주 여행,역사,NNG
전주 여행,시내,NNG
전주 여행,배롱나무,NNG
전주 여행,첨성대,NNG
전주 여행,야경,NNG
전주 여행,수학,NNG
전주 여행,사람,NNG
전주 여행,자녀,NNG
전주 여행,역사,NNG
전주 여행,유적,NNG
전주 여행,답사,NNG
전주 여행,동행,NNG
전주 여행,생각,NNG
전주 여행,국내,NNG
전주 여행,특징,NNG
전주 여행,평온,NNG
전주 여행,자연,NNG
전주 여행,황리,NNG
전주 여행,카페,NNG
전주 여행,카페,NNG
전주 여행,카페,NNG
전주 여행,황리,NNG
전주 여행,거리,NNG
전주 여행,위치,NNG
전주 여행,거리,NNG
전주 여행,인테리어,NNG
전주 여행,눈길,NNG
전주 여행,카페,NNG
전주 여행,황리,NNG
전주 여행,카페,NNG
전주 여행,카페,NNG
전주 여행,날씨,NNG
전주 여행,경북,NNP
전주 여행,국밥,NNG
전주 여행,맛집,NNG
전주 여행,보문,NNG
전주 여행,경북,NNP
전주 여행,교촌,NNP
전주 여행,마을,NNG
전주 여행,교촌,NNG
전주 여행,보관,NNG
전주 여행,아이,NNG
전주 여행,가족,NNG
전주 여행,가족,NNG
전주 여행,기록,NNG
전주 여행,오늘,NNG
전주 여행,가족,NNG
전주 여행,모임,NNG
전주 여행,경북,NNP
전주 여행,불국사역,NNP
전주 여행,동대구,NNG
전주 여행,기차,NNG
전주 여행,무궁화호,NNP
전주 여행,시간,NNG
전주 여행,시외,NNG
전주 여행,고속,NNG
전주 여행,버스,NNG
전주 여행,터미널,NNG
전주 여행,거리,NNG
전주 여행,어디,NP
전주 여행,대중,NNG
전주 여행,교통,NNG
전주 여행,종류,NNG
전주 여행,서울,NNP
전주 여행,대전,NNP
전주 여행,이상,NNG
전주 여행,코스,NNG
전주 여행,알라딘,NNP
전주 여행,자평,NNG
전주 여행,일상,NNG
전주 여행,고고학,NNG
전주 여행,지음,NNG
전주 여행,고양이,NNG
전주 여행,평점,NNG
전주 여행,도시,NNG
전주 여행,시간,NNG
전주 여행,기분,NNG
전주 여행,행복,NNG
전주 여행,코로나,NNP
전주 여행,하늘,NNG
전주 여행,구름,NNG
전주 여행,고속도로,NNP
전주 여행,오늘,NNG
전주 여행,힐링,NNG
전주 여행,산송,NNG
전주 여행,한우구,NNP
전주 여행,언양,NNP
전주 여행,불고기,NNG
전주 여행,더덕구이,NNG
전주 여행,라떼,NNG
전주 여행,한잔,NNG
전주 여행,노천온천,NNP
전주 여행,하늘,NNG
전주 여행,알라딘,NNP
전주 여행,자평,NNG
전주 여행,일상,NNG
전주 여행,고고학,NNG
전주 여행,평점,NNG
전주 여행,가을,NNG
전주 여행,실천,NNG
전주 여행,사람,NNG
전주 여행,기대,NNG
전주 여행,알라딘,NNP
전주 여행,자평,NNG
전주 여행,일상,NNG
전주 여행,고고학,NNG
전주 여행,일상,NNG
전주 여행,고고학,NNG
전주 여행,개정,NNG
전주 여행,증보판,NNG
전주 여행,일상,NNG
전주 여행,고고학,NNG
전주 여행,시리즈,NNG
전주 여행,황윤,NNG
전주 여행,지음,NNG
전주 여행,고양이,NNG
전주 여행,평점,NNG
전주 여행,구경,NNG
전주 여행,코로나,NNP
전주 여행,알라딘,NNP
전주 여행,자평,NNG
전주 여행,일상,NNG
전주 여행,고고학,NNG
전주 여행,일상,NNG
전주 여행,고고학,NNG
전주 여행,개정,NNG
전주 여행,증보판,NNG
전주 여행,일상,NNG
전주 여행,고고학,NNG
전주 여행,시리즈,NNG
전주 여행,황윤,NNG
전주 여행,지음,NNG
전주 여행,고양이,NNG
전주 여행,평점,NNG
전주 여행,수학,NNG
전주 여행,이후,NNG
전주 여행,생각,NNG
전주 여행,나정,NNG
전주 여행,맛집,NNG
전주 여행,나정,NNG
전주 여행,라면,NNG
전주 여행,맛집,NNG
전주 여행,에도,NNP
전주 여행,바다,NNG
전주 여행,나정,NNG
전주 여행,스토리,NNG
전주 여행,에도,NNP
전주 여행,바다,NNG
전주 여행,사실,NNG
전주 여행,아시나,NNP
전주 여행,바다,NNG
전주 여행,남편,NNG
전주 여행,역사,NNG
전주 여행,유적지,NNG
전주 여행,가을,NNG
전주 여행,도착,NNG
전주 여행,오늘,NNG
전주 여행,작년,NNG
전주 여행,여름,NNG
전주 여행,코스,NNG
전주 여행,서출지,NNG
전주 여행,통일전,NNP
전주 여행,산림,NNG
전주 여행,연구원,NNG
전주 여행,핑크,NNG
전주 여행,첨성대,NNG
전주 여행,주변,NNG
전주 여행,황리,NNG
전주 여행,구경,NNG
전주 여행,점심,NNG
전주 여행,커피,NNG
전주 여행,조금,NNG
전주 여행,가을,NNG
전주 여행,알라딘,NNP
전주 여행,자평,NNG
전주 여행,일상,NNG
전주 여행,고고학,NNG
전주 여행,일상,NNG
전주 여행,고고학,NNG
전주 여행,개정,NNG
전주 여행,증보판,NNG
전주 여행,일상,NNG
전주 여행,고고학,NNG
전주 여행,시리즈,NNG
전주 여행,황윤,NNG
전주 여행,지음,NNG
전주 여행,고양이,NNG
전주 여행,평점,NNG
전주 여행,수학,NNG
전주 여행,역사,NNG
전주 여행,의미,NNG
전주 여행,이제,NNG
전주 여행,풍경,NNG
전주 여행,알라딘,NNP
전주 여행,자평,NNG
전주 여행,일상,NNG
전주 여행,고고학,NNG
전주 여행,출간,NNG
전주 여행,일상,NNG
전주 여행,고고학,NNG
전주 여행,혼자,NNG
전주 여행,백제,NNG
전주 여행,이번,NNG
전주 여행,전작,NNG
전주 여행,백제,NNG
전주 여행,만족,NNG
전주 여행,이번,NNG
전주 여행,탑승,NNG
