query,no,token,pos
경주 여행,1,동궁,NNG
경주 여행,1,월지,NNG
경주 여행,1,첨성대,NNG
경주 여행,1,야경,NNG
경주 여행,1,연꽃,NNG
경주 여행,1,단지,MAG
경주 여행,1,분황사,NNG
경주 여행,1,방문,NNG
경주 여행,1,다시,MAG
경주 여행,1,남겨,VV+EC
경주 여행,1,이웃,NNG
경주 여행,1,지내,VV
경주 여행,1,나요,EF
경주 여행,1,지난주,NNG
경주 여행,1,blog,SL
경주 여행,1,naver,SL
경주 여행,1,com,SL
경주 여행,1,예전,NNG
경주 여행,1,사진,NNG
경주 여행,1,떠나,VV
경주 여행,1,진다,VX+EC
경주 여행,2,경북,NNP
경주 여행,2,천문,NNG
경주 여행,2,기상,NNG
경주 여행,2,관측대,NNG
경주 여행,2,첨성대,NNG
경주 여행,2,일자,NNG
경주 여행,2,2016,SN
경주 여행,2,인원,NNG
경주 여행,2,친구,NNG
경주 여행,2,함께,MAG
경주 여행,2,첨성대,NNG
경주 여행,2,경북,NNP
경주 여행,2,인왕동,NNP
경주 여행,2,839,SN
경주 여행,2,전화,NNG
경주 여행,2,054,SN
경주 여행,2,779,SN
경주 여행,2,8741,SN
경주 여행,2,첨성대,NNG
경주 여행,2,관람료,NNG
경주 여행,2,무료,NNG
경주 여행,2,경북,NNP
경주 여행,2,이야기,NNG
경주 여행,2,첨성대,NNG
경주 여행,2,에서,JKB
경주 여행,2,바라본,VV+ETM
경주 여행,2,대릉원,NNG
경주 여행,2,야경,NNG
경주 여행,3,데이,NNG
경주 여행,3,택시,NNG
경주 여행,3,투어,NNG
경주 여행,3,감사,NNG
경주 여행,3,합니다,XSV+EF
경주 여행,3,구매,NNG
경주 여행,3,https,SL
경주 여행,3,smartstore,SL
경주 여행,3,naver,SL
경주 여행,3,com,SL
경주 여행,3,dptour,SL
경주 여행,3,products,SL
경주 여행,3,5981873243,SN
경주 여행,3,플레이스,NNG
경주 여행,3,데이,NNG
경주 여행,3,택시,NNG
경주 여행,3,투어,NNG
경주 여행,3,돌고래,NNG
경주 여행,3,돌핀,NNG
경주 여행,3,스토어,NNG
경주 여행,3,플레이스,NNG
경주 여행,3,데이,NNG
경주 여행,3,택시,NNG
경주 여행,3,투어,NNG
경주 여행,3,smartstore,SL
경주 여행,3,naver,SL
경주 여행,3,com,SL
경주 여행,4,설레임,VV+ETN
경주 여행,4,패밀리,NNG
경주 여행,4,일상,NNG
경주 여행,4,오늘,NNG
경주 여행,4,목적지,NNG
경주 여행,4,회사,NNG
경주 여행,4,제휴,NNG
경주 여행,4,숙소,NNG
경주 여행,4,저렴,XR
경주 여행,4,예약,NNG
경주 여행,4,나선다,VV+EC
경주 여행,4,도착,NNG
경주 여행,4,자마자,EC
경주 여행,4,고파서,VA+EC
경주 여행,4,우리,NP
경주 여행,4,가족,NNG
경주 여행,4,국수집,NNG
경주 여행,4,본다,VV+EC
경주 여행,4,와이프,NNG
경주 여행,4,검색,NNG
경주 여행,4,해서,XSV+EC
경주 여행,4,찾아간,VV+ETM
경주 여행,4,갈비,NNG
경주 여행,4,국수,NNG
경주 여행,5,경북,NNP
경주 여행,5,불국사,NNG
경주 여행,5,단아,XR
경주 여행,5,정숙,XR
경주 여행,5,묻어나,VV
경주 여행,5,겹벚꽃,NNG
경주 여행,5,벚꽃,NNG
경주 여행,5,벚꽃,NNG
경주 여행,5,즐기,VV
경주 여행,5,고수,NNG
경주 여행,5,라면,VCP+EC
경주 여행,5,서둘러,VV+EC
경주 여행,5,티켓,NNG
경주 여행,5,예약,NNG
경주 여행,5,다시,MAG
경주 여행,5,들썩이,VV
경주 여행,5,지역,NNG
경주 여행,5,벚꽃,NNG
경주 여행,5,거의,MAG
경주 여행,5,떨어지,VV
경주 여행,5,불국사,NNG
경주 여행,5,겹벚꽃,NNG
경주 여행,5,으로,JKB
경주 여행,5,유명,XR
경주 여행,5,불국사,NNP
경주 여행,5,입구,NNG
경주 여행,6,보문,NNG
경주 여행,6,단지,MAG
경주 여행,6,벚꽃,NNG
경주 여행,6,보문호,NNP
경주 여행,6,반길,VV+ETM
경주 여행,6,화사,XR
경주 여행,6,선사,NNG
경주 여행,6,17,SN
경주 여행,6,최적,NNG
경주 여행,6,지이,NNG
경주 여행,6,도로,NNG
경주 여행,6,꽃길,NNG
경주 여행,6,이른,VA+ETM
경주 여행,6,시각,NNG
경주 여행,6,와야,VV+EC
경주 여행,6,제대로,MAG
경주 여행,6,힐링,NNG
경주 여행,6,만개,NNG
경주 여행,6,아름다운,VA+ETM
경주 여행,6,경관,NNG
경주 여행,6,이루,VV
경주 여행,6,보문,NNG
경주 여행,6,단지,NNG
경주 여행,6,시가지,NNG
경주 여행,6,에서,JKB
경주 여행,6,동쪽,NNG
경주 여행,6,으로,JKB
경주 여행,6,10,SN
경주 여행,6,정도,NNG
경주 여행,6,떨어진,VV+ETM
경주 여행,6,활산,NNP
경주 여행,6,성터,NNG
경주 여행,7,경북,NNP
경주 여행,7,하얀,VA+ETM
경주 여행,7,목련,NNG
경주 여행,7,대릉원,NNG
경주 여행,7,목련,NNG
경주 여행,7,풍경,NNG
경주 여행,7,최근,NNG
경주 여행,7,빼놓,VV
경주 여행,7,코스,NNG
경주 여행,7,다름,VA+ETN
경주 여행,7,아닌,VCN+ETM
경주 여행,7,야경,NNG
경주 여행,7,둘러보,VV
경주 여행,7,연인,NNG
경주 여행,7,함께,MAG
경주 여행,7,떠나,VV
경주 여행,7,당신,NP
경주 여행,7,위한,VV+ETM
경주 여행,7,야경,NNG
경주 여행,7,투어,NNG
경주 여행,7,코스,NNG
경주 여행,7,소개,NNG
경주 여행,7,한다,XSV+EC
경주 여행,7,준비,NNG
경주 여행,8,세계,NNG
경주 여행,8,문화유산,NNG
경주 여행,8,양동,NNP
경주 여행,8,마을,NNG
경주 여행,8,18,SN
경주 여행,8,29,SN
경주 여행,8,시간,NNG
경주 여행,8,떠나,VV
경주 여행,8,다면,EC
경주 여행,8,조상,NNG
경주 여행,8,모습,NNG
경주 여행,8,고스란히,MAG
경주 여행,8,간직,NNG
경주 여행,8,수백,NR
경주 여행,8,숨결,NNG
경주 여행,8,양동,NNP
경주 여행,8,마을,NNG
경주 여행,8,제격,NNG
경주 여행,8,아닐까,VCN+EC
경주 여행,8,경상북도,NNP
경주 여행,8,강동면,NNP
경주 여행,8,양동,NNP
경주 여행,8,마을,NNG
경주 여행,8,138,SN
경주 여행,8,18,SN
경주 여행,8,지번,NNG
경주 여행,8,경상북도,NNP
경주 여행,8,강동면,NNP
경주 여행,9,경북,NNP
경주 여행,9,다리,NNG
경주 여행,9,정교,NNG
경주 여행,9,18,SN
경주 여행,9,21,SN
경주 여행,9,잠시,MAG
경주 여행,9,교촌,NNG
경주 여행,9,마을,NNG
경주 여행,9,도착,NNG
경주 여행,9,행사,NNG
경주 여행,9,잠시,MAG
경주 여행,9,간다,VX+EC
경주 여행,9,최근,NNG
경주 여행,9,빼놓,VV
경주 여행,9,연인,NNG
경주 여행,9,함께,MAG
경주 여행,9,떠나,VV
경주 여행,9,당신,NP
경주 여행,9,위한,VV+ETM
경주 여행,9,야경,NNG
경주 여행,9,투어,NNG
경주 여행,9,코스,NNG
경주 여행,9,소개,NNG
경주 여행,9,한다,XSV+EC
경주 여행,9,준비,NNG
경주 여행,10,야경,NNG
경주 여행,10,이쁜,VA+ETM
경주 여행,10,안압지,NNP
경주 여행,10,첨성대,NNG
경주 여행,10,16,SN
경주 여행,10,31,SN
경주 여행,10,어울린다,VV+EC
경주 여행,10,에서,JKB
경주 여행,10,빠질,VV+ETM
경주 여행,10,관광지,NNG
경주 여행,10,하나,NR
경주 여행,10,첨성대,NNG
경주 여행,10,첨성대,NNG
경주 여행,10,신라,NNP
경주 여행,10,시대,NNG
경주 여행,10,관측,NNG
경주 여행,10,최근,NNG
경주 여행,10,빼놓,VV
경주 여행,10,코스,NNG
경주 여행,10,다름,VA+ETN
경주 여행,10,아닌,VCN+ETM
경주 여행,10,야경,NNG
경주 여행,10,둘러보,VV
경주 여행,11,에서,JKB
경주 여행,11,사람,NNG
경주 여행,11,지나치,VV
경주 여행,11,몇몇,MM
경주 여행,11,지인,NNG
경주 여행,11,경험,NNG
경주 여행,11,생각,NNG
경주 여행,11,에서,JKB
경주 여행,11,주목,NNG
경주 여행,11,장소,NNG
경주 여행,11,정리,NNG
경주 여행,11,고즈넉,XR
경주 여행,11,산사,NNG
경주 여행,11,옥천사,NNG
경주 여행,11,수학,NNG
경주 여행,11,성지,NNG
경주 여행,11,역사,NNG
경주 여행,11,탐방,NNG
경주 여행,11,중심지,NNG
경주 여행,11,알려져,VV+EC+VX+EC
경주 여행,11,지만,EC
경주 여행,11,주변,NNG
경주 여행,11,으로,JKB
경주 여행,12,14,SN
경주 여행,12,개월,NNBC
경주 여행,12,아기,NNG
경주 여행,12,후기,NNG
경주 여행,12,정글,NNG
경주 여행,12,법칙,NNG
경주 여행,12,미디어,NNG
경주 여행,12,파크,NNG
경주 여행,12,버드,NNP
경주 여행,12,파크,NNG
경주 여행,12,그래도,VV+EC
경주 여행,12,일정,NNG
경주 여행,12,온다면,VV+EC
경주 여행,12,다녀오,VV
경주 여행,12,버드,NNP
경주 여행,12,파크,NNG
경주 여행,12,위치,NNG
경주 여행,12,경북,NNP
경주 여행,12,보문,NNG
경주 여행,12,74,SN
경주 여행,12,14,SN
경주 여행,12,북군동,NNP
경주 여행,12,185,SN
경주 여행,12,전화,NNG
경주 여행,12,054,SN
경주 여행,12,777,SN
경주 여행,12,7200,SN
경주 여행,12,운영,NNG
경주 여행,12,시간,NNG
경주 여행,12,10,SN
경주 여행,12,00,SN
경주 여행,12,19,SN
경주 여행,12,00,SN
경주 여행,12,입장료,NNG
경주 여행,12,대인,NNG
경주 여행,12,20,SN
경주 여행,12,000,SN
경주 여행,12,소인,NNG
경주 여행,12,15,SN
경주 여행,12,000,SN
경주 여행,13,울산,NNP
경주 여행,13,Part,SL
경주 여행,13,동궁,NNG
경주 여행,13,월지,NNG
경주 여행,13,누리,NNG
경주 여행,13,정원,NNG
경주 여행,13,성호,NNG
경주 여행,13,리조트,NNG
경주 여행,13,장생포,NNG
경주 여행,13,고래,NNG
경주 여행,13,문화,NNG
경주 여행,13,특구,NNP
경주 여행,13,라는,VCP+ETM
경주 여행,13,이름,NNG
경주 여행,13,으로,JKB
경주 여행,13,고래,NNG
경주 여행,13,주제,NNG
경주 여행,13,다채,XR
경주 여행,13,로운,XSA+ETM
경주 여행,13,관광지,NNG
경주 여행,13,형성,NNG
경주 여행,13,는데,EC
경주 여행,13,사실,MAG
경주 여행,13,고래,MAG
경주 여행,13,박물관,NNG
경주 여행,13,이나,JC
경주 여행,13,생태,NNG
경주 여행,13,jinstistory,SL
경주 여행,13,tistory,SL
경주 여행,13,com,SL
경주 여행,13,2023,SN
경주 여행,13,08,SN
경주 여행,13,16,SN
경주 여행,13,국내,NNG
경주 여행,13,울산,NNP
경주 여행,13,Part,SL
경주 여행,14,루비,NNG
경주 여행,14,정원,NNG
경주 여행,14,연휴,NNG
경주 여행,14,에서,JKB
경주 여행,14,시작,NNG
경주 여행,14,세요,EP+EF
경주 여행,14,신청,NNG
경주 여행,14,센터,NNG
경주 여행,14,광활,XR
경주 여행,14,부지,NNG
경주 여행,14,자리,NNG
경주 여행,14,역사,NNG
경주 여행,14,마당,NNG
경주 여행,14,엄청나,VA
경주 여행,14,너른,VA+ETM
경주 여행,14,연휴,NNG
경주 여행,14,계획,NNG
경주 여행,14,계신,VX+ETM
경주 여행,14,KTX,SL
경주 여행,14,이용,NNG
경주 여행,14,어떠,XR
경주 여행,14,신지,JKS+EP+EC
경주 여행,14,Copyright,SL
경주 여행,14,2011,SN
경주 여행,14,루비,NNG
경주 여행,14,All,SL
경주 여행,14,pictures,SL
경주 여행,15,출장,NNG
경주 여행,15,깨끗,XR
경주 여행,15,조식,NNG
경주 여행,15,제공,NNG
경주 여행,15,에이치,NNG
경주 여행,15,비뉴,NNG
경주 여행,15,호텔,NNG
경주 여행,15,불국사,NNP
경주 여행,15,까지,JX
경주 여행,15,도보,NNG
경주 여행,15,15,SN
경주 여행,15,거리,NNG
경주 여행,15,어서,EC
경주 여행,15,피로,NNG
경주 여행,15,조금,NNG
경주 여행,15,이나마,JX
경주 여행,15,습니다,EF
경주 여행,15,아침,NNG
경주 여행,15,일찍,MAG
경주 여행,15,불국사,NNG
경주 여행,15,방문,NNG
경주 여행,15,한적,XR
경주 여행,15,고요,NNG
경주 여행,15,분위기,NNG
경주 여행,15,에서,JKB
경주 여행,15,산책,NNG
경주 여행,15,즐기,VV
경주 여행,15,최적,NNG
경주 여행,15,위치,NNG
경주 여행,15,습니다,EF
경주 여행,15,스테이,NNG
경주 여행,16,알라딘,NNP
경주 여행,16,100,SN
경주 여행,16,자평,NNG
경주 여행,16,일상,NNG
경주 여행,16,고고학,NNG
경주 여행,16,혼자,MAG
경주 여행,16,일상,NNG
경주 여행,16,고고학,NNG
경주 여행,16,혼자,MAG
경주 여행,16,개정,NNG
경주 여행,16,증보판,NNG
경주 여행,16,일상,NNG
경주 여행,16,고고학,NNG
경주 여행,16,시리즈,NNG
경주 여행,16,황윤,NNG
경주 여행,16,지음,NNG
경주 여행,16,고양이,NNG
경주 여행,16,2020,SN
경주 여행,16,10,SN
경주 여행,16,평점,NNG
경주 여행,16,역사,NNG
경주 여행,16,사랑,NNG
경주 여행,16,사람,NNG
경주 여행,16,으로,JKB
경주 여행,16,바라본,VV+ETM
경주 여행,16,만큼,NNB
경주 여행,16,보이,VV
경주 여행,16,사랑,NNG
경주 여행,17,20200727,SN
경주 여행,17,08,SN
경주 여행,17,02,SN
경주 여행,17,20200728,SN
경주 여행,17,2020,SN
경주 여행,17,08,SN
경주 여행,17,02,SN
경주 여행,17,20200727,SN
경주 여행,17,2020,SN
경주 여행,17,08,SN
경주 여행,17,02,SN
경주 여행,17,평화,NNG
경주 여행,17,2020,SN
경주 여행,17,07,SN
경주 여행,17,13,SN
경주 여행,17,강릉,NNP
경주 여행,17,서나,NNG
경주 여행,17,2020,SN
경주 여행,17,07,SN
경주 여행,17,08,SN
경주 여행,17,강릉,NNP
경주 여행,17,2020,SN
경주 여행,17,07,SN
경주 여행,17,08,SN
경주 여행,18,한옥,NNG
경주 여행,18,숙소,NNG
경주 여행,18,소설,NNG
경주 여행,18,첨성,NNG
경주 여행,18,대점,NNG
경주 여행,18,비향,NNP
경주 여행,18,15,SN
경주 여행,18,한옥,NNG
경주 여행,18,숙소,NNG
경주 여행,18,이름,NNG
경주 여행,18,특이,XR
경주 여행,18,소설,NNG
경주 여행,18,첨성,NNG
경주 여행,18,대점,NNG
경주 여행,18,첨성대,NNG
경주 여행,18,진짜,MAG
경주 여행,18,가까워서,VA+EC
경주 여행,18,첨성,NNG
경주 여행,18,대점,NNG
경주 여행,18,이쁘,VA
경주 여행,18,이쁜,VA+ETM
경주 여행,18,한옥,NNG
경주 여행,18,소설,NNG
경주 여행,18,너무너무,MAG
경주 여행,18,너무,MAG
경주 여행,18,인기,NNG
경주 여행,18,라서,EC
경주 여행,18,주말,NNG
경주 여행,18,으려면,EC
경주 여행,19,알라딘,NNP
경주 여행,19,황금,NNG
경주 여행,19,호두,NNG
경주 여행,19,열리,VV
경주 여행,19,무웅,NNP
경주 여행,19,함께,MAG
경주 여행,19,떠나,VV
경주 여행,19,코스,NNG
경주 여행,19,인데,VCP+EC
경주 여행,19,새로운,VA+ETM
경주 여행,19,느낌,NNG
경주 여행,19,자꾸,MAG
경주 여행,19,새로운,VA+ETM
경주 여행,19,느낌,NNG
경주 여행,19,빠져,VV+EC
경주 여행,19,는데,EC
경주 여행,19,신라,NNP
경주 여행,19,에서,JKB
경주 여행,19,아이,NNG
경주 여행,19,함께,MAG
경주 여행,19,새롭,VA
경주 여행,19,다가왔,VV+EP
경주 여행,19,한참,MAG
경주 여행,19,티비,NNG
경주 여행,19,에서,JKB
경주 여행,20,까지,JX
경주 여행,20,이동은,NNP
경주 여행,20,기차,NNG
경주 여행,20,에서,JKB
경주 여행,20,자전거,NNG
경주 여행,20,도보,NNG
경주 여행,20,버스,NNG
경주 여행,20,투어,NNG
경주 여행,20,모두,MAG
경주 여행,20,가능,NNG
경주 여행,20,코스,NNG
경주 여행,20,시내,NNG
경주 여행,20,천마총,NNG
경주 여행,20,왕릉,NNG
경주 여행,20,첨성대,NNG
경주 여행,20,계림,NNG
경주 여행,20,포석정,NNP
경주 여행,20,안압지,NNP
경주 여행,21,알라딘,NNP
경주 여행,21,100,SN
경주 여행,21,자평,NNG
경주 여행,21,일상,NNG
경주 여행,21,고고학,NNG
경주 여행,21,혼자,MAG
경주 여행,21,일상,NNG
경주 여행,21,고고학,NNG
경주 여행,21,혼자,MAG
경주 여행,21,개정,NNG
경주 여행,21,증보판,NNG
경주 여행,21,일상,NNG
경주 여행,21,고고학,NNG
경주 여행,21,시리즈,NNG
경주 여행,21,황윤,NNG
경주 여행,21,지음,NNG
경주 여행,21,고양이,NNG
경주 여행,21,한참,MAG
경주 여행,21,는데,EC
경주 여행,21,오랜만,NNG
경주 여행,21,저자,NNG
경주 여행,21,함께,MAG
경주 여행,21,걸으며,VV+EC
경주 여행,21,역사,NNG
경주 여행,21,느낌,NNG
경주 여행,21,네요,EC
경주 여행,22,감포,NNP
경주 여행,22,대말,NNG
경주 여행,22,체험,NNG
경주 여행,22,전시관,NNG
경주 여행,22,위치,NNG
경주 여행,22,경북,NNP
경주 여행,22,척사,NNG
경주 여행,22,18,SN
경주 여행,22,94,SN
경주 여행,22,운영,NNG
경주 여행,22,시간,NNG
경주 여행,22,09,SN
경주 여행,22,00,SN
경주 여행,22,18,SN
경주 여행,22,00,SN
경주 여행,22,연중무휴,NNG
경주 여행,22,대표,NNG
경주 여행,22,전화,NNG
경주 여행,22,054,SN
경주 여행,22,744,SN
경주 여행,22,3233,SN
경주 여행,22,입장료,NNG
경주 여행,22,무료,NNG
경주 여행,22,대말,NNG
경주 여행,22,체험,NNG
경주 여행,22,아이,NNG
경주 여행,22,함께,MAG
경주 여행,22,점심,NNG
경주 여행,22,시간,NNG
경주 여행,22,12,SN
경주 여행,22,00,SN
경주 여행,22,13,SN
경주 여행,22,00,SN
경주 여행,22,운영,NNG
경주 여행,23,코스,NNG
경주 여행,23,읍천항,NNP
경주 여행,23,주상,NNG
경주 여행,23,절리,NNG
경주 여행,23,파도,NNG
경주 여행,23,소리,NNG
경주 여행,23,주상,NNG
경주 여행,23,절리,NNG
경주 여행,23,제주도,NNP
경주 여행,23,만큼,JKB
경주 여행,23,이나,JX
경주 여행,23,이쁜,VA+ETM
경주 여행,23,게다가,MAG
경주 여행,23,조용,XR
경주 여행,23,읍천항,NNP
경주 여행,23,코스,NNG
경주 여행,23,읍천항,NNP
경주 여행,23,자리,NNG
경주 여행,23,주상,NNG
경주 여행,23,절리,NNG
경주 여행,23,파도,NNG
경주 여행,23,소리,NNG
경주 여행,23,주차장,NNG
경주 여행,23,갖추,VV
경주 여행,23,따라,VV+EC
경주 여행,23,등대,NNG
경주 여행,23,까지,JX
경주 여행,24,교리,NNG
경주 여행,24,김밥,NNG
경주 여행,24,맛집,NNG
경주 여행,24,면서,EC
경주 여행,24,들린,VV+ETM
경주 여행,24,김밥,NNG
경주 여행,24,남산,NNG
경주 여행,24,등산,NNG
경주 여행,24,포함,NNG
경주 여행,24,해서,XSV+EC
경주 여행,24,당일,NNG
경주 여행,24,계획,NNG
경주 여행,24,다녀왔,VV+EP
경주 여행,24,습니다,EF
경주 여행,24,코스,NNG
경주 여행,24,에선,JKB+JX
경주 여행,24,여하튼,MAJ
경주 여행,24,처럼,JKB
경주 여행,24,정도,NNG
경주 여행,24,라는,ETM
경주 여행,24,생각,NNG
경주 여행,24,네요,EF
경주 여행,24,특히나,MAG
경주 여행,24,남산,NNG
경주 여행,25,놀부,NNG
경주 여행,25,보쌈,NNG
경주 여행,25,황오,NNP
경주 여행,25,배달,NNG
경주 여행,25,후기,NNG
경주 여행,25,숙소,NNG
경주 여행,25,황남,NNG
경주 여행,25,머물,VV
경주 여행,25,어요,EF
경주 여행,25,저녁,NNG
경주 여행,25,아이,NNG
경주 여행,25,지치,VV
경주 여행,25,배민,NNG
경주 여행,25,놀부,NNG
경주 여행,25,보쌈,NNG
경주 여행,25,검색,NNG
경주 여행,25,황오,NNP
경주 여행,25,에서,JKB
경주 여행,25,배달,NNG
경주 여행,25,가능,NNG
경주 여행,25,다고,EC
경주 여행,25,나오,VV
경주 여행,25,네요,EF
경주 여행,25,저희,NP
경주 여행,25,황남,NNG
경주 여행,25,머물,VV
경주 여행,25,때문,NNB
경주 여행,26,안녕,IC
경주 여행,26,2014,SN
경주 여행,26,2014,SN
경주 여행,26,그냥,MAG
경주 여행,26,보내,VV
경주 여행,26,아쉬워서,VA+EC
경주 여행,26,기차,NNG
경주 여행,26,떠났,VV+EP
경주 여행,26,일전,NNG
경주 여행,26,크리스마스,NNG
경주 여행,26,오늘,NNG
경주 여행,26,안녕,NNG
경주 여행,26,2014,SN
경주 여행,26,이번,NNG
경주 여행,26,럭셔리,XR
경주 여행,26,컨셉,NNG
경주 여행,26,으로,JKB
경주 여행,26,호텔,NNG
경주 여행,26,에서,JKB
경주 여행,27,알라딘,NNP
경주 여행,27,서재,NNP
경주 여행,27,이야기,NNG
경주 여행,27,일상,NNG
경주 여행,27,고고학,NNG
경주 여행,27,혼자,MAG
경주 여행,27,무대,NNG
경주 여행,27,에세이,NNG
경주 여행,27,만날,VV+ETM
경주 여행,27,으로,JKB
경주 여행,27,에서,JKB
경주 여행,27,유명,XR
경주 여행,27,문화재,NNG
경주 여행,27,대한,VV+ETM
경주 여행,27,사전,NNG
경주 여행,27,지식,NNG
경주 여행,27,줄줄,MAG
경주 여행,27,얼마,NNG
경주 여행,27,든지,VCP+EC
경주 여행,27,재미있,VA
경주 여행,27,의미,NNG
경주 여행,28,알라딘,NNP
경주 여행,28,100,SN
경주 여행,28,자평,NNG
경주 여행,28,일상,NNG
경주 여행,28,고고학,NNG
경주 여행,28,혼자,MAG
경주 여행,28,일상,NNG
경주 여행,28,고고학,NNG
경주 여행,28,혼자,MAG
경주 여행,28,개정,NNG
경주 여행,28,증보판,NNG
경주 여행,28,일상,NNG
경주 여행,28,고고학,NNG
경주 여행,28,시리즈,NNG
경주 여행,28,황윤,NNG
경주 여행,28,지음,NNG
경주 여행,28,고양이,NNG
경주 여행,28,대한,VV+ETM
경주 여행,28,깊이,MAG
경주 여행,28,이야기,NNG
경주 여행,28,호기심,NNG
경주 여행,28,해줍니다,XSV+EC+VX+EF
경주 여행,28,100,SN
경주 여행,28,다니,EC
경주 여행,28,정말,MAG
경주 여행,28,대단,XR
경주 여행,28,습니다,EF
경주 여행,29,알라딘,NNP
경주 여행,29,100,SN
경주 여행,29,자평,NNG
경주 여행,29,일상,NNG
경주 여행,29,고고학,NNG
경주 여행,29,혼자,MAG
경주 여행,29,일상,NNG
경주 여행,29,고고학,NNG
경주 여행,29,혼자,MAG
경주 여행,29,개정,NNG
경주 여행,29,증보판,NNG
경주 여행,29,일상,NNG
경주 여행,29,고고학,NNG
경주 여행,29,시리즈,NNG
경주 여행,29,황윤,NNG
경주 여행,29,지음,NNG
경주 여행,29,고양이,NNG
경주 여행,29,2020,SN
경주 여행,29,10,SN
경주 여행,29,평점,NNG
경주 여행,29,신라,NNP
경주 여행,29,마니아,NNG
경주 여행,29,로부터,JKB
경주 여행,29,기라,NNG
경주 여행,29,관심,NNG
경주 여행,29,가요,NNG
경주 여행,29,고고학,NNG
경주 여행,29,관점,NNG
경주 여행,29,으로,JKB
경주 여행,30,석빙고,NNG
경주 여행,30,색다른,VA+ETM
경주 여행,30,볼거리,NNG
경주 여행,30,근처,NNG
경주 여행,30,안압,NNG
경주 여행,30,색다른,VA+ETM
경주 여행,30,볼거리,NNG
경주 여행,30,석빙고,NNG
경주 여행,30,이번,NNG
경주 여행,30,에서,JKB
경주 여행,30,다녀온,VV+ETM
경주 여행,30,석빙고,NNG
경주 여행,30,입니다,VCP+EF
경주 여행,30,석빙고,NNG
경주 여행,30,영조,NNG
경주 여행,30,만들,VV
경주 여행,30,일종,NNG
경주 여행,30,얼음,NNG
경주 여행,30,창고,NNG
경주 여행,30,근처,NNG
경주 여행,30,첨성대,NNG
경주 여행,30,비롯,XR
경주 여행,30,몰려,VV+EC
경주 여행,30,어서,EC
경주 여행,30,함께,MAG
경주 여행,31,가본,NNG
경주 여행,31,동궁,NNG
경주 여행,31,예쁜,VA+ETM
경주 여행,31,만나,VV
경주 여행,31,커피,NNG
경주 여행,31,열매,NNG
경주 여행,31,으면서,EC
경주 여행,31,노천온천,NNP
경주 여행,31,행복,NNG
경주 여행,32,황리,NNG
경주 여행,32,보문,NNG
경주 여행,32,단지,MAG
경주 여행,32,왕릉,NNG
경주 여행,32,탐방,NNG
경주 여행,32,데이트,NNG
경주 여행,32,코스,NNG
경주 여행,32,https,SL
경주 여행,32,youtu,SL
경주 여행,32,be,SL
경주 여행,32,nZzijKooIk,SL
경주 여행,32,황리,NNG
경주 여행,32,예쁘,VA
경주 여행,32,마음,NNG
경주 여행,32,낭만,NNG
경주 여행,32,으로,JKB
경주 여행,32,차오르,VV
경주 여행,32,경상도,NNP
경주 여행,32,에서,JKB
경주 여행,32,흔치,VA+EC
경주 여행,32,거리,NNG
경주 여행,32,바로,MAG
경주 여행,32,유적지,NNG
경주 여행,32,오래,MAG
경주 여행,32,한옥,NNG
경주 여행,32,고도,NNG
경주 여행,32,사뭇,MAG
경주 여행,32,어울리,VV
경주 여행,32,면서도,EC
경주 여행,33,밀면,NNP
경주 여행,33,에서,JKB
경주 여행,33,맛보,VV
경주 여행,33,가격,NNG
경주 여행,33,착해,VA+EC
경주 여행,33,5000,SN
경주 여행,33,비빔,NNG
경주 여행,33,물밀,VV
경주 여행,33,5000,SN
경주 여행,33,떡갈비,NNG
경주 여행,33,2000,SN
경주 여행,33,12,SN
경주 여행,33,000,SN
경주 여행,33,밥상,NNG
경주 여행,33,그리고,MAJ
경주 여행,33,뜨거운,VA+ETM
경주 여행,33,육수,NNG
경주 여행,33,까지,JX
경주 여행,33,평가,NNG
경주 여행,33,입맛,NNG
경주 여행,33,따라,VV+EC
경주 여행,33,취향,NNG
경주 여행,33,따루,MAG
경주 여행,33,따루,MAG
경주 여행,34,엑스,NNG
경주 여행,34,포대,NNG
경주 여행,34,공원,NNG
경주 여행,34,2025,SN
경주 여행,34,08,SN
경주 여행,34,16,SN
경주 여행,34,푸른,VA+ETM
경주 여행,34,애벌레,NNG
경주 여행,34,둘째,NR
경주 여행,34,보문호,NNP
경주 여행,34,주변,NNG
경주 여행,34,10,SN
경주 여행,34,엑스,NNG
경주 여행,34,포대,NNG
경주 여행,34,공원,NNG
경주 여행,34,입장,NNG
경주 여행,34,엑스포,NNG
경주 여행,34,기념관,NNG
경주 여행,34,천마,NNG
경주 여행,34,궁전,NNG
경주 여행,34,타워,NNG
경주 여행,34,솔거,NNG
경주 여행,34,미술관,NNG
경주 여행,34,자연사,NNG
경주 여행,34,박물관,NNG
경주 여행,35,2020,SN
경주 여행,35,동방역,NNP
경주 여행,35,능소화,NNG
경주 여행,35,서출지,NNG
경주 여행,35,경북,NNP
경주 여행,35,산림,NNG
경주 여행,35,연구원,NNG
경주 여행,35,2020,SN
경주 여행,35,25,SN
경주 여행,35,동방역,NNP
경주 여행,35,능소화,NNG
경주 여행,35,서출지,NNG
경주 여행,35,경북,NNP
경주 여행,35,산림,NNG
경주 여행,35,연구원,NNG
경주 여행,36,모녀,NNG
경주 여행,36,함께,MAG
경주 여행,36,바보,NNG
경주 여행,36,블로그,NNG
경주 여행,36,모녀,NNG
경주 여행,36,함께,MAG
경주 여행,36,2019,SN
경주 여행,36,10,SN
경주 여행,36,15,SN
경주 여행,36,첨성대,NNG
경주 여행,36,야생,NNG
경주 여행,36,단지,MAG
경주 여행,36,계림,NNG
경주 여행,36,월지,NNG
경주 여행,36,안압지,NNP
경주 여행,36,계림,NNP
경주 여행,36,월지,NNP
경주 여행,36,안압지,NNP
경주 여행,36,야경,NNG
경주 여행,36,박물관,NNG
경주 여행,36,10,SN
경주 여행,36,16,SN
경주 여행,36,김유신,NNP
경주 여행,36,장군,NNG
경주 여행,37,석굴암,NNG
경주 여행,37,2018,SN
경주 여행,37,10,SN
경주 여행,38,알라딘,NNP
경주 여행,38,100,SN
경주 여행,38,자평,NNG
경주 여행,38,일상,NNG
경주 여행,38,고고학,NNG
경주 여행,38,혼자,MAG
경주 여행,38,일상,NNG
경주 여행,38,고고학,NNG
경주 여행,38,혼자,MAG
경주 여행,38,개정,NNG
경주 여행,38,증보판,NNG
경주 여행,38,일상,NNG
경주 여행,38,고고학,NNG
경주 여행,38,시리즈,NNG
경주 여행,38,황윤,NNG
경주 여행,38,지음,NNG
경주 여행,38,고양이,NNG
경주 여행,38,2020,SN
경주 여행,38,10,SN
경주 여행,38,평점,NNG
경주 여행,38,삼국,NNG
경주 여행,38,시대,NNG
경주 여행,38,관한,VV+ETM
경주 여행,38,거의,MAG
경주 여행,38,모든,MM
경주 여행,38,자료,NNG
경주 여행,38,섭렵,NNG
경주 여행,38,소장,NNG
경주 여행,38,역사,NNG
경주 여행,38,학자,NNG
경주 여행,38,순수,NNG
경주 여행,38,시각,NNG
경주 여행,38,생생,XR
경주 여행,39,알라딘,NNP
경주 여행,39,일상,NNG
경주 여행,39,고고학,NNG
경주 여행,39,혼자,MAG
경주 여행,39,일상,NNG
경주 여행,39,고고학,NNG
경주 여행,39,혼자,MAG
경주 여행,39,개정,NNG
경주 여행,39,증보판,NNG
경주 여행,39,일상,NNG
경주 여행,39,고고학,NNG
경주 여행,39,시리즈,NNG
경주 여행,39,황윤,NNG
경주 여행,39,지음,NNG
경주 여행,39,고양이,NNG
경주 여행,39,2020,SN
경주 여행,39,10,SN
경주 여행,39,평점,NNG
경주 여행,39,수학,NNG
경주 여행,39,으로,JKB
경주 여행,39,추억,NNG
경주 여행,39,다시,MAG
경주 여행,39,한번,MAG
경주 여행,39,역사,NNG
경주 여행,39,그렇,VA
경주 여행,39,수록,EC
경주 여행,40,경비,NNG
경주 여행,40,혼자,NNG
경주 여행,40,떠난,VV+ETM
경주 여행,40,이동,NNG
경주 여행,40,수단,NNG
경주 여행,40,시외버스,NNG
경주 여행,40,버스,NNG
경주 여행,40,택시,NNG
경주 여행,40,시티투어,NNP
경주 여행,40,버스,NNG
경주 여행,40,Total,SL
경주 여행,40,13,SN
경주 여행,40,140,SN
경주 여행,40,기타,NNG
경주 여행,40,생필품,NNG
경주 여행,40,샴푸,NNG
경주 여행,40,린스,NNG
경주 여행,40,바디,NNG
경주 여행,40,워시,NNP
경주 여행,40,버블,NNG
경주 여행,40,490,SN
경주 여행,40,Total,SL
경주 여행,40,경비,NNG
경주 여행,40,148,SN
경주 여행,40,080,SN
경주 여행,41,경북,NNP
경주 여행,41,현대,NNG
경주 여행,41,호텔,NNG
경주 여행,41,현대,NNP
경주 여행,41,호텔,NNG
경주 여행,41,현대,NNG
경주 여행,41,호텔,NNG
경주 여행,41,보문,NNP
경주 여행,41,수상,NNG
경주 여행,41,공연장,NNG
경주 여행,41,보문관광단지,NNP
경주 여행,41,보문호,NNP
경주 여행,41,반길,VV+ETM
경주 여행,41,신라,NNP
경주 여행,41,컨트리클럽,NNG
경주 여행,41,숙박,NNG
경주 여행,41,현대,NNG
경주 여행,41,호텔,NNG
경주 여행,41,방문,NNG
경주 여행,41,일자,NNG
경주 여행,41,2016,SN
경주 여행,41,현대,NNG
경주 여행,41,호텔,NNG
경주 여행,41,경북,NNP
경주 여행,41,신평동,NNP
경주 여행,42,석굴암,NNG
경주 여행,42,불국사,NNG
경주 여행,42,09,SN
경주 여행,42,43,SN
경주 여행,42,석굴암,NNG
경주 여행,42,불국사,NNG
경주 여행,42,일시,NNG
경주 여행,42,2011,SN
경주 여행,42,22,SN
경주 여행,42,24,SN
경주 여행,42,장소,NNG
경주 여행,42,세째,NR
경주 여행,42,24,SN
경주 여행,42,석굴암,NNG
경주 여행,42,불국사,NNG
경주 여행,42,참여,NNG
경주 여행,42,우리,NP
경주 여행,42,가족,NNG
경주 여행,42,송국영,NNP
경주 여행,42,안종,NNP
경주 여행,42,송진주,NNP
경주 여행,42,김홍식,NNP
경주 여행,42,김연우,NNP
경주 여행,42,연주,NNP
경주 여행,42,조광민,NNP
경주 여행,43,대릉원,NNG
경주 여행,43,스탬프,NNG
경주 여행,43,투어,NNG
경주 여행,43,다섯,NR
경주 여행,43,이야기,NNG
경주 여행,43,대릉원,NNG
경주 여행,43,천마,NNG
경주 여행,43,경북,NNP
경주 여행,43,스탬프,NNG
경주 여행,43,투어,NNG
경주 여행,43,오릉,NNG
경주 여행,43,대릉원,NNG
경주 여행,43,천마총,NNG
경주 여행,43,오릉,NNG
경주 여행,43,교촌,NNG
경주 여행,43,마을,NNG
경주 여행,43,투어,NNG
경주 여행,43,마치,VV
경주 여행,43,다음,NNG
경주 여행,43,으로,JKB
경주 여행,43,찾아간,VV+ETM
경주 여행,43,바로,MAG
경주 여행,43,오릉,NNG
경주 여행,43,교촌,NNG
경주 여행,43,마을,NNG
경주 여행,43,면서,EC
경주 여행,43,조금,MAG
경주 여행,43,지치,VV
경주 여행,43,느낌,NNG
경주 여행,43,는데,EC
경주 여행,44,유적지,NNG
경주 여행,44,트레,NNP
경주 여행,44,대상지,NNG
경주 여행,44,유적지,NNG
경주 여행,44,트레,NNP
경주 여행,44,소재지,NNG
경주 여행,44,경북,NNP
경주 여행,44,2023,SN
경주 여행,44,10,SN
경주 여행,44,동궁,NNG
경주 여행,44,월지,NNG
경주 여행,44,반월,NNG
경주 여행,44,교촌,NNG
경주 여행,44,대릉원,NNG
경주 여행,44,44,SN
경주 여행,44,고분,NNG
경주 여행,44,분황사,NNG
경주 여행,44,황룡사,NNG
경주 여행,44,역사,NNG
경주 여행,44,문화원,NNG
경주 여행,44,동궁,NNG
경주 여행,44,월지,NNG
경주 여행,44,주차장,NNG
경주 여행,44,Km,SL
경주 여행,44,반월,NNG
경주 여행,44,에서,JKB
경주 여행,45,동궁,NNG
경주 여행,45,월지,NNG
경주 여행,45,안압지,NNP
경주 여행,45,야경,NNG
경주 여행,45,해외,NNG
경주 여행,45,이야기,NNG
경주 여행,45,후기,NNG
경주 여행,45,동궁,NNG
경주 여행,45,월지,NNG
경주 여행,45,안압지,NNP
경주 여행,45,야경,NNG
경주 여행,45,훌리아,NNP
경주 여행,45,2020,SN
경주 여행,45,25,SN
경주 여행,45,15,SN
경주 여행,45,17,SN
경주 여행,45,2019,SN
경주 여행,45,여름,NNG
경주 여행,45,사진,NNG
경주 여행,45,보관,NNG
경주 여행,45,구독,NNG
경주 여행,45,해외,NNG
경주 여행,45,이야기,NNG
경주 여행,45,후기,NNG
경주 여행,45,Related,SL
경주 여행,45,Articles,SL
경주 여행,46,2020,SN
경주 여행,46,06,SN
경주 여행,46,13,SN
경주 여행,46,14,SN
경주 여행,46,일요일,NNG
경주 여행,46,오전,NNG
경주 여행,46,오후,NNG
경주 여행,46,에서,JKB
경주 여행,46,고향,NNG
경주 여행,46,친구,NNG
경주 여행,46,함께,MAG
경주 여행,46,신라,NNP
경주 여행,46,대종,NNG
경주 여행,46,장맛비,NNG
경주 여행,46,시작,NNG
경주 여행,46,육월,NNP
경주 여행,46,중순,NNG
경주 여행,46,고향,NNG
경주 여행,46,친구,NNG
경주 여행,46,함께,MAG
경주 여행,46,에서,JKB
경주 여행,46,즐거운,VA+ETM
경주 여행,46,대릉원,NNG
경주 여행,46,돌담길,NNP
경주 여행,46,황리,NNG
경주 여행,47,이야기,NNG
경주 여행,47,계명,NNG
경주 여행,47,대학교,NNG
경주 여행,47,동산,NNG
경주 여행,47,병원,NNG
경주 여행,47,라고,EC
경주 여행,47,일자,NNG
경주 여행,47,2016,SN
경주 여행,47,인원,NNG
경주 여행,47,친구,NNG
경주 여행,47,함께,MAG
경주 여행,47,시외버스,NNG
경주 여행,47,터미널,NNG
경주 여행,47,경북,NNP
경주 여행,47,노서동,NNP
경주 여행,47,160,SN
경주 여행,47,전화,NNG
경주 여행,47,1666,SN
경주 여행,47,5599,SN
경주 여행,47,시외버스,NNG
경주 여행,47,터미널,NNG
경주 여행,48,알라딘,NNP
경주 여행,48,100,SN
경주 여행,48,자평,NNG
경주 여행,48,일상,NNG
경주 여행,48,고고학,NNG
경주 여행,48,혼자,MAG
경주 여행,48,일상,NNG
경주 여행,48,고고학,NNG
경주 여행,48,혼자,MAG
경주 여행,48,개정,NNG
경주 여행,48,증보판,NNG
경주 여행,48,일상,NNG
경주 여행,48,고고학,NNG
경주 여행,48,시리즈,NNG
경주 여행,48,황윤,NNG
경주 여행,48,지음,NNG
경주 여행,48,고양이,NNG
경주 여행,48,재미있,VA
경주 여행,48,길잡이,NNG
경주 여행,48,입니다,VCP+EF
경주 여행,48,풍부,XR
경주 여행,48,이해,NNG
경주 여행,49,코스,NNG
경주 여행,49,베스트,NNG
경주 여행,49,추천,NNG
경주 여행,49,top,SL
경주 여행,49,10,SN
경주 여행,49,코스,NNG
경주 여행,49,베스트,NNG
경주 여행,49,추천,NNG
경주 여행,49,top,SL
경주 여행,49,10,SN
경주 여행,49,코스,NNG
경주 여행,49,베스트,NNG
경주 여행,49,추천,NNG
경주 여행,49,top,SL
경주 여행,49,10,SN
경주 여행,49,소개,NNG
경주 여행,49,합니다,XSV+EC
경주 여행,49,황리,NNG
경주 여행,49,상호,NNG
경주 여행,49,황리,NNG
경주 여행,49,주소,NNG
경주 여행,49,경상북도,NNP
경주 여행,49,황남동,NNP
경주 여행,49,280,SN
경주 여행,49,전화,NNG
경주 여행,49,번호,NNG
경주 여행,49,입력,NNG
경주 여행,49,관련,NNG
경주 여행,49,키워드,NNP
경주 여행,49,키워드,NNP
경주 여행,50,코스,NNG
경주 여행,50,뚜벅,MAG
경주 여행,50,불국사,NNP
경주 여행,50,석굴암,NNG
경주 여행,50,중교,NNG
경주 여행,50,naver,SL
경주 여행,50,com,SL
경주 여행,50,loveartlove,SL
경주 여행,50,223054447834,SN
경주 여행,50,다시,MAG
경주 여행,50,서울,NNP
경주 여행,50,올라갈,VV+ETM
경주 여행,50,불국사,NNP
경주 여행,50,불국사,NNP
경주 여행,50,국보,NNG
경주 여행,50,다보탑,NNG
경주 여행,50,석가탑,NNG
경주 여행,50,석굴암,NNG
경주 여행,50,입장료,NNG
경주 여행,51,불국사,NNG
경주 여행,51,스탬프,NNG
경주 여행,51,투어,NNG
경주 여행,51,이야기,NNG
경주 여행,51,불국사,NNP
경주 여행,51,석굴암,NNG
경주 여행,51,경북,NNP
경주 여행,51,스탬프,NNG
경주 여행,51,투어,NNG
경주 여행,51,가을,NNG
경주 여행,51,불국사,NNG
경주 여행,51,석굴암,NNG
경주 여행,51,동리,NNG
경주 여행,51,문학관,NNG
경주 여행,51,구경,NNG
경주 여행,51,마치,VV
경주 여행,51,다음,NNG
경주 여행,51,으로,JKB
경주 여행,51,장소,NNG
경주 여행,51,핵심,NNG
경주 여행,51,메카,NNP
경주 여행,51,바로,MAG
경주 여행,51,불국사,NNP
경주 여행,51,석굴암,NNG
경주 여행,52,황리,NNG
경주 여행,52,한옥,NNG
경주 여행,52,카페,NNG
경주 여행,52,추천,NNG
경주 여행,52,카페,NNP
경주 여행,52,아덴,NNP
경주 여행,52,카페,NNP
경주 여행,52,아덴,NNP
경주 여행,52,위치,NNG
경주 여행,52,경북,NNP
경주 여행,52,사정,NNG
경주 여행,52,57,SN
경주 여행,52,운영,NNG
경주 여행,52,시간,NNG
경주 여행,52,매일,MAG
경주 여행,52,10,SN
경주 여행,52,와서,VV+EC
경주 여행,52,으로,JKB
경주 여행,52,채울,VV+ETM
경주 여행,52,어서,EC
경주 여행,52,어요,EF
경주 여행,52,실시간,NNG
경주 여행,52,예보,NNG
경주 여행,52,너무,MAG
경주 여행,52,커피,NNG
경주 여행,52,아덴,NNP
경주 여행,52,시그,NNP
경주 여행,53,알라딘,NNP
경주 여행,53,100,SN
경주 여행,53,자평,NNG
경주 여행,53,일상,NNG
경주 여행,53,고고학,NNG
경주 여행,53,혼자,MAG
경주 여행,53,일상,NNG
경주 여행,53,고고학,NNG
경주 여행,53,혼자,MAG
경주 여행,53,개정,NNG
경주 여행,53,증보판,NNG
경주 여행,53,일상,NNG
경주 여행,53,고고학,NNG
경주 여행,53,시리즈,NNG
경주 여행,53,황윤,NNG
경주 여행,53,지음,NNG
경주 여행,53,고양이,NNG
경주 여행,53,2020,SN
경주 여행,53,10,SN
경주 여행,53,평점,NNG
경주 여행,53,대한,VV+ETM
경주 여행,53,아름다움,VA+ETN
경주 여행,53,느낄,VV+ETM
경주 여행,53,기대,NNG
경주 여행,53,됩니다,XSV+EC
경주 여행,54,알라딘,NNP
경주 여행,54,서재,NNP
경주 여행,54,필수,NNG
경주 여행,54,필요,NNG
경주 여행,54,지식,NNG
경주 여행,54,설명,NNG
경주 여행,54,이해,NNG
경주 여행,54,사진,NNG
경주 여행,54,정보,NNG
경주 여행,54,가득,MAG
경주 여행,54,서울,NNP
경주 여행,54,이어,MAG
경주 여행,54,역사,NNG
경주 여행,54,꿈꾸,VV
경주 여행,54,한옥,NNG
경주 여행,54,에서,JKB
경주 여행,54,독서,NNG
경주 여행,54,모임,NNG
경주 여행,54,다가,EC
경주 여행,54,바로,MAG
경주 여행,54,주문,NNG
경주 여행,54,역사,NNG
경주 여행,54,예정,NNG
경주 여행,55,에서,JKB
경주 여행,55,걸어서,VV+EC
경주 여행,55,대릉원,NNG
경주 여행,55,까지,JX
경주 여행,55,대릉원,NNG
경주 여행,55,담장,NNG
경주 여행,55,2018,SN
경주 여행,55,11,SN
경주 여행,55,이번,NNG
경주 여행,55,천천히,MAG
경주 여행,55,걸으며,VV+EC
경주 여행,55,가을,NNG
경주 여행,55,만끽,NNG
경주 여행,55,컨셉,NNG
경주 여행,55,마침,MAG
경주 여행,55,가을,NNG
경주 여행,55,분위기,NNG
경주 여행,55,한껏,MAG
경주 여행,55,고조,NNG
경주 여행,55,시켜,XSV+EC
경주 여행,55,벚나무,NNG
경주 여행,55,좌우,NNG
경주 여행,55,어서,EC
경주 여행,55,마다,JX
경주 여행,55,가지,VV
경주 여행,55,와서,VV+EC
경주 여행,56,Knowledge,SL
경주 여행,56,Box,SL
경주 여행,56,슈만,NNP
경주 여행,56,클라라,NNP
경주 여행,56,도착,NNG
경주 여행,56,제일,MAG
경주 여행,56,먼저,MAG
경주 여행,56,슈만,NNP
경주 여행,56,클라라,NNP
경주 여행,56,라는,VCP+ETM
경주 여행,56,cafe,SL
경주 여행,56,위치,NNG
경주 여행,56,요기,NP
경주 여행,56,여기,NP
경주 여행,56,버스,NNG
경주 여행,56,려고,EC
경주 여행,56,는데,EC
경주 여행,56,버스,NNG
경주 여행,56,너무,MAG
경주 여행,56,와서,VV+EC
경주 여행,56,택시,NNG
경주 여행,56,그러나,MAJ
경주 여행,56,다음,NNG
경주 여행,56,문제,NNG
경주 여행,56,계속,MAG
경주 여행,57,2303,SN
경주 여행,57,봄꽃,NNG
경주 여행,57,습니다,EF
경주 여행,57,벌써,MAG
경주 여행,57,마지막,NNG
경주 여행,57,월요일,NNG
경주 여행,57,찾아간,VV+ETM
경주 여행,57,벚꽃,NNG
경주 여행,57,상춘객,NNG
경주 여행,57,으로,JKB
경주 여행,57,많이,MAG
경주 여행,57,붐볐,VV+EP
경주 여행,57,습니다,EF
경주 여행,57,에서,JKB
경주 여행,57,점심,NNG
경주 여행,57,집사람,NNG
경주 여행,57,국도,NNG
경주 여행,57,천천히,MAG
경주 여행,57,올라가,VV
경주 여행,57,곳곳,NNG
경주 여행,57,벚꽃,NNG
경주 여행,57,자랑,NNG
경주 여행,57,열중,NNG
경주 여행,58,황리,NNG
경주 여행,58,맛집,NNG
경주 여행,58,여도,NNG
경주 여행,58,영업,NNG
경주 여행,58,종료,NNG
경주 여행,58,오늘,NNG
경주 여행,58,맛집,NNG
경주 여행,58,황리,NNG
경주 여행,58,맛집,NNG
경주 여행,58,여주,NNG
경주 여행,58,이야기,NNG
경주 여행,58,함께,MAG
경주 여행,58,해요,VV+EF
경주 여행,58,다만,MAJ
경주 여행,58,현재,MAG
경주 여행,58,여도,NNG
경주 여행,58,다는,ETM
경주 여행,58,저희,NP
경주 여행,58,기록,NNG
경주 여행,58,해서,VV+EC
경주 여행,58,그냥,MAG
경주 여행,58,포스팅,NNP
경주 여행,58,진행,NNG
경주 여행,58,참고,NNG
경주 여행,58,세요,EP+EF
경주 여행,58,한옥,NNP
경주 여행,58,외관,NNG
경주 여행,58,눈길,NNG
경주 여행,59,황리,NNG
경주 여행,59,주전부리,NNG
경주 여행,59,황금,NNG
경주 여행,59,황남,NNG
경주 여행,59,옥수수,NNG
경주 여행,59,청년,NNG
경주 여행,59,분식,NNG
경주 여행,59,황리,NNG
경주 여행,59,주전부리,NNG
경주 여행,59,저녁,NNG
경주 여행,59,출출,XR
경주 여행,59,해서,XSA+EC
경주 여행,59,황리,NNG
경주 여행,59,주전부리,NNG
경주 여행,59,우선,MAG
경주 여행,59,급한,VA+ETM
경주 여행,59,결론,NNG
경주 여행,59,부터,JX
경주 여행,59,자면,EC
경주 여행,59,청년,NNG
경주 여행,59,분식,NNG
경주 여행,59,황남,NNG
경주 여행,59,옥수수,NNG
경주 여행,59,모두,MAG
경주 여행,59,아쉽,VA
경주 여행,59,청년,NNG
경주 여행,59,분식,NNG
경주 여행,59,쥬얼,NNP
경주 여행,59,우릴,VV+ETM
경주 여행,59,유혹,NNG
경주 여행,59,뭔가,NP+VCP+EC
경주 여행,60,13,SN
경주 여행,60,성동,NNG
경주 여행,60,시장,NNG
경주 여행,60,구경,NNG
경주 여행,60,가을,NNG
경주 여행,60,기차,NNG
경주 여행,60,피날레,NNG
경주 여행,60,2018,SN
경주 여행,60,11,SN
경주 여행,60,즐거웠,VA+EP
경주 여행,60,가을,NNG
경주 여행,60,기차,NNG
경주 여행,60,단풍,NNG
경주 여행,60,맘껏,MAG
경주 여행,60,누리,VV
경주 여행,60,돌아가,VV
경주 여행,60,노란,VA+ETM
경주 여행,60,은행,NNG
경주 여행,60,낙엽,NNG
경주 여행,60,올려,VV+EC
경주 여행,60,어야,EC
경주 여행,60,는데,EC
경주 여행,60,언니,NNG
경주 여행,60,수고,NNG
경주 여행,60,어염,EF
경주 여행,60,숙소,NNG
경주 여행,60,변경,NNG
경주 여행,60,지도자,NNG
경주 여행,60,언니,NNG
경주 여행,60,짝짝,MAG
경주 여행,61,첨성대,NNG
경주 여행,61,대릉원,NNG
경주 여행,61,주차,NNG
경주 여행,61,주차장,NNG
경주 여행,61,대릉원,NNG
경주 여행,61,주차장,NNG
경주 여행,61,여기,NP
경주 여행,61,매표,NNG
경주 여행,61,해야,VV+EC
경주 여행,61,들어갈,VV+ETM
경주 여행,61,어서,EC
경주 여행,61,그냥,MAG
경주 여행,61,혼자,NNG
경주 여행,61,굳이,MAG
경주 여행,61,들어갈,VV+ETM
경주 여행,61,필요,NNG
경주 여행,61,느꼈,VV+EP
경주 여행,61,네요,EF
경주 여행,61,편하,VA
경주 여행,61,드라이브,NNG
경주 여행,61,둘러본,VV+ETM
경주 여행,61,그리고,MAJ
경주 여행,61,그곳,NP
경주 여행,61,에서,JKB
경주 여행,61,만난,VV+ETM
경주 여행,61,첨성대,NNG
경주 여행,62,안녕,IC
경주 여행,62,2014,SN
경주 여행,62,2014,SN
경주 여행,62,마지막,NNG
경주 여행,62,에서,JKB
경주 여행,62,멋진,VA+ETM
경주 여행,62,선물,NNG
경주 여행,62,눈발,NNG
경주 여행,62,날리,VV
경주 여행,62,시작,NNG
경주 여행,62,한다,XSV+EF
경주 여행,62,그리고,MAJ
경주 여행,62,금방,MAG
경주 여행,62,하얀,VA+ETM
경주 여행,62,세상,NNG
경주 여행,62,으로,JKB
경주 여행,62,변한다,VV+EC
경주 여행,62,눈길,NNG
경주 여행,62,산책,NNG
경주 여행,62,불국사,NNP
경주 여행,62,에서,JKB
경주 여행,62,기차,NNG
경주 여행,62,마무리,NNG
경주 여행,62,한다,XSV+EF
경주 여행,62,다시,MAG
경주 여행,62,화창,XR
경주 여행,62,해진,XSA+EC+VX+ETM
경주 여행,62,하늘,NNG
경주 여행,63,야경,NNG
경주 여행,63,다른,MM
경주 여행,63,매력,NNG
경주 여행,63,정교,NNG
경주 여행,63,분위기,NNG
경주 여행,63,저녁,NNG
경주 여행,63,정교,NNG
경주 여행,63,방문,NNG
경주 여행,63,추천,NNG
경주 여행,63,드립니다,VV+EF
경주 여행,63,켜진,VV+ETM
경주 여행,63,정교,NNG
경주 여행,63,신나,VV
경주 여행,63,사진,NNG
경주 여행,63,정교,NNG
경주 여행,63,야경,NNG
경주 여행,63,마지막,NNG
경주 여행,63,으로,JKB
경주 여행,63,떠나갑니다,VV+EF
경주 여행,63,여기,NP
경주 여행,63,신라,NNP
경주 여행,63,니까,VCP+EC
경주 여행,63,신라,NNP
경주 여행,63,해장국,NNG
경주 여행,63,즐거웠,VA+EP
경주 여행,63,습니다,EF
경주 여행,64,황남,NNG
경주 여행,64,맷돌,NNG
경주 여행,64,순두부,NNG
경주 여행,64,두부,NNG
경주 여행,64,보쌈,NNG
경주 여행,64,제육,NNG
경주 여행,64,순두부찌개,NNG
경주 여행,64,그리고,MAJ
경주 여행,64,황남,NNG
경주 여행,64,맷돌,NNG
경주 여행,64,순두부,NNG
경주 여행,64,영업시간,NNG
경주 여행,64,30,SN
경주 여행,64,까지,JX
경주 여행,64,황리,NNG
경주 여행,64,시작,NNG
경주 여행,64,으로,JKB
경주 여행,64,어지간,XR
경주 여행,64,밥집,NNG
경주 여행,64,영업,NNG
경주 여행,64,마감,NNG
경주 여행,64,진짜,MAG
경주 여행,64,고기,NNG
경주 여행,64,맛있,VA
경주 여행,64,두부,NNG
경주 여행,64,순두부찌개,NNG
경주 여행,64,맛나,VA
경주 여행,64,호랑이,NNG
경주 여행,64,막걸리,NNG
경주 여행,64,완전,MAG
경주 여행,64,맛있,VA
경주 여행,64,어서,EC
경주 여행,65,마치,VV
경주 여행,65,울주,NNP
경주 여행,65,새벽,NNG
경주 여행,65,다가,EC
경주 여행,65,그친다,VV+EC
경주 여행,65,하늘,NNG
경주 여행,65,예쁘다,NNP
경주 여행,65,월드,NNG
경주 여행,65,판다,NNG
경주 여행,65,에서,JKB
경주 여행,65,점심,NNG
경주 여행,65,맛있,VA
경주 여행,65,친절,NNG
경주 여행,65,떡갈비,NNG
경주 여행,65,맛나,VA
경주 여행,65,계란찜,NNG
경주 여행,65,풍경,NNG
경주 여행,65,예쁘,VA
경주 여행,65,행복,NNG
경주 여행,65,울주,NNP
경주 여행,66,서출지,NNG
경주 여행,66,23,SN
경주 여행,66,28,SN
경주 여행,66,더운,VA+ETM
경주 여행,66,날씨,NNG
경주 여행,66,촬영,NNG
경주 여행,66,임했,VV+EP
경주 여행,66,사진가,NNG
경주 여행,66,에게,JKB
경주 여행,66,미안,NNG
경주 여행,66,생각,NNG
경주 여행,66,더운,VA+ETM
경주 여행,66,날씨,NNG
경주 여행,66,여러,MM
경주 여행,66,촬영,NNG
경주 여행,66,대작,NNG
경주 여행,66,으시,EP
경주 여행,66,무사히,MAG
경주 여행,66,습니다,EF
경주 여행,67,알라딘,NNP
경주 여행,67,100,SN
경주 여행,67,자평,NNG
경주 여행,67,우리,NP
경주 여행,67,아이,IC
경주 여행,67,우리,NP
경주 여행,67,아이,IC
경주 여행,67,세계,NNG
경주 여행,67,문화유산,NNG
경주 여행,67,아서,EC
경주 여행,67,개정판,NNG
경주 여행,67,답사,NNG
경주 여행,67,바로,MAG
경주 여행,67,역사,NNG
경주 여행,67,바로,MAG
경주 여행,67,박광일,NNP
경주 여행,67,전향,NNG
경주 여행,67,이야기,NNG
경주 여행,67,기획,NNG
경주 여행,67,성당,NNG
경주 여행,67,2011,SN
경주 여행,67,평점,NNG
경주 여행,67,초등,NNG
경주 여행,67,학교,NNG
경주 여행,67,학생,NNG
경주 여행,67,수학,NNG
경주 여행,68,알라딘,NNP
경주 여행,68,100,SN
경주 여행,68,자평,NNG
경주 여행,68,일상,NNG
경주 여행,68,고고학,NNG
경주 여행,68,혼자,MAG
경주 여행,68,일상,NNG
경주 여행,68,고고학,NNG
경주 여행,68,혼자,MAG
경주 여행,68,개정,NNG
경주 여행,68,증보판,NNG
경주 여행,68,일상,NNG
경주 여행,68,고고학,NNG
경주 여행,68,시리즈,NNG
경주 여행,68,황윤,NNG
경주 여행,68,지음,NNG
경주 여행,68,고양이,NNG
경주 여행,68,묻힌,VV+ETM
경주 여행,68,타임캡슐,NNG
경주 여행,68,신라,NNG
경주 여행,68,특별,NNG
경주 여행,68,시간,NNG
경주 여행,68,네요,EC
경주 여행,69,오늘,NNG
경주 여행,69,날씨,NNG
경주 여행,69,더우니,VA+EC
경주 여행,69,마을,NNG
경주 여행,69,식당,NNG
경주 여행,69,에서,JKB
경주 여행,69,맛난,VA+ETM
경주 여행,69,양념,NNG
경주 여행,69,게장,NNG
경주 여행,69,점심,NNG
경주 여행,69,힐튼,NNP
경주 여행,69,호텔,NNG
경주 여행,69,에서,JKB
경주 여행,69,커피,NNG
경주 여행,69,한잔,NNG
경주 여행,69,보문,NNG
경주 여행,69,단지,MAG
경주 여행,69,푸른,VA+ETM
경주 여행,69,나무,NNG
경주 여행,69,감상,NNG
경주 여행,69,커피,NNG
경주 여행,69,한잔,NNG
경주 여행,69,스콘,NNP
경주 여행,69,행복,NNG
경주 여행,69,월드,NNG
경주 여행,69,관람,NNG
경주 여행,69,보인다,VV+EF
경주 여행,69,한번,MAG
경주 여행,69,볼까,EC+VX+EC
경주 여행,70,압지,NNG
경주 여행,70,야경,NNG
경주 여행,70,투어,NNG
경주 여행,70,방문,NNG
경주 여행,70,아마도,MAG
경주 여행,70,보름달,NNG
경주 여행,70,보다,JKB
경주 여행,70,하늘,NNG
경주 여행,70,황청,NNG
경주 여행,70,연못,NNG
경주 여행,70,빠져,VV+EC
경주 여행,70,야경,NNG
경주 여행,70,함께,MAG
경주 여행,70,정말,MAG
경주 여행,70,멋진,VA+ETM
경주 여행,70,야경,NNG
경주 여행,70,보여,VV+EC
경주 여행,70,이래서,VV+EC
경주 여행,70,마다,JX
경주 여행,70,이곳,NP
경주 여행,70,압지,NNG
경주 여행,70,하나,NR
경주 여행,70,보다,JKB
경주 여행,71,알라딘,NNP
경주 여행,71,100,SN
경주 여행,71,자평,NNG
경주 여행,71,우리,NP
경주 여행,71,아이,IC
경주 여행,71,우리,NP
경주 여행,71,아이,IC
경주 여행,71,에서,JKB
경주 여행,71,신라,NNG
경주 여행,71,답사,NNG
경주 여행,71,바로,MAG
경주 여행,71,역사,NNG
경주 여행,71,바로,MAG
경주 여행,71,13,SN
경주 여행,71,박광일,NNP
경주 여행,71,2004,SN
경주 여행,71,평점,NNG
경주 여행,71,구판,NNG
경주 여행,71,절판,NNG
경주 여행,71,아이,NNG
경주 여행,71,눈높이,NNG
경주 여행,71,맞춰진,VV+EC+VX+ETM
경주 여행,72,알라딘,NNP
경주 여행,72,100,SN
경주 여행,72,자평,NNG
경주 여행,72,일상,NNG
경주 여행,72,고고학,NNG
경주 여행,72,혼자,MAG
경주 여행,72,일상,NNG
경주 여행,72,고고학,NNG
경주 여행,72,혼자,MAG
경주 여행,72,개정,NNG
경주 여행,72,증보판,NNG
경주 여행,72,일상,NNG
경주 여행,72,고고학,NNG
경주 여행,72,시리즈,NNG
경주 여행,72,황윤,NNG
경주 여행,72,지음,NNG
경주 여행,72,고양이,NNG
경주 여행,72,2020,SN
경주 여행,72,10,SN
경주 여행,72,평점,NNG
경주 여행,72,유익,NNG
경주 여행,72,아요,EC
경주 여행,73,알라딘,NNP
경주 여행,73,역사,NNG
경주 여행,73,관심,NNG
경주 여행,73,시작,NNG
경주 여행,73,해서,XSV+EC
경주 여행,73,함께,MAG
경주 여행,73,어요,EF
경주 여행,73,길래,EC
경주 여행,73,생각,NNG
경주 여행,73,는데,EC
경주 여행,73,그리,VV
경주 여행,73,마음,NNG
경주 여행,73,접하,VV
경주 여행,73,어요,EF
경주 여행,73,기억,NNG
경주 여행,73,가지,VV
경주 여행,73,는데,EC
경주 여행,73,아이,NNG
경주 여행,73,신라,NNG
경주 여행,73,배운,VV+ETM
경주 여행,73,그런지,VA+EC
경주 여행,73,동안,NNG
경주 여행,73,배운,VV+ETM
경주 여행,73,내용,NNG
경주 여행,73,생각,NNG
경주 여행,73,유적지,NNG
경주 여행,74,매화,NNG
경주 여행,74,산수유,NNG
경주 여행,74,만발,NNG
경주 여행,74,보문,NNG
경주 여행,74,단지,MAG
경주 여행,74,호수,NNG
경주 여행,74,산책,NNG
경주 여행,74,행복,NNG
경주 여행,74,마무리,NNG
경주 여행,75,알라딘,NNP
경주 여행,75,100,SN
경주 여행,75,자평,NNG
경주 여행,75,일상,NNG
경주 여행,75,고고학,NNG
경주 여행,75,혼자,MAG
경주 여행,75,일상,NNG
경주 여행,75,고고학,NNG
경주 여행,75,혼자,MAG
경주 여행,75,일상,NNG
경주 여행,75,시리즈,NNG
경주 여행,75,황윤,NNG
경주 여행,75,지음,NNG
경주 여행,75,고양이,NNG
경주 여행,75,2020,SN
경주 여행,75,10,SN
경주 여행,75,평점,NNG
경주 여행,75,마니아,NNG
경주 여행,75,알려,VV+EC
경주 여행,75,탐방기,NNG
경주 여행,75,그런지,VA+EC
경주 여행,75,대한,VV+ETM
경주 여행,75,알찬,VA+ETM
경주 여행,75,설명,NNG
경주 여행,75,습니다,EF
경주 여행,76,알라딘,NNP
경주 여행,76,100,SN
경주 여행,76,자평,NNG
경주 여행,76,일상,NNG
경주 여행,76,고고학,NNG
경주 여행,76,혼자,MAG
경주 여행,76,일상,NNG
경주 여행,76,고고학,NNG
경주 여행,76,혼자,MAG
경주 여행,76,개정,NNG
경주 여행,76,증보판,NNG
경주 여행,76,일상,NNG
경주 여행,76,고고학,NNG
경주 여행,76,시리즈,NNG
경주 여행,76,황윤,NNG
경주 여행,76,지음,NNG
경주 여행,76,고양이,NNG
경주 여행,76,2020,SN
경주 여행,76,10,SN
경주 여행,76,평점,NNG
경주 여행,76,아름다운,VA+ETM
경주 여행,76,풍경,NNG
경주 여행,76,고고학,NNG
경주 여행,76,우리,NP
경주 여행,76,지적,NNG
경주 여행,76,힐링,NNG
경주 여행,76,안겨,VV+EC
경주 여행,76,줘서,VX+EC
경주 여행,77,주상,NNG
경주 여행,77,절리,NNG
경주 여행,77,스탬프,NNG
경주 여행,77,투어,NNG
경주 여행,77,목적지,NNG
경주 여행,77,주상,NNG
경주 여행,77,스탬프,NNG
경주 여행,77,투어,NNG
경주 여행,77,주상,NNG
경주 여행,77,절리,NNG
경주 여행,77,해변,NNG
경주 여행,77,둘레길,NNP
경주 여행,77,주상,NNG
경주 여행,77,절리,NNG
경주 여행,77,파도,NNG
경주 여행,77,소리,NNG
경주 여행,77,드디어,MAG
경주 여행,77,시작,NNG
경주 여행,77,대한,VV+ETM
경주 여행,77,때문,NNB
경주 여행,77,을까,EC
경주 여행,77,오랫만,NNG
경주 여행,77,밤잠,NNG
경주 여행,77,설치,VV
경주 여행,77,다가,EC
경주 여행,77,시계,NNG
경주 여행,77,조금,MAG
경주 여행,77,시간,NNG
경주 여행,78,FeRed,SL
경주 여행,78,Conundrum,SL
경주 여행,78,of,SL
경주 여행,78,Life,SL
경주 여행,78,불국사,NNP
경주 여행,78,황남빵,NNP
경주 여행,78,교리,NNG
경주 여행,78,김밥,NNG
경주 여행,78,내소,NNG
경주 여행,78,Theme,SL
경주 여행,78,불국사,NNP
경주 여행,78,황남빵,NNP
경주 여행,78,교리,NNG
경주 여행,78,김밥,NNG
경주 여행,78,산내,NNG
경주 여행,78,소고기,NNG
경주 여행,78,울산,NNP
경주 여행,78,Comments,SL
경주 여행,78,후배,NNG
경주 여행,78,녀석,NNB
경주 여행,78,같이,MAG
경주 여행,78,울산,NNP
경주 여행,78,불국사,NNG
경주 여행,78,에서,JKB
경주 여행,78,천마총,NNG
경주 여행,78,에서,JKB
경주 여행,78,첨성대,NNG
경주 여행,78,으로,JKB
경주 여행,78,내려오,VV
경주 여행,78,다가,EC
경주 여행,78,나무,NNG
경주 여행,78,그늘,NNG
경주 여행,78,내부,NNG
경주 여행,78,전경,NNG
경주 여행,79,알라딘,NNP
경주 여행,79,100,SN
경주 여행,79,자평,NNG
경주 여행,79,일상,NNG
경주 여행,79,고고학,NNG
경주 여행,79,혼자,MAG
경주 여행,79,개정,NNG
경주 여행,79,증보판,NNG
경주 여행,79,일상,NNG
경주 여행,79,고고학,NNG
경주 여행,79,시리즈,NNG
경주 여행,79,황윤,NNG
경주 여행,79,지음,NNG
경주 여행,79,고양이,NNG
경주 여행,79,2020,SN
경주 여행,79,10,SN
경주 여행,79,평점,NNG
경주 여행,79,어려서,VA+EC
경주 여행,79,그냥,MAG
경주 여행,79,학교,NNG
경주 여행,79,에서,JKB
경주 여행,79,지금,MAG
경주 여행,79,커서,VV+EC
경주 여행,79,공부,NNG
경주 여행,79,다른,MM
경주 여행,79,느낌,NNG
경주 여행,79,습니다,EF
경주 여행,79,가보세요,NNG
경주 여행,80,알라딘,NNP
경주 여행,80,100,SN
경주 여행,80,자평,NNG
경주 여행,80,일상,NNG
경주 여행,80,고고학,NNG
경주 여행,80,혼자,MAG
경주 여행,80,혼자,NNG
경주 여행,80,개정,NNG
경주 여행,80,증보판,NNG
경주 여행,80,일상,NNG
경주 여행,80,고고학,NNG
경주 여행,80,시리즈,NNG
경주 여행,80,황윤,NNG
경주 여행,80,지음,NNG
경주 여행,80,고양이,NNG
경주 여행,80,2020,SN
경주 여행,80,10,SN
경주 여행,80,평점,NNG
경주 여행,80,이야기,NNG
경주 여행,80,봐도,VV+EC
경주 여행,80,봐도,VX+EC
경주 여행,80,들어도,VV+EC
경주 여행,80,들어도,VV+EC
경주 여행,80,재미있,VA
경주 여행,80,습니다,EF
경주 여행,80,작가,NNG
경주 여행,80,혼자,NNG
경주 여행,80,기대,NNG
경주 여행,80,봅니다,VX+EC
경주 여행,81,매화꽃,NNG
경주 여행,81,산수유,NNG
경주 여행,81,예쁜,VA+ETM
경주 여행,81,간다,VV+EC
경주 여행,81,날씨,NNG
경주 여행,81,따뜻,XR
경주 여행,81,바람,NNG
경주 여행,81,많이,MAG
경주 여행,81,햇살,NNG
경주 여행,81,따뜻,XR
경주 여행,81,점심,NNG
경주 여행,81,궁금,XR
경주 여행,81,했었,VX+EP
경주 여행,81,황룡,NNG
경주 여행,81,돌아봤,VV+EP
경주 여행,81,동국,NNG
경주 여행,81,재단,NNG
경주 여행,81,에서,JKB
경주 여행,81,운영,NNG
경주 여행,81,연수원,NNG
경주 여행,81,인데,VCP+EC
경주 여행,81,웅장,XR
경주 여행,81,꾸며져,VV+EC+VX+EC
경주 여행,82,맷돌,NNG
경주 여행,82,순부,NNG
경주 여행,82,옆집,NNG
경주 여행,82,정화,NNG
경주 여행,82,송이,NNG
경주 여행,82,순두부,NNG
경주 여행,82,맛집,NNG
경주 여행,82,옆집,NNG
경주 여행,82,아니,VCN
경주 여행,82,라도,EC
경주 여행,82,가격,NNG
경주 여행,82,비싸,VA
경주 여행,82,니까,EC
경주 여행,82,기본,NNG
경주 여행,82,반찬,NNG
경주 여행,82,생선,NNG
경주 여행,82,구이,NNG
경주 여행,82,나와서,VV+EC
경주 여행,82,후배,NNG
경주 여행,82,맛있,VA
경주 여행,82,섬세,XR
경주 여행,82,발라,VV+EC
경주 여행,82,하얀,VA+ETM
경주 여행,82,순두부,NNG
경주 여행,82,다니,EC
경주 여행,82,순두부,NNG
경주 여행,82,처음,MAG
경주 여행,82,본다,VV+EC
경주 여행,82,파전,NNG
경주 여행,82,하나,NR
경주 여행,82,주문,NNG
경주 여행,82,새송이,NNP
경주 여행,82,탁주,NNG
경주 여행,82,주문,NNG
경주 여행,82,낮술,NNG
경주 여행,83,남산,NNP
경주 여행,83,칠불암,NNG
경주 여행,83,케이트,NNP
경주 여행,83,입니다,VCP+EF
경주 여행,83,진입,NNG
경주 여행,83,읍니다,EC
경주 여행,83,서라벌,NNP
경주 여행,83,휴게소,NNG
경주 여행,83,입니다,VCP+EF
경주 여행,83,통일전,NNP
경주 여행,83,주차장,NNG
경주 여행,83,주차,NNG
경주 여행,83,아니하,VX
경주 여행,83,염불,NNG
경주 여행,83,사지,NNG
경주 여행,83,삼층석탑,NNP
경주 여행,83,주차,NNG
경주 여행,83,여기,NP
경주 여행,83,일찍,MAG
경주 여행,83,도착,NNG
경주 여행,83,여야,EC
경주 여행,83,주차,NNG
경주 여행,83,아침,NNG
경주 여행,84,알라딘,NNP
경주 여행,84,100,SN
경주 여행,84,자평,NNG
경주 여행,84,일상,NNG
경주 여행,84,고고학,NNG
경주 여행,84,혼자,MAG
경주 여행,84,일상,NNG
경주 여행,84,고고학,NNG
경주 여행,84,혼자,MAG
경주 여행,84,개정,NNG
경주 여행,84,증보판,NNG
경주 여행,84,일상,NNG
경주 여행,84,고고학,NNG
경주 여행,84,시리즈,NNG
경주 여행,84,황윤,NNG
경주 여행,84,지음,NNG
경주 여행,84,고양이,NNG
경주 여행,84,2020,SN
경주 여행,84,10,SN
경주 여행,84,평점,NNG
경주 여행,84,이런,MM
경주 여행,84,너무,MAG
경주 여행,84,아함,IC+ETN
경주 여행,84,더구나,MAJ
경주 여행,84,라서,VCP+EC
경주 여행,84,너무,MAG
경주 여행,84,마음,NNG
경주 여행,84,중학교,NNG
경주 여행,84,수학,NNG
경주 여행,84,으로,JKB
경주 여행,85,국내,NNG
경주 여행,85,사진,NNG
경주 여행,85,국내,NNG
경주 여행,85,테마,NNG
경주 여행,85,Theodor,SL
경주 여행,85,2017,SN
경주 여행,85,18,SN
경주 여행,85,08,SN
경주 여행,85,11,SN
경주 여행,85,벚꽃,NNG
경주 여행,85,거의,MAG
경주 여행,85,떨어지,VV
경주 여행,85,시기,NNG
경주 여행,85,아쉬움,NNG
경주 여행,85,대능원,NNP
경주 여행,85,출입문,NNG
경주 여행,85,능원,NNG
경주 여행,85,소나무,NNG
경주 여행,85,천마총,NNG
경주 여행,85,안압지,NNP
경주 여행,85,분황사,NNG
경주 여행,85,모전,NNG
경주 여행,85,석탑,NNG
경주 여행,85,원래,NNG
경주 여행,86,힐튼,NNP
경주 여행,86,호텔,NNG
경주 여행,86,한국,NNP
경주 여행,86,서울,NNP
경주 여행,86,호텔,NNG
경주 여행,86,체인,NNG
경주 여행,86,이상,NNG
경주 여행,86,두산,NNP
경주 여행,86,참고,NNG
경주 여행,86,미국,NNP
경주 여행,86,저명,XR
경주 여행,86,모델,NNG
경주 여행,86,철저히,MAG
경주 여행,86,손님,NNG
경주 여행,86,배려,NNG
경주 여행,86,호텔,NNG
경주 여행,86,그래서,MAJ
경주 여행,86,즐거울,VA+ETM
경주 여행,86,밖에,JX
경주 여행,87,토함산,NNP
경주 여행,87,단풍,NNG
경주 여행,87,터널,NNG
경주 여행,87,자연,NNG
경주 여행,87,그려,VV+EC
경주 여행,87,수채화,NNG
경주 여행,87,17,SN
경주 여행,87,11,SN
경주 여행,87,17,SN
경주 여행,87,떠나,VV
경주 여행,87,단풍,NNG
경주 여행,87,그윽,XR
경주 여행,87,숲길,NNG
경주 여행,87,느긋이,MAG
경주 여행,87,불국사,NNP
경주 여행,87,석굴암,NNG
경주 여행,87,토함산,NNP
경주 여행,87,숲길,NNG
경주 여행,87,월산,NNG
경주 여행,87,고갯길,NNG
경주 여행,87,굳이,MAG
경주 여행,87,신라,NNP
경주 여행,87,역사,NNG
경주 여행,87,몰라도,VV+EC
경주 여행,87,시내,NNG
경주 여행,88,배롱나무,NNG
경주 여행,88,첨성대,NNG
경주 여행,88,야경,NNG
경주 여행,88,16,SN
경주 여행,88,18,SN
경주 여행,88,수학,NNG
경주 여행,88,다녀오,VV
경주 여행,88,사람,NNG
경주 여행,88,심지어,MAG
경주 여행,88,자녀,NNG
경주 여행,88,역사,NNG
경주 여행,88,유적,NNG
경주 여행,88,답사,NNG
경주 여행,88,동행,NNG
경주 여행,88,해서,XSV+EC
경주 여행,88,이런,MM
경주 여행,88,아무리,MAG
경주 여행,88,생각,NNG
경주 여행,88,해봐도,XSV+EC+VX+EC
경주 여행,88,국내,NNG
경주 여행,88,에선,JKB+JX
경주 여행,88,특징,NNG
경주 여행,88,하나,NR
경주 여행,88,평온,NNG
경주 여행,88,자연,NNG
경주 여행,89,황리,NNG
경주 여행,89,카페,NNG
경주 여행,89,카페,NNG
경주 여행,89,카페,NNG
경주 여행,89,황리,NNG
경주 여행,89,메인,VV+ETM
경주 여행,89,거리,NNG
경주 여행,89,위치,NNG
경주 여행,89,어서,EC
경주 여행,89,거리,NNG
경주 여행,89,둘러보,VV
경주 여행,89,뚜벅,MAG
경주 여행,89,입니다,VCP+EF
경주 여행,89,인테리어,NNG
경주 여행,89,예쁘,VA
경주 여행,89,어서,EC
경주 여행,89,더욱,MAG
경주 여행,89,눈길,NNG
경주 여행,89,카페,NNG
경주 여행,89,입니다,VCP+EF
경주 여행,89,황리,NNG
경주 여행,89,카페,NNG
경주 여행,89,카페,NNG
경주 여행,89,날씨,NNG
경주 여행,90,경북,NNP
경주 여행,90,국밥,NNG
경주 여행,90,맛집,NNG
경주 여행,90,수백,NR
경주 여행,90,보문,NNG
경주 여행,90,com,SL
경주 여행,90,633,SN
경주 여행,90,경북,NNP
경주 여행,90,교촌,NNP
경주 여행,90,마을,NNG
경주 여행,90,교촌,NNG
경주 여행,90,보관,NNG
경주 여행,90,아이,NNG
경주 여행,90,가족,NNG
경주 여행,90,2024,SN
경주 여행,90,31,SN
경주 여행,90,가족,NNG
경주 여행,90,함께,MAG
경주 여행,90,기록,NNG
경주 여행,90,오늘,NNG
경주 여행,90,가족,NNG
경주 여행,90,모임,NNG
경주 여행,90,어서,EC
경주 여행,90,경북,NNP
경주 여행,90,어요,EF
경주 여행,91,불국사역,NNP
경주 여행,91,에서,JKB
경주 여행,91,동대구,NNG
경주 여행,91,까지,JX
경주 여행,91,기차,NNG
경주 여행,91,무궁화호,NNP
경주 여행,91,시간,NNG
경주 여행,91,시외,NNG
경주 여행,91,고속,NNG
경주 여행,91,버스,NNG
경주 여행,91,터미널,NNG
경주 여행,91,모두,MAG
경주 여행,91,거리,NNG
경주 여행,91,어서,EC
경주 여행,91,어디,NP
경주 여행,91,따라,VV+EC
경주 여행,91,대중,NNG
경주 여행,91,교통,NNG
경주 여행,91,종류,NNG
경주 여행,91,달라지,VV
경주 여행,91,는데,EC
경주 여행,91,서울,NNP
경주 여행,91,이나,JC
경주 여행,91,대전,NNP
경주 여행,91,까지,JX
경주 여행,91,시간,NNBC
경주 여행,91,이상,NNG
경주 여행,91,걸리,VV
경주 여행,91,코스,NNG
경주 여행,91,라고,VCP+EC
경주 여행,92,알라딘,NNP
경주 여행,92,100,SN
경주 여행,92,자평,NNG
경주 여행,92,일상,NNG
경주 여행,92,고고학,NNG
경주 여행,92,혼자,MAG
경주 여행,92,지음,NNG
경주 여행,92,고양이,NNG
경주 여행,92,2020,SN
경주 여행,92,10,SN
경주 여행,92,평점,NNG
경주 여행,92,정말,MAG
경주 여행,92,도시,NNG
경주 여행,92,입니다,VCP+EF
경주 여행,92,시간,NNG
경주 여행,92,기분,NNG
경주 여행,92,어서,EC
경주 여행,92,행복,NNG
경주 여행,92,거든요,EF
경주 여행,92,코로나,NNP
경주 여행,92,때문,NNB
경주 여행,92,버렸,VX+EP
경주 여행,92,네요,EF
경주 여행,92,으로,JKB
경주 여행,92,혼자,MAG
경주 여행,92,네요,EC
경주 여행,93,파란,VA+ETM
경주 여행,93,하늘,NNG
경주 여행,93,구름,NNG
경주 여행,93,동동,MAG
경주 여행,93,아름다운,VA+ETM
경주 여행,93,신나,VV
경주 여행,93,고속도로,NNP
경주 여행,93,달려,VV+EC
경주 여행,93,간다,VV+EC
경주 여행,93,오늘,NNG
경주 여행,93,힐링,NNG
경주 여행,93,산송,NNG
경주 여행,93,한우구,NNP
경주 여행,93,언양,NNP
경주 여행,93,불고기,NNG
경주 여행,93,더덕구이,NNG
경주 여행,93,자알,MAG
경주 여행,93,이랑,JC
경주 여행,93,라떼,NNG
경주 여행,93,한잔,NNG
경주 여행,93,노천온천,NNP
경주 여행,93,으로,JKB
경주 여행,93,간다,VV+EC
경주 여행,93,파란,VA+ETM
경주 여행,93,하늘,NNG
경주 여행,94,알라딘,NNP
경주 여행,94,100,SN
경주 여행,94,자평,NNG
경주 여행,94,일상,NNG
경주 여행,94,고고학,NNG
경주 여행,94,혼자,MAG
경주 여행,94,2020,SN
경주 여행,94,10,SN
경주 여행,94,평점,NNG
경주 여행,94,매년,MAG
경주 여행,94,가을,NNG
경주 여행,94,꿈꾸,VV
경주 여행,94,지만,EC
경주 여행,94,아직,MAG
경주 여행,94,실천,NNG
경주 여행,94,사람,NNG
경주 여행,94,입니다,VCP+EF
경주 여행,94,알차,VA
경주 여행,94,느낄,VV+ETM
경주 여행,94,기대,NNG
경주 여행,94,열심히,MAG
경주 여행,94,습니다,EF
경주 여행,95,알라딘,NNP
경주 여행,95,100,SN
경주 여행,95,자평,NNG
경주 여행,95,일상,NNG
경주 여행,95,고고학,NNG
경주 여행,95,혼자,MAG
경주 여행,95,일상,NNG
경주 여행,95,고고학,NNG
경주 여행,95,혼자,MAG
경주 여행,95,개정,NNG
경주 여행,95,증보판,NNG
경주 여행,95,일상,NNG
경주 여행,95,고고학,NNG
경주 여행,95,시리즈,NNG
경주 여행,95,황윤,NNG
경주 여행,95,지음,NNG
경주 여행,95,고양이,NNG
경주 여행,95,2020,SN
경주 여행,95,10,SN
경주 여행,95,평점,NNG
경주 여행,95,지만,EC
경주 여행,95,제대로,MAG
경주 여행,95,구경,NNG
경주 여행,95,네요,EF
경주 여행,95,코로나,NNP
경주 여행,96,알라딘,NNP
경주 여행,96,100,SN
경주 여행,96,자평,NNG
경주 여행,96,일상,NNG
경주 여행,96,고고학,NNG
경주 여행,96,혼자,MAG
경주 여행,96,일상,NNG
경주 여행,96,고고학,NNG
경주 여행,96,혼자,MAG
경주 여행,96,개정,NNG
경주 여행,96,증보판,NNG
경주 여행,96,일상,NNG
경주 여행,96,고고학,NNG
경주 여행,96,시리즈,NNG
경주 여행,96,황윤,NNG
경주 여행,96,지음,NNG
경주 여행,96,고양이,NNG
경주 여행,96,2020,SN
경주 여행,96,10,SN
경주 여행,96,평점,NNG
경주 여행,96,수학,NNG
경주 여행,96,이후,NNG
경주 여행,96,못했,VX+EP
경주 여행,96,대해,VV+EC
경주 여행,96,다시,MAG
경주 여행,96,생각,NNG
경주 여행,96,네요,EC
경주 여행,97,나정,NNG
경주 여행,97,맛집,NNG
경주 여행,97,나정,NNG
경주 여행,97,라면,NNG
경주 여행,97,맛집,NNG
경주 여행,97,에도,NNP
경주 여행,97,바다,NNG
경주 여행,97,나정,NNG
경주 여행,97,스토리,NNG
경주 여행,97,올려,VV+EC
경주 여행,97,드릴께요,VX+EF
경주 여행,97,에도,NNP
경주 여행,97,바다,NNG
경주 여행,97,다는,ETM
경주 여행,97,사실,NNG
경주 여행,97,아시나,NNP
경주 여행,97,정하,VV
경주 여행,97,면서,EC
경주 여행,97,바다,NNG
경주 여행,97,남편,NNG
경주 여행,97,역사,NNG
경주 여행,97,좋아해서,VV+EC
경주 여행,97,유적지,NNG
경주 여행,97,어요,EF
경주 여행,97,그러,VV
경주 여행,98,가을,NNG
경주 여행,98,도착,NNG
경주 여행,98,오늘,NNG
경주 여행,98,작년,NNG
경주 여행,98,여름,NNG
경주 여행,98,코스,NNG
경주 여행,98,서출지,NNG
경주 여행,98,통일전,NNP
경주 여행,98,그리고,MAJ
경주 여행,98,산림,NNG
경주 여행,98,연구원,NNG
경주 여행,98,둘러보,VV
경주 여행,98,핑크,NNG
경주 여행,98,예쁜,VA+ETM
경주 여행,98,첨성대,NNG
경주 여행,98,주변,NNG
경주 여행,98,황리,NNG
경주 여행,98,구경,NNG
경주 여행,98,헉헉,MAG
경주 여행,98,점심,NNG
경주 여행,98,커피,NNG
경주 여행,98,면서,EC
경주 여행,98,돌린다,VV+EC
경주 여행,98,조금,NNG
경주 여행,98,가을,NNG
경주 여행,98,찾아오,VV
경주 여행,99,알라딘,NNP
경주 여행,99,100,SN
경주 여행,99,자평,NNG
경주 여행,99,일상,NNG
경주 여행,99,고고학,NNG
경주 여행,99,혼자,MAG
경주 여행,99,일상,NNG
경주 여행,99,고고학,NNG
경주 여행,99,혼자,MAG
경주 여행,99,개정,NNG
경주 여행,99,증보판,NNG
경주 여행,99,일상,NNG
경주 여행,99,고고학,NNG
경주 여행,99,시리즈,NNG
경주 여행,99,황윤,NNG
경주 여행,99,지음,NNG
경주 여행,99,고양이,NNG
경주 여행,99,2020,SN
경주 여행,99,10,SN
경주 여행,99,평점,NNG
경주 여행,99,수학,NNG
경주 여행,99,역사,NNG
경주 여행,99,의미,NNG
경주 여행,99,모르,VV
경주 여행,99,지나쳤,VV+EP
경주 여행,99,지만,EC
경주 여행,99,이제,NNG
경주 여행,99,풍경,NNG
경주 여행,99,하나,NR
경주 여행,99,하나,NR
경주 여행,99,에서,JKB
경주 여행,100,알라딘,NNP
경주 여행,100,100,SN
경주 여행,100,자평,NNG
경주 여행,100,일상,NNG
경주 여행,100,고고학,NNG
경주 여행,100,혼자,MAG
경주 여행,100,앞서,MAG
경주 여행,100,출간,NNG
경주 여행,100,일상,NNG
경주 여행,100,고고학,NNG
경주 여행,100,혼자,NNG
경주 여행,100,백제,NNG
경주 여행,100,이어,MAG
경주 여행,100,이번,NNG
경주 여행,100,입니다,VCP+EF
경주 여행,100,전작,NNG
경주 여행,100,백제,NNG
경주 여행,100,만족,NNG
경주 여행,100,스러웠,XSA+EP
경주 여행,100,라면,EC
경주 여행,100,이번,NNG
경주 여행,100,무조건,MAG
경주 여행,100,탑승,NNG
경주 여행,100,바랍니다,VV+EC
경주 여행,101,동궁,NNG
경주 여행,101,월지,NNG
경주 여행,101,첨성대,NNG
경주 여행,101,야경,NNG
경주 여행,101,연꽃,NNG
경주 여행,101,단지,MAG
경주 여행,101,분황사,NNG
경주 여행,101,방문,NNG
경주 여행,101,다시,MAG
경주 여행,101,남겨,VV+EC
경주 여행,101,이웃,NNG
경주 여행,101,지내,VV
경주 여행,101,나요,EF
경주 여행,101,지난주,NNG
경주 여행,101,blog,SL
경주 여행,101,naver,SL
경주 여행,101,com,SL
경주 여행,101,예전,NNG
경주 여행,101,사진,NNG
경주 여행,101,떠나,VV
경주 여행,101,진다,VX+EC
경주 여행,102,경북,NNP
경주 여행,102,천문,NNG
경주 여행,102,기상,NNG
경주 여행,102,관측대,NNG
경주 여행,102,첨성대,NNG
경주 여행,102,일자,NNG
경주 여행,102,2016,SN
경주 여행,102,인원,NNG
경주 여행,102,친구,NNG
경주 여행,102,함께,MAG
경주 여행,102,첨성대,NNG
경주 여행,102,경북,NNP
경주 여행,102,인왕동,NNP
경주 여행,102,839,SN
경주 여행,102,전화,NNG
경주 여행,102,054,SN
경주 여행,102,779,SN
경주 여행,102,8741,SN
경주 여행,102,첨성대,NNG
경주 여행,102,관람료,NNG
경주 여행,102,무료,NNG
경주 여행,102,경북,NNP
경주 여행,102,이야기,NNG
경주 여행,102,첨성대,NNG
경주 여행,102,에서,JKB
경주 여행,102,바라본,VV+ETM
경주 여행,102,대릉원,NNG
경주 여행,102,야경,NNG
경주 여행,103,데이,NNG
경주 여행,103,택시,NNG
경주 여행,103,투어,NNG
경주 여행,103,감사,NNG
경주 여행,103,합니다,XSV+EF
경주 여행,103,구매,NNG
경주 여행,103,https,SL
경주 여행,103,smartstore,SL
경주 여행,103,naver,SL
경주 여행,103,com,SL
경주 여행,103,dptour,SL
경주 여행,103,products,SL
경주 여행,103,5981873243,SN
경주 여행,103,플레이스,NNG
경주 여행,103,데이,NNG
경주 여행,103,택시,NNG
경주 여행,103,투어,NNG
경주 여행,103,돌고래,NNG
경주 여행,103,돌핀,NNG
경주 여행,103,스토어,NNG
경주 여행,103,플레이스,NNG
경주 여행,103,데이,NNG
경주 여행,103,택시,NNG
경주 여행,103,투어,NNG
경주 여행,103,smartstore,SL
경주 여행,103,naver,SL
경주 여행,103,com,SL
경주 여행,104,설레임,VV+ETN
경주 여행,104,패밀리,NNG
경주 여행,104,일상,NNG
경주 여행,104,오늘,NNG
경주 여행,104,목적지,NNG
경주 여행,104,회사,NNG
경주 여행,104,제휴,NNG
경주 여행,104,숙소,NNG
경주 여행,104,저렴,XR
경주 여행,104,예약,NNG
경주 여행,104,나선다,VV+EC
경주 여행,104,도착,NNG
경주 여행,104,자마자,EC
경주 여행,104,고파서,VA+EC
경주 여행,104,우리,NP
경주 여행,104,가족,NNG
경주 여행,104,국수집,NNG
경주 여행,104,본다,VV+EC
경주 여행,104,와이프,NNG
경주 여행,104,검색,NNG
경주 여행,104,해서,XSV+EC
경주 여행,104,찾아간,VV+ETM
경주 여행,104,갈비,NNG
경주 여행,104,국수,NNG
경주 여행,105,경북,NNP
경주 여행,105,불국사,NNG
경주 여행,105,단아,XR
경주 여행,105,정숙,XR
경주 여행,105,묻어나,VV
경주 여행,105,겹벚꽃,NNG
경주 여행,105,벚꽃,NNG
경주 여행,105,벚꽃,NNG
경주 여행,105,즐기,VV
경주 여행,105,고수,NNG
경주 여행,105,라면,VCP+EC
경주 여행,105,서둘러,VV+EC
경주 여행,105,티켓,NNG
경주 여행,105,예약,NNG
경주 여행,105,다시,MAG
경주 여행,105,들썩이,VV
경주 여행,105,지역,NNG
경주 여행,105,벚꽃,NNG
경주 여행,105,거의,MAG
경주 여행,105,떨어지,VV
경주 여행,105,불국사,NNG
경주 여행,105,겹벚꽃,NNG
경주 여행,105,으로,JKB
경주 여행,105,유명,XR
경주 여행,105,불국사,NNP
경주 여행,105,입구,NNG
경주 여행,106,보문,NNG
경주 여행,106,단지,MAG
경주 여행,106,벚꽃,NNG
경주 여행,106,보문호,NNP
경주 여행,106,반길,VV+ETM
경주 여행,106,화사,XR
경주 여행,106,선사,NNG
경주 여행,106,17,SN
경주 여행,106,최적,NNG
경주 여행,106,지이,NNG
경주 여행,106,도로,NNG
경주 여행,106,꽃길,NNG
경주 여행,106,이른,VA+ETM
경주 여행,106,시각,NNG
경주 여행,106,와야,VV+EC
경주 여행,106,제대로,MAG
경주 여행,106,힐링,NNG
경주 여행,106,만개,NNG
경주 여행,106,아름다운,VA+ETM
경주 여행,106,경관,NNG
경주 여행,106,이루,VV
경주 여행,106,보문,NNG
경주 여행,106,단지,NNG
경주 여행,106,시가지,NNG
경주 여행,106,에서,JKB
경주 여행,106,동쪽,NNG
경주 여행,106,으로,JKB
경주 여행,106,10,SN
경주 여행,106,정도,NNG
경주 여행,106,떨어진,VV+ETM
경주 여행,106,활산,NNP
경주 여행,106,성터,NNG
경주 여행,107,경북,NNP
경주 여행,107,하얀,VA+ETM
경주 여행,107,목련,NNG
경주 여행,107,대릉원,NNG
경주 여행,107,목련,NNG
경주 여행,107,풍경,NNG
경주 여행,107,최근,NNG
경주 여행,107,빼놓,VV
경주 여행,107,코스,NNG
경주 여행,107,다름,VA+ETN
경주 여행,107,아닌,VCN+ETM
경주 여행,107,야경,NNG
경주 여행,107,둘러보,VV
경주 여행,107,연인,NNG
경주 여행,107,함께,MAG
경주 여행,107,떠나,VV
경주 여행,107,당신,NP
경주 여행,107,위한,VV+ETM
경주 여행,107,야경,NNG
경주 여행,107,투어,NNG
경주 여행,107,코스,NNG
경주 여행,107,소개,NNG
경주 여행,107,한다,XSV+EC
경주 여행,107,준비,NNG
경주 여행,108,세계,NNG
경주 여행,108,문화유산,NNG
경주 여행,108,양동,NNP
경주 여행,108,마을,NNG
경주 여행,108,18,SN
경주 여행,108,29,SN
경주 여행,108,시간,NNG
경주 여행,108,떠나,VV
경주 여행,108,다면,EC
경주 여행,108,조상,NNG
경주 여행,108,모습,NNG
경주 여행,108,고스란히,MAG
경주 여행,108,간직,NNG
경주 여행,108,수백,NR
경주 여행,108,숨결,NNG
경주 여행,108,양동,NNP
경주 여행,108,마을,NNG
경주 여행,108,제격,NNG
경주 여행,108,아닐까,VCN+EC
경주 여행,108,경상북도,NNP
경주 여행,108,강동면,NNP
경주 여행,108,양동,NNP
경주 여행,108,마을,NNG
경주 여행,108,138,SN
경주 여행,108,18,SN
경주 여행,108,지번,NNG
경주 여행,108,경상북도,NNP
경주 여행,108,강동면,NNP
경주 여행,109,경북,NNP
경주 여행,109,다리,NNG
경주 여행,109,정교,NNG
경주 여행,109,18,SN
경주 여행,109,21,SN
경주 여행,109,잠시,MAG
경주 여행,109,교촌,NNG
경주 여행,109,마을,NNG
경주 여행,109,도착,NNG
경주 여행,109,행사,NNG
경주 여행,109,잠시,MAG
경주 여행,109,간다,VX+EC
경주 여행,109,최근,NNG
경주 여행,109,빼놓,VV
경주 여행,109,연인,NNG
경주 여행,109,함께,MAG
경주 여행,109,떠나,VV
경주 여행,109,당신,NP
경주 여행,109,위한,VV+ETM
경주 여행,109,야경,NNG
경주 여행,109,투어,NNG
경주 여행,109,코스,NNG
경주 여행,109,소개,NNG
경주 여행,109,한다,XSV+EC
경주 여행,109,준비,NNG
경주 여행,110,야경,NNG
경주 여행,110,이쁜,VA+ETM
경주 여행,110,안압지,NNP
경주 여행,110,첨성대,NNG
경주 여행,110,16,SN
경주 여행,110,31,SN
경주 여행,110,어울린다,VV+EC
경주 여행,110,에서,JKB
경주 여행,110,빠질,VV+ETM
경주 여행,110,관광지,NNG
경주 여행,110,하나,NR
경주 여행,110,첨성대,NNG
경주 여행,110,첨성대,NNG
경주 여행,110,신라,NNP
경주 여행,110,시대,NNG
경주 여행,110,관측,NNG
경주 여행,110,최근,NNG
경주 여행,110,빼놓,VV
경주 여행,110,코스,NNG
경주 여행,110,다름,VA+ETN
경주 여행,110,아닌,VCN+ETM
경주 여행,110,야경,NNG
경주 여행,110,둘러보,VV
경주 여행,111,에서,JKB
경주 여행,111,사람,NNG
경주 여행,111,지나치,VV
경주 여행,111,몇몇,MM
경주 여행,111,지인,NNG
경주 여행,111,경험,NNG
경주 여행,111,생각,NNG
경주 여행,111,에서,JKB
경주 여행,111,주목,NNG
경주 여행,111,장소,NNG
경주 여행,111,정리,NNG
경주 여행,111,고즈넉,XR
경주 여행,111,산사,NNG
경주 여행,111,옥천사,NNG
경주 여행,111,수학,NNG
경주 여행,111,성지,NNG
경주 여행,111,역사,NNG
경주 여행,111,탐방,NNG
경주 여행,111,중심지,NNG
경주 여행,111,알려져,VV+EC+VX+EC
경주 여행,111,지만,EC
경주 여행,111,주변,NNG
경주 여행,111,으로,JKB
경주 여행,112,14,SN
경주 여행,112,개월,NNBC
경주 여행,112,아기,NNG
경주 여행,112,후기,NNG
경주 여행,112,정글,NNG
경주 여행,112,법칙,NNG
경주 여행,112,미디어,NNG
경주 여행,112,파크,NNG
경주 여행,112,버드,NNP
경주 여행,112,파크,NNG
경주 여행,112,그래도,VV+EC
경주 여행,112,일정,NNG
경주 여행,112,온다면,VV+EC
경주 여행,112,다녀오,VV
경주 여행,112,버드,NNP
경주 여행,112,파크,NNG
경주 여행,112,위치,NNG
경주 여행,112,경북,NNP
경주 여행,112,보문,NNG
경주 여행,112,74,SN
경주 여행,112,14,SN
경주 여행,112,북군동,NNP
경주 여행,112,185,SN
경주 여행,112,전화,NNG
경주 여행,112,054,SN
경주 여행,112,777,SN
경주 여행,112,7200,SN
경주 여행,112,운영,NNG
경주 여행,112,시간,NNG
경주 여행,112,10,SN
경주 여행,112,00,SN
경주 여행,112,19,SN
경주 여행,112,00,SN
경주 여행,112,입장료,NNG
경주 여행,112,대인,NNG
경주 여행,112,20,SN
경주 여행,112,000,SN
경주 여행,112,소인,NNG
경주 여행,112,15,SN
경주 여행,112,000,SN
경주 여행,113,울산,NNP
경주 여행,113,Part,SL
경주 여행,113,동궁,NNG
경주 여행,113,월지,NNG
경주 여행,113,누리,NNG
경주 여행,113,정원,NNG
경주 여행,113,성호,NNG
경주 여행,113,리조트,NNG
경주 여행,113,장생포,NNG
경주 여행,113,고래,NNG
경주 여행,113,문화,NNG
경주 여행,113,특구,NNP
경주 여행,113,라는,VCP+ETM
경주 여행,113,이름,NNG
경주 여행,113,으로,JKB
경주 여행,113,고래,NNG
경주 여행,113,주제,NNG
경주 여행,113,다채,XR
경주 여행,113,로운,XSA+ETM
경주 여행,113,관광지,NNG
경주 여행,113,형성,NNG
경주 여행,113,는데,EC
경주 여행,113,사실,MAG
경주 여행,113,고래,MAG
경주 여행,113,박물관,NNG
경주 여행,113,이나,JC
경주 여행,113,생태,NNG
경주 여행,113,jinstistory,SL
경주 여행,113,tistory,SL
경주 여행,113,com,SL
경주 여행,113,2023,SN
경주 여행,113,08,SN
경주 여행,113,16,SN
경주 여행,113,국내,NNG
경주 여행,113,울산,NNP
경주 여행,113,Part,SL
경주 여행,114,루비,NNG
경주 여행,114,정원,NNG
경주 여행,114,연휴,NNG
경주 여행,114,에서,JKB
경주 여행,114,시작,NNG
경주 여행,114,세요,EP+EF
경주 여행,114,신청,NNG
경주 여행,114,센터,NNG
경주 여행,114,광활,XR
경주 여행,114,부지,NNG
경주 여행,114,자리,NNG
경주 여행,114,역사,NNG
경주 여행,114,마당,NNG
경주 여행,114,엄청나,VA
경주 여행,114,너른,VA+ETM
경주 여행,114,연휴,NNG
경주 여행,114,계획,NNG
경주 여행,114,계신,VX+ETM
경주 여행,114,KTX,SL
경주 여행,114,이용,NNG
경주 여행,114,어떠,XR
경주 여행,114,신지,JKS+EP+EC
경주 여행,114,Copyright,SL
경주 여행,114,2011,SN
경주 여행,114,루비,NNG
경주 여행,114,All,SL
경주 여행,114,pictures,SL
경주 여행,115,출장,NNG
경주 여행,115,깨끗,XR
경주 여행,115,조식,NNG
경주 여행,115,제공,NNG
경주 여행,115,에이치,NNG
경주 여행,115,비뉴,NNG
경주 여행,115,호텔,NNG
경주 여행,115,불국사,NNP
경주 여행,115,까지,JX
경주 여행,115,도보,NNG
경주 여행,115,15,SN
경주 여행,115,거리,NNG
경주 여행,115,어서,EC
경주 여행,115,피로,NNG
경주 여행,115,조금,NNG
경주 여행,115,이나마,JX
경주 여행,115,습니다,EF
경주 여행,115,아침,NNG
경주 여행,115,일찍,MAG
경주 여행,115,불국사,NNG
경주 여행,115,방문,NNG
경주 여행,115,한적,XR
경주 여행,115,고요,NNG
경주 여행,115,분위기,NNG
경주 여행,115,에서,JKB
경주 여행,115,산책,NNG
경주 여행,115,즐기,VV
경주 여행,115,최적,NNG
경주 여행,115,위치,NNG
경주 여행,115,습니다,EF
경주 여행,115,스테이,NNG
경주 여행,116,알라딘,NNP
경주 여행,116,100,SN
경주 여행,116,자평,NNG
경주 여행,116,일상,NNG
경주 여행,116,고고학,NNG
경주 여행,116,혼자,MAG
경주 여행,116,일상,NNG
경주 여행,116,고고학,NNG
경주 여행,116,혼자,MAG
경주 여행,116,개정,NNG
경주 여행,116,증보판,NNG
경주 여행,116,일상,NNG
경주 여행,116,고고학,NNG
경주 여행,116,시리즈,NNG
경주 여행,116,황윤,NNG
경주 여행,116,지음,NNG
경주 여행,116,고양이,NNG
경주 여행,116,2020,SN
경주 여행,116,10,SN
경주 여행,116,평점,NNG
경주 여행,116,역사,NNG
경주 여행,116,사랑,NNG
경주 여행,116,사람,NNG
경주 여행,116,으로,JKB
경주 여행,116,바라본,VV+ETM
경주 여행,116,만큼,NNB
경주 여행,116,보이,VV
경주 여행,116,사랑,NNG
경주 여행,117,20200727,SN
경주 여행,117,08,SN
경주 여행,117,02,SN
경주 여행,117,20200728,SN
경주 여행,117,2020,SN
경주 여행,117,08,SN
경주 여행,117,02,SN
경주 여행,117,20200727,SN
경주 여행,117,2020,SN
경주 여행,117,08,SN
경주 여행,117,02,SN
경주 여행,117,평화,NNG
경주 여행,117,2020,SN
경주 여행,117,07,SN
경주 여행,117,13,SN
경주 여행,117,강릉,NNP
경주 여행,117,서나,NNG
경주 여행,117,2020,SN
경주 여행,117,07,SN
경주 여행,117,08,SN
경주 여행,117,강릉,NNP
경주 여행,117,2020,SN
경주 여행,117,07,SN
경주 여행,117,08,SN
경주 여행,118,한옥,NNG
경주 여행,118,숙소,NNG
경주 여행,118,소설,NNG
경주 여행,118,첨성,NNG
경주 여행,118,대점,NNG
경주 여행,118,비향,NNP
경주 여행,118,15,SN
경주 여행,118,한옥,NNG
경주 여행,118,숙소,NNG
경주 여행,118,이름,NNG
경주 여행,118,특이,XR
경주 여행,118,소설,NNG
경주 여행,118,첨성,NNG
경주 여행,118,대점,NNG
경주 여행,118,첨성대,NNG
경주 여행,118,진짜,MAG
경주 여행,118,가까워서,VA+EC
경주 여행,118,첨성,NNG
경주 여행,118,대점,NNG
경주 여행,118,이쁘,VA
경주 여행,118,이쁜,VA+ETM
경주 여행,118,한옥,NNG
경주 여행,118,소설,NNG
경주 여행,118,너무너무,MAG
경주 여행,118,너무,MAG
경주 여행,118,인기,NNG
경주 여행,118,라서,EC
경주 여행,118,주말,NNG
경주 여행,118,으려면,EC
경주 여행,119,알라딘,NNP
경주 여행,119,황금,NNG
경주 여행,119,호두,NNG
경주 여행,119,열리,VV
경주 여행,119,무웅,NNP
경주 여행,119,함께,MAG
경주 여행,119,떠나,VV
경주 여행,119,코스,NNG
경주 여행,119,인데,VCP+EC
경주 여행,119,새로운,VA+ETM
경주 여행,119,느낌,NNG
경주 여행,119,자꾸,MAG
경주 여행,119,새로운,VA+ETM
경주 여행,119,느낌,NNG
경주 여행,119,빠져,VV+EC
경주 여행,119,는데,EC
경주 여행,119,신라,NNP
경주 여행,119,에서,JKB
경주 여행,119,아이,NNG
경주 여행,119,함께,MAG
경주 여행,119,새롭,VA
경주 여행,119,다가왔,VV+EP
경주 여행,119,한참,MAG
경주 여행,119,티비,NNG
경주 여행,119,에서,JKB
경주 여행,120,까지,JX
경주 여행,120,이동은,NNP
경주 여행,120,기차,NNG
경주 여행,120,에서,JKB
경주 여행,120,자전거,NNG
경주 여행,120,도보,NNG
경주 여행,120,버스,NNG
경주 여행,120,투어,NNG
경주 여행,120,모두,MAG
경주 여행,120,가능,NNG
경주 여행,120,코스,NNG
경주 여행,120,시내,NNG
경주 여행,120,천마총,NNG
경주 여행,120,왕릉,NNG
경주 여행,120,첨성대,NNG
경주 여행,120,계림,NNG
경주 여행,120,포석정,NNP
경주 여행,120,안압지,NNP
경주 여행,121,알라딘,NNP
경주 여행,121,100,SN
경주 여행,121,자평,NNG
경주 여행,121,일상,NNG
경주 여행,121,고고학,NNG
경주 여행,121,혼자,MAG
경주 여행,121,일상,NNG
경주 여행,121,고고학,NNG
경주 여행,121,혼자,MAG
경주 여행,121,개정,NNG
경주 여행,121,증보판,NNG
경주 여행,121,일상,NNG
경주 여행,121,고고학,NNG
경주 여행,121,시리즈,NNG
경주 여행,121,황윤,NNG
경주 여행,121,지음,NNG
경주 여행,121,고양이,NNG
경주 여행,121,한참,MAG
경주 여행,121,는데,EC
경주 여행,121,오랜만,NNG
경주 여행,121,저자,NNG
경주 여행,121,함께,MAG
경주 여행,121,걸으며,VV+EC
경주 여행,121,역사,NNG
경주 여행,121,느낌,NNG
경주 여행,121,네요,EC
경주 여행,122,감포,NNP
경주 여행,122,대말,NNG
경주 여행,122,체험,NNG
경주 여행,122,전시관,NNG
경주 여행,122,위치,NNG
경주 여행,122,경북,NNP
경주 여행,122,척사,NNG
경주 여행,122,18,SN
경주 여행,122,94,SN
경주 여행,122,운영,NNG
경주 여행,122,시간,NNG
경주 여행,122,09,SN
경주 여행,122,00,SN
경주 여행,122,18,SN
경주 여행,122,00,SN
경주 여행,122,연중무휴,NNG
경주 여행,122,대표,NNG
경주 여행,122,전화,NNG
경주 여행,122,054,SN
경주 여행,122,744,SN
경주 여행,122,3233,SN
경주 여행,122,입장료,NNG
경주 여행,122,무료,NNG
경주 여행,122,대말,NNG
경주 여행,122,체험,NNG
경주 여행,122,아이,NNG
경주 여행,122,함께,MAG
경주 여행,122,점심,NNG
경주 여행,122,시간,NNG
경주 여행,122,12,SN
경주 여행,122,00,SN
경주 여행,122,13,SN
경주 여행,122,00,SN
경주 여행,122,운영,NNG
경주 여행,123,코스,NNG
경주 여행,123,읍천항,NNP
경주 여행,123,주상,NNG
경주 여행,123,절리,NNG
경주 여행,123,파도,NNG
경주 여행,123,소리,NNG
경주 여행,123,주상,NNG
경주 여행,123,절리,NNG
경주 여행,123,제주도,NNP
경주 여행,123,만큼,JKB
경주 여행,123,이나,JX
경주 여행,123,이쁜,VA+ETM
경주 여행,123,게다가,MAG
경주 여행,123,조용,XR
경주 여행,123,읍천항,NNP
경주 여행,123,코스,NNG
경주 여행,123,읍천항,NNP
경주 여행,123,자리,NNG
경주 여행,123,주상,NNG
경주 여행,123,절리,NNG
경주 여행,123,파도,NNG
경주 여행,123,소리,NNG
경주 여행,123,주차장,NNG
경주 여행,123,갖추,VV
경주 여행,123,따라,VV+EC
경주 여행,123,등대,NNG
경주 여행,123,까지,JX
경주 여행,124,교리,NNG
경주 여행,124,김밥,NNG
경주 여행,124,맛집,NNG
경주 여행,124,면서,EC
경주 여행,124,들린,VV+ETM
경주 여행,124,김밥,NNG
경주 여행,124,남산,NNG
경주 여행,124,등산,NNG
경주 여행,124,포함,NNG
경주 여행,124,해서,XSV+EC
경주 여행,124,당일,NNG
경주 여행,124,계획,NNG
경주 여행,124,다녀왔,VV+EP
경주 여행,124,습니다,EF
경주 여행,124,코스,NNG
경주 여행,124,에선,JKB+JX
경주 여행,124,여하튼,MAJ
경주 여행,124,처럼,JKB
경주 여행,124,정도,NNG
경주 여행,124,라는,ETM
경주 여행,124,생각,NNG
경주 여행,124,네요,EF
경주 여행,124,특히나,MAG
경주 여행,124,남산,NNG
경주 여행,125,놀부,NNG
경주 여행,125,보쌈,NNG
경주 여행,125,황오,NNP
경주 여행,125,배달,NNG
경주 여행,125,후기,NNG
경주 여행,125,숙소,NNG
경주 여행,125,황남,NNG
경주 여행,125,머물,VV
경주 여행,125,어요,EF
경주 여행,125,저녁,NNG
경주 여행,125,아이,NNG
경주 여행,125,지치,VV
경주 여행,125,배민,NNG
경주 여행,125,놀부,NNG
경주 여행,125,보쌈,NNG
경주 여행,125,검색,NNG
경주 여행,125,황오,NNP
경주 여행,125,에서,JKB
경주 여행,125,배달,NNG
경주 여행,125,가능,NNG
경주 여행,125,다고,EC
경주 여행,125,나오,VV
경주 여행,125,네요,EF
경주 여행,125,저희,NP
경주 여행,125,황남,NNG
경주 여행,125,머물,VV
경주 여행,125,때문,NNB
경주 여행,126,안녕,IC
경주 여행,126,2014,SN
경주 여행,126,2014,SN
경주 여행,126,그냥,MAG
경주 여행,126,보내,VV
경주 여행,126,아쉬워서,VA+EC
경주 여행,126,기차,NNG
경주 여행,126,떠났,VV+EP
경주 여행,126,일전,NNG
경주 여행,126,크리스마스,NNG
경주 여행,126,오늘,NNG
경주 여행,126,안녕,NNG
경주 여행,126,2014,SN
경주 여행,126,이번,NNG
경주 여행,126,럭셔리,XR
경주 여행,126,컨셉,NNG
경주 여행,126,으로,JKB
경주 여행,126,호텔,NNG
경주 여행,126,에서,JKB
경주 여행,127,알라딘,NNP
경주 여행,127,서재,NNP
경주 여행,127,이야기,NNG
경주 여행,127,일상,NNG
경주 여행,127,고고학,NNG
경주 여행,127,혼자,MAG
경주 여행,127,무대,NNG
경주 여행,127,에세이,NNG
경주 여행,127,만날,VV+ETM
경주 여행,127,으로,JKB
경주 여행,127,에서,JKB
경주 여행,127,유명,XR
경주 여행,127,문화재,NNG
경주 여행,127,대한,VV+ETM
경주 여행,127,사전,NNG
경주 여행,127,지식,NNG
경주 여행,127,줄줄,MAG
경주 여행,127,얼마,NNG
경주 여행,127,든지,VCP+EC
경주 여행,127,재미있,VA
경주 여행,127,의미,NNG
경주 여행,128,알라딘,NNP
경주 여행,128,100,SN
경주 여행,128,자평,NNG
경주 여행,128,일상,NNG
경주 여행,128,고고학,NNG
경주 여행,128,혼자,MAG
경주 여행,128,일상,NNG
경주 여행,128,고고학,NNG
경주 여행,128,혼자,MAG
경주 여행,128,개정,NNG
경주 여행,128,증보판,NNG
경주 여행,128,일상,NNG
경주 여행,128,고고학,NNG
경주 여행,128,시리즈,NNG
경주 여행,128,황윤,NNG
경주 여행,128,지음,NNG
경주 여행,128,고양이,NNG
경주 여행,128,대한,VV+ETM
경주 여행,128,깊이,MAG
경주 여행,128,이야기,NNG
경주 여행,128,호기심,NNG
경주 여행,128,해줍니다,XSV+EC+VX+EF
경주 여행,128,100,SN
경주 여행,128,다니,EC
경주 여행,128,정말,MAG
경주 여행,128,대단,XR
경주 여행,128,습니다,EF
경주 여행,129,알라딘,NNP
경주 여행,129,100,SN
경주 여행,129,자평,NNG
경주 여행,129,일상,NNG
경주 여행,129,고고학,NNG
경주 여행,129,혼자,MAG
경주 여행,129,일상,NNG
경주 여행,129,고고학,NNG
경주 여행,129,혼자,MAG
경주 여행,129,개정,NNG
경주 여행,129,증보판,NNG
경주 여행,129,일상,NNG
경주 여행,129,고고학,NNG
경주 여행,129,시리즈,NNG
경주 여행,129,황윤,NNG
경주 여행,129,지음,NNG
경주 여행,129,고양이,NNG
경주 여행,129,2020,SN
경주 여행,129,10,SN
경주 여행,129,평점,NNG
경주 여행,129,신라,NNP
경주 여행,129,마니아,NNG
경주 여행,129,로부터,JKB
경주 여행,129,기라,NNG
경주 여행,129,관심,NNG
경주 여행,129,가요,NNG
경주 여행,129,고고학,NNG
경주 여행,129,관점,NNG
경주 여행,129,으로,JKB
경주 여행,130,석빙고,NNG
경주 여행,130,색다른,VA+ETM
경주 여행,130,볼거리,NNG
경주 여행,130,근처,NNG
경주 여행,130,안압,NNG
경주 여행,130,색다른,VA+ETM
경주 여행,130,볼거리,NNG
경주 여행,130,석빙고,NNG
경주 여행,130,이번,NNG
경주 여행,130,에서,JKB
경주 여행,130,다녀온,VV+ETM
경주 여행,130,석빙고,NNG
경주 여행,130,입니다,VCP+EF
경주 여행,130,석빙고,NNG
경주 여행,130,영조,NNG
경주 여행,130,만들,VV
경주 여행,130,일종,NNG
경주 여행,130,얼음,NNG
경주 여행,130,창고,NNG
경주 여행,130,근처,NNG
경주 여행,130,첨성대,NNG
경주 여행,130,비롯,XR
경주 여행,130,몰려,VV+EC
경주 여행,130,어서,EC
경주 여행,130,함께,MAG
경주 여행,131,가본,NNG
경주 여행,131,동궁,NNG
경주 여행,131,예쁜,VA+ETM
경주 여행,131,만나,VV
경주 여행,131,커피,NNG
경주 여행,131,열매,NNG
경주 여행,131,으면서,EC
경주 여행,131,노천온천,NNP
경주 여행,131,행복,NNG
경주 여행,132,황리,NNG
경주 여행,132,보문,NNG
경주 여행,132,단지,MAG
경주 여행,132,왕릉,NNG
경주 여행,132,탐방,NNG
경주 여행,132,데이트,NNG
경주 여행,132,코스,NNG
경주 여행,132,https,SL
경주 여행,132,youtu,SL
경주 여행,132,be,SL
경주 여행,132,nZzijKooIk,SL
경주 여행,132,황리,NNG
경주 여행,132,예쁘,VA
경주 여행,132,마음,NNG
경주 여행,132,낭만,NNG
경주 여행,132,으로,JKB
경주 여행,132,차오르,VV
경주 여행,132,경상도,NNP
경주 여행,132,에서,JKB
경주 여행,132,흔치,VA+EC
경주 여행,132,거리,NNG
경주 여행,132,바로,MAG
경주 여행,132,유적지,NNG
경주 여행,132,오래,MAG
경주 여행,132,한옥,NNG
경주 여행,132,고도,NNG
경주 여행,132,사뭇,MAG
경주 여행,132,어울리,VV
경주 여행,132,면서도,EC
경주 여행,133,밀면,NNP
경주 여행,133,에서,JKB
경주 여행,133,맛보,VV
경주 여행,133,가격,NNG
경주 여행,133,착해,VA+EC
경주 여행,133,5000,SN
경주 여행,133,비빔,NNG
경주 여행,133,물밀,VV
경주 여행,133,5000,SN
경주 여행,133,떡갈비,NNG
경주 여행,133,2000,SN
경주 여행,133,12,SN
경주 여행,133,000,SN
경주 여행,133,밥상,NNG
경주 여행,133,그리고,MAJ
경주 여행,133,뜨거운,VA+ETM
경주 여행,133,육수,NNG
경주 여행,133,까지,JX
경주 여행,133,평가,NNG
경주 여행,133,입맛,NNG
경주 여행,133,따라,VV+EC
경주 여행,133,취향,NNG
경주 여행,133,따루,MAG
경주 여행,133,따루,MAG
경주 여행,134,엑스,NNG
경주 여행,134,포대,NNG
경주 여행,134,공원,NNG
경주 여행,134,2025,SN
경주 여행,134,08,SN
경주 여행,134,16,SN
경주 여행,134,푸른,VA+ETM
경주 여행,134,애벌레,NNG
경주 여행,134,둘째,NR
경주 여행,134,보문호,NNP
경주 여행,134,주변,NNG
경주 여행,134,10,SN
경주 여행,134,엑스,NNG
경주 여행,134,포대,NNG
경주 여행,134,공원,NNG
경주 여행,134,입장,NNG
경주 여행,134,엑스포,NNG
경주 여행,134,기념관,NNG
경주 여행,134,천마,NNG
경주 여행,134,궁전,NNG
경주 여행,134,타워,NNG
경주 여행,134,솔거,NNG
경주 여행,134,미술관,NNG
경주 여행,134,자연사,NNG
경주 여행,134,박물관,NNG
경주 여행,135,2020,SN
경주 여행,135,동방역,NNP
경주 여행,135,능소화,NNG
경주 여행,135,서출지,NNG
경주 여행,135,경북,NNP
경주 여행,135,산림,NNG
경주 여행,135,연구원,NNG
경주 여행,135,2020,SN
경주 여행,135,25,SN
경주 여행,135,동방역,NNP
경주 여행,135,능소화,NNG
경주 여행,135,서출지,NNG
경주 여행,135,경북,NNP
경주 여행,135,산림,NNG
경주 여행,135,연구원,NNG
경주 여행,136,모녀,NNG
경주 여행,136,함께,MAG
경주 여행,136,바보,NNG
경주 여행,136,블로그,NNG
경주 여행,136,모녀,NNG
경주 여행,136,함께,MAG
경주 여행,136,2019,SN
경주 여행,136,10,SN
경주 여행,136,15,SN
경주 여행,136,첨성대,NNG
경주 여행,136,야생,NNG
경주 여행,136,단지,MAG
경주 여행,136,계림,NNG
경주 여행,136,월지,NNG
경주 여행,136,안압지,NNP
경주 여행,136,계림,NNP
경주 여행,136,월지,NNP
경주 여행,136,안압지,NNP
경주 여행,136,야경,NNG
경주 여행,136,박물관,NNG
경주 여행,136,10,SN
경주 여행,136,16,SN
경주 여행,136,김유신,NNP
경주 여행,136,장군,NNG
경주 여행,137,석굴암,NNG
경주 여행,137,2018,SN
경주 여행,137,10,SN
경주 여행,138,알라딘,NNP
경주 여행,138,100,SN
경주 여행,138,자평,NNG
경주 여행,138,일상,NNG
경주 여행,138,고고학,NNG
경주 여행,138,혼자,MAG
경주 여행,138,일상,NNG
경주 여행,138,고고학,NNG
경주 여행,138,혼자,MAG
경주 여행,138,개정,NNG
경주 여행,138,증보판,NNG
경주 여행,138,일상,NNG
경주 여행,138,고고학,NNG
경주 여행,138,시리즈,NNG
경주 여행,138,황윤,NNG
경주 여행,138,지음,NNG
경주 여행,138,고양이,NNG
경주 여행,138,2020,SN
경주 여행,138,10,SN
경주 여행,138,평점,NNG
경주 여행,138,삼국,NNG
경주 여행,138,시대,NNG
경주 여행,138,관한,VV+ETM
경주 여행,138,거의,MAG
경주 여행,138,모든,MM
경주 여행,138,자료,NNG
경주 여행,138,섭렵,NNG
경주 여행,138,소장,NNG
경주 여행,138,역사,NNG
경주 여행,138,학자,NNG
경주 여행,138,순수,NNG
경주 여행,138,시각,NNG
경주 여행,138,생생,XR
경주 여행,139,알라딘,NNP
경주 여행,139,일상,NNG
경주 여행,139,고고학,NNG
경주 여행,139,혼자,MAG
경주 여행,139,일상,NNG
경주 여행,139,고고학,NNG
경주 여행,139,혼자,MAG
경주 여행,139,개정,NNG
경주 여행,139,증보판,NNG
경주 여행,139,일상,NNG
경주 여행,139,고고학,NNG
경주 여행,139,시리즈,NNG
경주 여행,139,황윤,NNG
경주 여행,139,지음,NNG
경주 여행,139,고양이,NNG
경주 여행,139,2020,SN
경주 여행,139,10,SN
경주 여행,139,평점,NNG
경주 여행,139,수학,NNG
경주 여행,139,으로,JKB
경주 여행,139,추억,NNG
경주 여행,139,다시,MAG
경주 여행,139,한번,MAG
경주 여행,139,역사,NNG
경주 여행,139,그렇,VA
경주 여행,139,수록,EC
경주 여행,140,경비,NNG
경주 여행,140,혼자,NNG
경주 여행,140,떠난,VV+ETM
경주 여행,140,이동,NNG
경주 여행,140,수단,NNG
경주 여행,140,시외버스,NNG
경주 여행,140,버스,NNG
경주 여행,140,택시,NNG
경주 여행,140,시티투어,NNP
경주 여행,140,버스,NNG
경주 여행,140,Total,SL
경주 여행,140,13,SN
경주 여행,140,140,SN
경주 여행,140,기타,NNG
경주 여행,140,생필품,NNG
경주 여행,140,샴푸,NNG
경주 여행,140,린스,NNG
경주 여행,140,바디,NNG
경주 여행,140,워시,NNP
경주 여행,140,버블,NNG
경주 여행,140,490,SN
경주 여행,140,Total,SL
경주 여행,140,경비,NNG
경주 여행,140,148,SN
경주 여행,140,080,SN
경주 여행,141,경북,NNP
경주 여행,141,현대,NNG
경주 여행,141,호텔,NNG
경주 여행,141,현대,NNP
경주 여행,141,호텔,NNG
경주 여행,141,현대,NNG
경주 여행,141,호텔,NNG
경주 여행,141,보문,NNP
경주 여행,141,수상,NNG
경주 여행,141,공연장,NNG
경주 여행,141,보문관광단지,NNP
경주 여행,141,보문호,NNP
경주 여행,141,반길,VV+ETM
경주 여행,141,신라,NNP
경주 여행,141,컨트리클럽,NNG
경주 여행,141,숙박,NNG
경주 여행,141,현대,NNG
경주 여행,141,호텔,NNG
경주 여행,141,방문,NNG
경주 여행,141,일자,NNG
경주 여행,141,2016,SN
경주 여행,141,현대,NNG
경주 여행,141,호텔,NNG
경주 여행,141,경북,NNP
경주 여행,141,신평동,NNP
경주 여행,142,석굴암,NNG
경주 여행,142,불국사,NNG
경주 여행,142,09,SN
경주 여행,142,43,SN
경주 여행,142,석굴암,NNG
경주 여행,142,불국사,NNG
경주 여행,142,일시,NNG
경주 여행,142,2011,SN
경주 여행,142,22,SN
경주 여행,142,24,SN
경주 여행,142,장소,NNG
경주 여행,142,세째,NR
경주 여행,142,24,SN
경주 여행,142,석굴암,NNG
경주 여행,142,불국사,NNG
경주 여행,142,참여,NNG
경주 여행,142,우리,NP
경주 여행,142,가족,NNG
경주 여행,142,송국영,NNP
경주 여행,142,안종,NNP
경주 여행,142,송진주,NNP
경주 여행,142,김홍식,NNP
경주 여행,142,김연우,NNP
경주 여행,142,연주,NNP
경주 여행,142,조광민,NNP
경주 여행,143,대릉원,NNG
경주 여행,143,스탬프,NNG
경주 여행,143,투어,NNG
경주 여행,143,다섯,NR
경주 여행,143,이야기,NNG
경주 여행,143,대릉원,NNG
경주 여행,143,천마,NNG
경주 여행,143,경북,NNP
경주 여행,143,스탬프,NNG
경주 여행,143,투어,NNG
경주 여행,143,오릉,NNG
경주 여행,143,대릉원,NNG
경주 여행,143,천마총,NNG
경주 여행,143,오릉,NNG
경주 여행,143,교촌,NNG
경주 여행,143,마을,NNG
경주 여행,143,투어,NNG
경주 여행,143,마치,VV
경주 여행,143,다음,NNG
경주 여행,143,으로,JKB
경주 여행,143,찾아간,VV+ETM
경주 여행,143,바로,MAG
경주 여행,143,오릉,NNG
경주 여행,143,교촌,NNG
경주 여행,143,마을,NNG
경주 여행,143,면서,EC
경주 여행,143,조금,MAG
경주 여행,143,지치,VV
경주 여행,143,느낌,NNG
경주 여행,143,는데,EC
경주 여행,144,유적지,NNG
경주 여행,144,트레,NNP
경주 여행,144,대상지,NNG
경주 여행,144,유적지,NNG
경주 여행,144,트레,NNP
경주 여행,144,소재지,NNG
경주 여행,144,경북,NNP
경주 여행,144,2023,SN
경주 여행,144,10,SN
경주 여행,144,동궁,NNG
경주 여행,144,월지,NNG
경주 여행,144,반월,NNG
경주 여행,144,교촌,NNG
경주 여행,144,대릉원,NNG
경주 여행,144,44,SN
경주 여행,144,고분,NNG
경주 여행,144,분황사,NNG
경주 여행,144,황룡사,NNG
경주 여행,144,역사,NNG
경주 여행,144,문화원,NNG
경주 여행,144,동궁,NNG
경주 여행,144,월지,NNG
경주 여행,144,주차장,NNG
경주 여행,144,Km,SL
경주 여행,144,반월,NNG
경주 여행,144,에서,JKB
경주 여행,145,동궁,NNG
경주 여행,145,월지,NNG
경주 여행,145,안압지,NNP
경주 여행,145,야경,NNG
경주 여행,145,해외,NNG
경주 여행,145,이야기,NNG
경주 여행,145,후기,NNG
경주 여행,145,동궁,NNG
경주 여행,145,월지,NNG
경주 여행,145,안압지,NNP
경주 여행,145,야경,NNG
경주 여행,145,훌리아,NNP
경주 여행,145,2020,SN
경주 여행,145,25,SN
경주 여행,145,15,SN
경주 여행,145,17,SN
경주 여행,145,2019,SN
경주 여행,145,여름,NNG
경주 여행,145,사진,NNG
경주 여행,145,보관,NNG
경주 여행,145,구독,NNG
경주 여행,145,해외,NNG
경주 여행,145,이야기,NNG
경주 여행,145,후기,NNG
경주 여행,145,Related,SL
경주 여행,145,Articles,SL
경주 여행,146,2020,SN
경주 여행,146,06,SN
경주 여행,146,13,SN
경주 여행,146,14,SN
경주 여행,146,일요일,NNG
경주 여행,146,오전,NNG
경주 여행,146,오후,NNG
경주 여행,146,에서,JKB
경주 여행,146,고향,NNG
경주 여행,146,친구,NNG
경주 여행,146,함께,MAG
경주 여행,146,신라,NNP
경주 여행,146,대종,NNG
경주 여행,146,장맛비,NNG
경주 여행,146,시작,NNG
경주 여행,146,육월,NNP
경주 여행,146,중순,NNG
경주 여행,146,고향,NNG
경주 여행,146,친구,NNG
경주 여행,146,함께,MAG
경주 여행,146,에서,JKB
경주 여행,146,즐거운,VA+ETM
경주 여행,146,대릉원,NNG
경주 여행,146,돌담길,NNP
경주 여행,146,황리,NNG
경주 여행,147,이야기,NNG
경주 여행,147,계명,NNG
경주 여행,147,대학교,NNG
경주 여행,147,동산,NNG
경주 여행,147,병원,NNG
경주 여행,147,라고,EC
경주 여행,147,일자,NNG
경주 여행,147,2016,SN
경주 여행,147,인원,NNG
경주 여행,147,친구,NNG
경주 여행,147,함께,MAG
경주 여행,147,시외버스,NNG
경주 여행,147,터미널,NNG
경주 여행,147,경북,NNP
경주 여행,147,노서동,NNP
경주 여행,147,160,SN
경주 여행,147,전화,NNG
경주 여행,147,1666,SN
경주 여행,147,5599,SN
경주 여행,147,시외버스,NNG
경주 여행,147,터미널,NNG
경주 여행,148,알라딘,NNP
경주 여행,148,100,SN
경주 여행,148,자평,NNG
경주 여행,148,일상,NNG
경주 여행,148,고고학,NNG
경주 여행,148,혼자,MAG
경주 여행,148,일상,NNG
경주 여행,148,고고학,NNG
경주 여행,148,혼자,MAG
경주 여행,148,개정,NNG
경주 여행,148,증보판,NNG
경주 여행,148,일상,NNG
경주 여행,148,고고학,NNG
경주 여행,148,시리즈,NNG
경주 여행,148,황윤,NNG
경주 여행,148,지음,NNG
경주 여행,148,고양이,NNG
경주 여행,148,재미있,VA
경주 여행,148,길잡이,NNG
경주 여행,148,입니다,VCP+EF
경주 여행,148,풍부,XR
경주 여행,148,이해,NNG
경주 여행,149,코스,NNG
경주 여행,149,베스트,NNG
경주 여행,149,추천,NNG
경주 여행,149,top,SL
경주 여행,149,10,SN
경주 여행,149,코스,NNG
경주 여행,149,베스트,NNG
경주 여행,149,추천,NNG
경주 여행,149,top,SL
경주 여행,149,10,SN
경주 여행,149,코스,NNG
경주 여행,149,베스트,NNG
경주 여행,149,추천,NNG
경주 여행,149,top,SL
경주 여행,149,10,SN
경주 여행,149,소개,NNG
경주 여행,149,합니다,XSV+EC
경주 여행,149,황리,NNG
경주 여행,149,상호,NNG
경주 여행,149,황리,NNG
경주 여행,149,주소,NNG
경주 여행,149,경상북도,NNP
경주 여행,149,황남동,NNP
경주 여행,149,280,SN
경주 여행,149,전화,NNG
경주 여행,149,번호,NNG
경주 여행,149,입력,NNG
경주 여행,149,관련,NNG
경주 여행,149,키워드,NNP
경주 여행,149,키워드,NNP
경주 여행,150,코스,NNG
경주 여행,150,뚜벅,MAG
경주 여행,150,불국사,NNP
경주 여행,150,석굴암,NNG
경주 여행,150,중교,NNG
경주 여행,150,naver,SL
경주 여행,150,com,SL
경주 여행,150,loveartlove,SL
경주 여행,150,223054447834,SN
경주 여행,150,다시,MAG
경주 여행,150,서울,NNP
경주 여행,150,올라갈,VV+ETM
경주 여행,150,불국사,NNP
경주 여행,150,불국사,NNP
경주 여행,150,국보,NNG
경주 여행,150,다보탑,NNG
경주 여행,150,석가탑,NNG
경주 여행,150,석굴암,NNG
경주 여행,150,입장료,NNG
경주 여행,151,불국사,NNG
경주 여행,151,스탬프,NNG
경주 여행,151,투어,NNG
경주 여행,151,이야기,NNG
경주 여행,151,불국사,NNP
경주 여행,151,석굴암,NNG
경주 여행,151,경북,NNP
경주 여행,151,스탬프,NNG
경주 여행,151,투어,NNG
경주 여행,151,가을,NNG
경주 여행,151,불국사,NNG
경주 여행,151,석굴암,NNG
경주 여행,151,동리,NNG
경주 여행,151,문학관,NNG
경주 여행,151,구경,NNG
경주 여행,151,마치,VV
경주 여행,151,다음,NNG
경주 여행,151,으로,JKB
경주 여행,151,장소,NNG
경주 여행,151,핵심,NNG
경주 여행,151,메카,NNP
경주 여행,151,바로,MAG
경주 여행,151,불국사,NNP
경주 여행,151,석굴암,NNG
경주 여행,152,황리,NNG
경주 여행,152,한옥,NNG
경주 여행,152,카페,NNG
경주 여행,152,추천,NNG
경주 여행,152,카페,NNP
경주 여행,152,아덴,NNP
경주 여행,152,카페,NNP
경주 여행,152,아덴,NNP
경주 여행,152,위치,NNG
경주 여행,152,경북,NNP
경주 여행,152,사정,NNG
경주 여행,152,57,SN
경주 여행,152,운영,NNG
경주 여행,152,시간,NNG
경주 여행,152,매일,MAG
경주 여행,152,10,SN
경주 여행,152,와서,VV+EC
경주 여행,152,으로,JKB
경주 여행,152,채울,VV+ETM
경주 여행,152,어서,EC
경주 여행,152,어요,EF
경주 여행,152,실시간,NNG
경주 여행,152,예보,NNG
경주 여행,152,너무,MAG
경주 여행,152,커피,NNG
경주 여행,152,아덴,NNP
경주 여행,152,시그,NNP
경주 여행,153,알라딘,NNP
경주 여행,153,100,SN
경주 여행,153,자평,NNG
경주 여행,153,일상,NNG
경주 여행,153,고고학,NNG
경주 여행,153,혼자,MAG
경주 여행,153,일상,NNG
경주 여행,153,고고학,NNG
경주 여행,153,혼자,MAG
경주 여행,153,개정,NNG
경주 여행,153,증보판,NNG
경주 여행,153,일상,NNG
경주 여행,153,고고학,NNG
경주 여행,153,시리즈,NNG
경주 여행,153,황윤,NNG
경주 여행,153,지음,NNG
경주 여행,153,고양이,NNG
경주 여행,153,2020,SN
경주 여행,153,10,SN
경주 여행,153,평점,NNG
경주 여행,153,대한,VV+ETM
경주 여행,153,아름다움,VA+ETN
경주 여행,153,느낄,VV+ETM
경주 여행,153,기대,NNG
경주 여행,153,됩니다,XSV+EC
경주 여행,154,알라딘,NNP
경주 여행,154,서재,NNP
경주 여행,154,필수,NNG
경주 여행,154,필요,NNG
경주 여행,154,지식,NNG
경주 여행,154,설명,NNG
경주 여행,154,이해,NNG
경주 여행,154,사진,NNG
경주 여행,154,정보,NNG
경주 여행,154,가득,MAG
경주 여행,154,서울,NNP
경주 여행,154,이어,MAG
경주 여행,154,역사,NNG
경주 여행,154,꿈꾸,VV
경주 여행,154,한옥,NNG
경주 여행,154,에서,JKB
경주 여행,154,독서,NNG
경주 여행,154,모임,NNG
경주 여행,154,다가,EC
경주 여행,154,바로,MAG
경주 여행,154,주문,NNG
경주 여행,154,역사,NNG
경주 여행,154,예정,NNG
경주 여행,155,에서,JKB
경주 여행,155,걸어서,VV+EC
경주 여행,155,대릉원,NNG
경주 여행,155,까지,JX
경주 여행,155,대릉원,NNG
경주 여행,155,담장,NNG
경주 여행,155,2018,SN
경주 여행,155,11,SN
경주 여행,155,이번,NNG
경주 여행,155,천천히,MAG
경주 여행,155,걸으며,VV+EC
경주 여행,155,가을,NNG
경주 여행,155,만끽,NNG
경주 여행,155,컨셉,NNG
경주 여행,155,마침,MAG
경주 여행,155,가을,NNG
경주 여행,155,분위기,NNG
경주 여행,155,한껏,MAG
경주 여행,155,고조,NNG
경주 여행,155,시켜,XSV+EC
경주 여행,155,벚나무,NNG
경주 여행,155,좌우,NNG
경주 여행,155,어서,EC
경주 여행,155,마다,JX
경주 여행,155,가지,VV
경주 여행,155,와서,VV+EC
경주 여행,156,Knowledge,SL
경주 여행,156,Box,SL
경주 여행,156,슈만,NNP
경주 여행,156,클라라,NNP
경주 여행,156,도착,NNG
경주 여행,156,제일,MAG
경주 여행,156,먼저,MAG
경주 여행,156,슈만,NNP
경주 여행,156,클라라,NNP
경주 여행,156,라는,VCP+ETM
경주 여행,156,cafe,SL
경주 여행,156,위치,NNG
경주 여행,156,요기,NP
경주 여행,156,여기,NP
경주 여행,156,버스,NNG
경주 여행,156,려고,EC
경주 여행,156,는데,EC
경주 여행,156,버스,NNG
경주 여행,156,너무,MAG
경주 여행,156,와서,VV+EC
경주 여행,156,택시,NNG
경주 여행,156,그러나,MAJ
경주 여행,156,다음,NNG
경주 여행,156,문제,NNG
경주 여행,156,계속,MAG
경주 여행,157,2303,SN
경주 여행,157,봄꽃,NNG
경주 여행,157,습니다,EF
경주 여행,157,벌써,MAG
경주 여행,157,마지막,NNG
경주 여행,157,월요일,NNG
경주 여행,157,찾아간,VV+ETM
경주 여행,157,벚꽃,NNG
경주 여행,157,상춘객,NNG
경주 여행,157,으로,JKB
경주 여행,157,많이,MAG
경주 여행,157,붐볐,VV+EP
경주 여행,157,습니다,EF
경주 여행,157,에서,JKB
경주 여행,157,점심,NNG
경주 여행,157,집사람,NNG
경주 여행,157,국도,NNG
경주 여행,157,천천히,MAG
경주 여행,157,올라가,VV
경주 여행,157,곳곳,NNG
경주 여행,157,벚꽃,NNG
경주 여행,157,자랑,NNG
경주 여행,157,열중,NNG
경주 여행,158,황리,NNG
경주 여행,158,맛집,NNG
경주 여행,158,여도,NNG
경주 여행,158,영업,NNG
경주 여행,158,종료,NNG
경주 여행,158,오늘,NNG
경주 여행,158,맛집,NNG
경주 여행,158,황리,NNG
경주 여행,158,맛집,NNG
경주 여행,158,여주,NNG
경주 여행,158,이야기,NNG
경주 여행,158,함께,MAG
경주 여행,158,해요,VV+EF
경주 여행,158,다만,MAJ
경주 여행,158,현재,MAG
경주 여행,158,여도,NNG
경주 여행,158,다는,ETM
경주 여행,158,저희,NP
경주 여행,158,기록,NNG
경주 여행,158,해서,VV+EC
경주 여행,158,그냥,MAG
경주 여행,158,포스팅,NNP
경주 여행,158,진행,NNG
경주 여행,158,참고,NNG
경주 여행,158,세요,EP+EF
경주 여행,158,한옥,NNP
경주 여행,158,외관,NNG
경주 여행,158,눈길,NNG
경주 여행,159,황리,NNG
경주 여행,159,주전부리,NNG
경주 여행,159,황금,NNG
경주 여행,159,황남,NNG
경주 여행,159,옥수수,NNG
경주 여행,159,청년,NNG
경주 여행,159,분식,NNG
경주 여행,159,황리,NNG
경주 여행,159,주전부리,NNG
경주 여행,159,저녁,NNG
경주 여행,159,출출,XR
경주 여행,159,해서,XSA+EC
경주 여행,159,황리,NNG
경주 여행,159,주전부리,NNG
경주 여행,159,우선,MAG
경주 여행,159,급한,VA+ETM
경주 여행,159,결론,NNG
경주 여행,159,부터,JX
경주 여행,159,자면,EC
경주 여행,159,청년,NNG
경주 여행,159,분식,NNG
경주 여행,159,황남,NNG
경주 여행,159,옥수수,NNG
경주 여행,159,모두,MAG
경주 여행,159,아쉽,VA
경주 여행,159,청년,NNG
경주 여행,159,분식,NNG
경주 여행,159,쥬얼,NNP
경주 여행,159,우릴,VV+ETM
경주 여행,159,유혹,NNG
경주 여행,159,뭔가,NP+VCP+EC
경주 여행,160,13,SN
경주 여행,160,성동,NNG
경주 여행,160,시장,NNG
경주 여행,160,구경,NNG
경주 여행,160,가을,NNG
경주 여행,160,기차,NNG
경주 여행,160,피날레,NNG
경주 여행,160,2018,SN
경주 여행,160,11,SN
경주 여행,160,즐거웠,VA+EP
경주 여행,160,가을,NNG
경주 여행,160,기차,NNG
경주 여행,160,단풍,NNG
경주 여행,160,맘껏,MAG
경주 여행,160,누리,VV
경주 여행,160,돌아가,VV
경주 여행,160,노란,VA+ETM
경주 여행,160,은행,NNG
경주 여행,160,낙엽,NNG
경주 여행,160,올려,VV+EC
경주 여행,160,어야,EC
경주 여행,160,는데,EC
경주 여행,160,언니,NNG
경주 여행,160,수고,NNG
경주 여행,160,어염,EF
경주 여행,160,숙소,NNG
경주 여행,160,변경,NNG
경주 여행,160,지도자,NNG
경주 여행,160,언니,NNG
경주 여행,160,짝짝,MAG
경주 여행,161,첨성대,NNG
경주 여행,161,대릉원,NNG
경주 여행,161,주차,NNG
경주 여행,161,주차장,NNG
경주 여행,161,대릉원,NNG
경주 여행,161,주차장,NNG
경주 여행,161,여기,NP
경주 여행,161,매표,NNG
경주 여행,161,해야,VV+EC
경주 여행,161,들어갈,VV+ETM
경주 여행,161,어서,EC
경주 여행,161,그냥,MAG
경주 여행,161,혼자,NNG
경주 여행,161,굳이,MAG
경주 여행,161,들어갈,VV+ETM
경주 여행,161,필요,NNG
경주 여행,161,느꼈,VV+EP
경주 여행,161,네요,EF
경주 여행,161,편하,VA
경주 여행,161,드라이브,NNG
경주 여행,161,둘러본,VV+ETM
경주 여행,161,그리고,MAJ
경주 여행,161,그곳,NP
경주 여행,161,에서,JKB
경주 여행,161,만난,VV+ETM
경주 여행,161,첨성대,NNG
경주 여행,162,안녕,IC
경주 여행,162,2014,SN
경주 여행,162,2014,SN
경주 여행,162,마지막,NNG
경주 여행,162,에서,JKB
경주 여행,162,멋진,VA+ETM
경주 여행,162,선물,NNG
경주 여행,162,눈발,NNG
경주 여행,162,날리,VV
경주 여행,162,시작,NNG
경주 여행,162,한다,XSV+EF
경주 여행,162,그리고,MAJ
경주 여행,162,금방,MAG
경주 여행,162,하얀,VA+ETM
경주 여행,162,세상,NNG
경주 여행,162,으로,JKB
경주 여행,162,변한다,VV+EC
경주 여행,162,눈길,NNG
경주 여행,162,산책,NNG
경주 여행,162,불국사,NNP
경주 여행,162,에서,JKB
경주 여행,162,기차,NNG
경주 여행,162,마무리,NNG
경주 여행,162,한다,XSV+EF
경주 여행,162,다시,MAG
경주 여행,162,화창,XR
경주 여행,162,해진,XSA+EC+VX+ETM
경주 여행,162,하늘,NNG
경주 여행,163,야경,NNG
경주 여행,163,다른,MM
경주 여행,163,매력,NNG
경주 여행,163,정교,NNG
경주 여행,163,분위기,NNG
경주 여행,163,저녁,NNG
경주 여행,163,정교,NNG
경주 여행,163,방문,NNG
경주 여행,163,추천,NNG
경주 여행,163,드립니다,VV+EF
경주 여행,163,켜진,VV+ETM
경주 여행,163,정교,NNG
경주 여행,163,신나,VV
경주 여행,163,사진,NNG
경주 여행,163,정교,NNG
경주 여행,163,야경,NNG
경주 여행,163,마지막,NNG
경주 여행,163,으로,JKB
경주 여행,163,떠나갑니다,VV+EF
경주 여행,163,여기,NP
경주 여행,163,신라,NNP
경주 여행,163,니까,VCP+EC
경주 여행,163,신라,NNP
경주 여행,163,해장국,NNG
경주 여행,163,즐거웠,VA+EP
경주 여행,163,습니다,EF
경주 여행,164,황남,NNG
경주 여행,164,맷돌,NNG
경주 여행,164,순두부,NNG
경주 여행,164,두부,NNG
경주 여행,164,보쌈,NNG
경주 여행,164,제육,NNG
경주 여행,164,순두부찌개,NNG
경주 여행,164,그리고,MAJ
경주 여행,164,황남,NNG
경주 여행,164,맷돌,NNG
경주 여행,164,순두부,NNG
경주 여행,164,영업시간,NNG
경주 여행,164,30,SN
경주 여행,164,까지,JX
경주 여행,164,황리,NNG
경주 여행,164,시작,NNG
경주 여행,164,으로,JKB
경주 여행,164,어지간,XR
경주 여행,164,밥집,NNG
경주 여행,164,영업,NNG
경주 여행,164,마감,NNG
경주 여행,164,진짜,MAG
경주 여행,164,고기,NNG
경주 여행,164,맛있,VA
경주 여행,164,두부,NNG
경주 여행,164,순두부찌개,NNG
경주 여행,164,맛나,VA
경주 여행,164,호랑이,NNG
경주 여행,164,막걸리,NNG
경주 여행,164,완전,MAG
경주 여행,164,맛있,VA
경주 여행,164,어서,EC
경주 여행,165,마치,VV
경주 여행,165,울주,NNP
경주 여행,165,새벽,NNG
경주 여행,165,다가,EC
경주 여행,165,그친다,VV+EC
경주 여행,165,하늘,NNG
경주 여행,165,예쁘다,NNP
경주 여행,165,월드,NNG
경주 여행,165,판다,NNG
경주 여행,165,에서,JKB
경주 여행,165,점심,NNG
경주 여행,165,맛있,VA
경주 여행,165,친절,NNG
경주 여행,165,떡갈비,NNG
경주 여행,165,맛나,VA
경주 여행,165,계란찜,NNG
경주 여행,165,풍경,NNG
경주 여행,165,예쁘,VA
경주 여행,165,행복,NNG
경주 여행,165,울주,NNP
경주 여행,166,서출지,NNG
경주 여행,166,23,SN
경주 여행,166,28,SN
경주 여행,166,더운,VA+ETM
경주 여행,166,날씨,NNG
경주 여행,166,촬영,NNG
경주 여행,166,임했,VV+EP
경주 여행,166,사진가,NNG
경주 여행,166,에게,JKB
경주 여행,166,미안,NNG
경주 여행,166,생각,NNG
경주 여행,166,더운,VA+ETM
경주 여행,166,날씨,NNG
경주 여행,166,여러,MM
경주 여행,166,촬영,NNG
경주 여행,166,대작,NNG
경주 여행,166,으시,EP
경주 여행,166,무사히,MAG
경주 여행,166,습니다,EF
경주 여행,167,알라딘,NNP
경주 여행,167,100,SN
경주 여행,167,자평,NNG
경주 여행,167,우리,NP
경주 여행,167,아이,IC
경주 여행,167,우리,NP
경주 여행,167,아이,IC
경주 여행,167,세계,NNG
경주 여행,167,문화유산,NNG
경주 여행,167,아서,EC
경주 여행,167,개정판,NNG
경주 여행,167,답사,NNG
경주 여행,167,바로,MAG
경주 여행,167,역사,NNG
경주 여행,167,바로,MAG
경주 여행,167,박광일,NNP
경주 여행,167,전향,NNG
경주 여행,167,이야기,NNG
경주 여행,167,기획,NNG
경주 여행,167,성당,NNG
경주 여행,167,2011,SN
경주 여행,167,평점,NNG
경주 여행,167,초등,NNG
경주 여행,167,학교,NNG
경주 여행,167,학생,NNG
경주 여행,167,수학,NNG
경주 여행,168,알라딘,NNP
경주 여행,168,100,SN
경주 여행,168,자평,NNG
경주 여행,168,일상,NNG
경주 여행,168,고고학,NNG
경주 여행,168,혼자,MAG
경주 여행,168,일상,NNG
경주 여행,168,고고학,NNG
경주 여행,168,혼자,MAG
경주 여행,168,개정,NNG
경주 여행,168,증보판,NNG
경주 여행,168,일상,NNG
경주 여행,168,고고학,NNG
경주 여행,168,시리즈,NNG
경주 여행,168,황윤,NNG
경주 여행,168,지음,NNG
경주 여행,168,고양이,NNG
경주 여행,168,묻힌,VV+ETM
경주 여행,168,타임캡슐,NNG
경주 여행,168,신라,NNG
경주 여행,168,특별,NNG
경주 여행,168,시간,NNG
경주 여행,168,네요,EC
경주 여행,169,오늘,NNG
경주 여행,169,날씨,NNG
경주 여행,169,더우니,VA+EC
경주 여행,169,마을,NNG
경주 여행,169,식당,NNG
경주 여행,169,에서,JKB
경주 여행,169,맛난,VA+ETM
경주 여행,169,양념,NNG
경주 여행,169,게장,NNG
경주 여행,169,점심,NNG
경주 여행,169,힐튼,NNP
경주 여행,169,호텔,NNG
경주 여행,169,에서,JKB
경주 여행,169,커피,NNG
경주 여행,169,한잔,NNG
경주 여행,169,보문,NNG
경주 여행,169,단지,MAG
경주 여행,169,푸른,VA+ETM
경주 여행,169,나무,NNG
경주 여행,169,감상,NNG
경주 여행,169,커피,NNG
경주 여행,169,한잔,NNG
경주 여행,169,스콘,NNP
경주 여행,169,행복,NNG
경주 여행,169,월드,NNG
경주 여행,169,관람,NNG
경주 여행,169,보인다,VV+EF
경주 여행,169,한번,MAG
경주 여행,169,볼까,EC+VX+EC
경주 여행,170,압지,NNG
경주 여행,170,야경,NNG
경주 여행,170,투어,NNG
경주 여행,170,방문,NNG
경주 여행,170,아마도,MAG
경주 여행,170,보름달,NNG
경주 여행,170,보다,JKB
경주 여행,170,하늘,NNG
경주 여행,170,황청,NNG
경주 여행,170,연못,NNG
경주 여행,170,빠져,VV+EC
경주 여행,170,야경,NNG
경주 여행,170,함께,MAG
경주 여행,170,정말,MAG
경주 여행,170,멋진,VA+ETM
경주 여행,170,야경,NNG
경주 여행,170,보여,VV+EC
경주 여행,170,이래서,VV+EC
경주 여행,170,마다,JX
경주 여행,170,이곳,NP
경주 여행,170,압지,NNG
경주 여행,170,하나,NR
경주 여행,170,보다,JKB
경주 여행,171,알라딘,NNP
경주 여행,171,100,SN
경주 여행,171,자평,NNG
경주 여행,171,우리,NP
경주 여행,171,아이,IC
경주 여행,171,우리,NP
경주 여행,171,아이,IC
경주 여행,171,에서,JKB
경주 여행,171,신라,NNG
경주 여행,171,답사,NNG
경주 여행,171,바로,MAG
경주 여행,171,역사,NNG
경주 여행,171,바로,MAG
경주 여행,171,13,SN
경주 여행,171,박광일,NNP
경주 여행,171,2004,SN
경주 여행,171,평점,NNG
경주 여행,171,구판,NNG
경주 여행,171,절판,NNG
경주 여행,171,아이,NNG
경주 여행,171,눈높이,NNG
경주 여행,171,맞춰진,VV+EC+VX+ETM
경주 여행,172,알라딘,NNP
경주 여행,172,100,SN
경주 여행,172,자평,NNG
경주 여행,172,일상,NNG
경주 여행,172,고고학,NNG
경주 여행,172,혼자,MAG
경주 여행,172,일상,NNG
경주 여행,172,고고학,NNG
경주 여행,172,혼자,MAG
경주 여행,172,개정,NNG
경주 여행,172,증보판,NNG
경주 여행,172,일상,NNG
경주 여행,172,고고학,NNG
경주 여행,172,시리즈,NNG
경주 여행,172,황윤,NNG
경주 여행,172,지음,NNG
경주 여행,172,고양이,NNG
경주 여행,172,2020,SN
경주 여행,172,10,SN
경주 여행,172,평점,NNG
경주 여행,172,유익,NNG
경주 여행,172,아요,EC
경주 여행,173,알라딘,NNP
경주 여행,173,역사,NNG
경주 여행,173,관심,NNG
경주 여행,173,시작,NNG
경주 여행,173,해서,XSV+EC
경주 여행,173,함께,MAG
경주 여행,173,어요,EF
경주 여행,173,길래,EC
경주 여행,173,생각,NNG
경주 여행,173,는데,EC
경주 여행,173,그리,VV
경주 여행,173,마음,NNG
경주 여행,173,접하,VV
경주 여행,173,어요,EF
경주 여행,173,기억,NNG
경주 여행,173,가지,VV
경주 여행,173,는데,EC
경주 여행,173,아이,NNG
경주 여행,173,신라,NNG
경주 여행,173,배운,VV+ETM
경주 여행,173,그런지,VA+EC
경주 여행,173,동안,NNG
경주 여행,173,배운,VV+ETM
경주 여행,173,내용,NNG
경주 여행,173,생각,NNG
경주 여행,173,유적지,NNG
경주 여행,174,매화,NNG
경주 여행,174,산수유,NNG
경주 여행,174,만발,NNG
경주 여행,174,보문,NNG
경주 여행,174,단지,MAG
경주 여행,174,호수,NNG
경주 여행,174,산책,NNG
경주 여행,174,행복,NNG
경주 여행,174,마무리,NNG
경주 여행,175,알라딘,NNP
경주 여행,175,100,SN
경주 여행,175,자평,NNG
경주 여행,175,일상,NNG
경주 여행,175,고고학,NNG
경주 여행,175,혼자,MAG
경주 여행,175,일상,NNG
경주 여행,175,고고학,NNG
경주 여행,175,혼자,MAG
경주 여행,175,일상,NNG
경주 여행,175,시리즈,NNG
경주 여행,175,황윤,NNG
경주 여행,175,지음,NNG
경주 여행,175,고양이,NNG
경주 여행,175,2020,SN
경주 여행,175,10,SN
경주 여행,175,평점,NNG
경주 여행,175,마니아,NNG
경주 여행,175,알려,VV+EC
경주 여행,175,탐방기,NNG
경주 여행,175,그런지,VA+EC
경주 여행,175,대한,VV+ETM
경주 여행,175,알찬,VA+ETM
경주 여행,175,설명,NNG
경주 여행,175,습니다,EF
경주 여행,176,알라딘,NNP
경주 여행,176,100,SN
경주 여행,176,자평,NNG
경주 여행,176,일상,NNG
경주 여행,176,고고학,NNG
경주 여행,176,혼자,MAG
경주 여행,176,일상,NNG
경주 여행,176,고고학,NNG
경주 여행,176,혼자,MAG
경주 여행,176,개정,NNG
경주 여행,176,증보판,NNG
경주 여행,176,일상,NNG
경주 여행,176,고고학,NNG
경주 여행,176,시리즈,NNG
경주 여행,176,황윤,NNG
경주 여행,176,지음,NNG
경주 여행,176,고양이,NNG
경주 여행,176,2020,SN
경주 여행,176,10,SN
경주 여행,176,평점,NNG
경주 여행,176,아름다운,VA+ETM
경주 여행,176,풍경,NNG
경주 여행,176,고고학,NNG
경주 여행,176,우리,NP
경주 여행,176,지적,NNG
경주 여행,176,힐링,NNG
경주 여행,176,안겨,VV+EC
경주 여행,176,줘서,VX+EC
경주 여행,177,주상,NNG
경주 여행,177,절리,NNG
경주 여행,177,스탬프,NNG
경주 여행,177,투어,NNG
경주 여행,177,목적지,NNG
경주 여행,177,주상,NNG
경주 여행,177,스탬프,NNG
경주 여행,177,투어,NNG
경주 여행,177,주상,NNG
경주 여행,177,절리,NNG
경주 여행,177,해변,NNG
경주 여행,177,둘레길,NNP
경주 여행,177,주상,NNG
경주 여행,177,절리,NNG
경주 여행,177,파도,NNG
경주 여행,177,소리,NNG
경주 여행,177,드디어,MAG
경주 여행,177,시작,NNG
경주 여행,177,대한,VV+ETM
경주 여행,177,때문,NNB
경주 여행,177,을까,EC
경주 여행,177,오랫만,NNG
경주 여행,177,밤잠,NNG
경주 여행,177,설치,VV
경주 여행,177,다가,EC
경주 여행,177,시계,NNG
경주 여행,177,조금,MAG
경주 여행,177,시간,NNG
경주 여행,178,FeRed,SL
경주 여행,178,Conundrum,SL
경주 여행,178,of,SL
경주 여행,178,Life,SL
경주 여행,178,불국사,NNP
경주 여행,178,황남빵,NNP
경주 여행,178,교리,NNG
경주 여행,178,김밥,NNG
경주 여행,178,내소,NNG
경주 여행,178,Theme,SL
경주 여행,178,불국사,NNP
경주 여행,178,황남빵,NNP
경주 여행,178,교리,NNG
경주 여행,178,김밥,NNG
경주 여행,178,산내,NNG
경주 여행,178,소고기,NNG
경주 여행,178,울산,NNP
경주 여행,178,Comments,SL
경주 여행,178,후배,NNG
경주 여행,178,녀석,NNB
경주 여행,178,같이,MAG
경주 여행,178,울산,NNP
경주 여행,178,불국사,NNG
경주 여행,178,에서,JKB
경주 여행,178,천마총,NNG
경주 여행,178,에서,JKB
경주 여행,178,첨성대,NNG
경주 여행,178,으로,JKB
경주 여행,178,내려오,VV
경주 여행,178,다가,EC
경주 여행,178,나무,NNG
경주 여행,178,그늘,NNG
경주 여행,178,내부,NNG
경주 여행,178,전경,NNG
경주 여행,179,알라딘,NNP
경주 여행,179,100,SN
경주 여행,179,자평,NNG
경주 여행,179,일상,NNG
경주 여행,179,고고학,NNG
경주 여행,179,혼자,MAG
경주 여행,179,개정,NNG
경주 여행,179,증보판,NNG
경주 여행,179,일상,NNG
경주 여행,179,고고학,NNG
경주 여행,179,시리즈,NNG
경주 여행,179,황윤,NNG
경주 여행,179,지음,NNG
경주 여행,179,고양이,NNG
경주 여행,179,2020,SN
경주 여행,179,10,SN
경주 여행,179,평점,NNG
경주 여행,179,어려서,VA+EC
경주 여행,179,그냥,MAG
경주 여행,179,학교,NNG
경주 여행,179,에서,JKB
경주 여행,179,지금,MAG
경주 여행,179,커서,VV+EC
경주 여행,179,공부,NNG
경주 여행,179,다른,MM
경주 여행,179,느낌,NNG
경주 여행,179,습니다,EF
경주 여행,179,가보세요,NNG
경주 여행,180,알라딘,NNP
경주 여행,180,100,SN
경주 여행,180,자평,NNG
경주 여행,180,일상,NNG
경주 여행,180,고고학,NNG
경주 여행,180,혼자,MAG
경주 여행,180,혼자,NNG
경주 여행,180,개정,NNG
경주 여행,180,증보판,NNG
경주 여행,180,일상,NNG
경주 여행,180,고고학,NNG
경주 여행,180,시리즈,NNG
경주 여행,180,황윤,NNG
경주 여행,180,지음,NNG
경주 여행,180,고양이,NNG
경주 여행,180,2020,SN
경주 여행,180,10,SN
경주 여행,180,평점,NNG
경주 여행,180,이야기,NNG
경주 여행,180,봐도,VV+EC
경주 여행,180,봐도,VX+EC
경주 여행,180,들어도,VV+EC
경주 여행,180,들어도,VV+EC
경주 여행,180,재미있,VA
경주 여행,180,습니다,EF
경주 여행,180,작가,NNG
경주 여행,180,혼자,NNG
경주 여행,180,기대,NNG
경주 여행,180,봅니다,VX+EC
경주 여행,181,매화꽃,NNG
경주 여행,181,산수유,NNG
경주 여행,181,예쁜,VA+ETM
경주 여행,181,간다,VV+EC
경주 여행,181,날씨,NNG
경주 여행,181,따뜻,XR
경주 여행,181,바람,NNG
경주 여행,181,많이,MAG
경주 여행,181,햇살,NNG
경주 여행,181,따뜻,XR
경주 여행,181,점심,NNG
경주 여행,181,궁금,XR
경주 여행,181,했었,VX+EP
경주 여행,181,황룡,NNG
경주 여행,181,돌아봤,VV+EP
경주 여행,181,동국,NNG
경주 여행,181,재단,NNG
경주 여행,181,에서,JKB
경주 여행,181,운영,NNG
경주 여행,181,연수원,NNG
경주 여행,181,인데,VCP+EC
경주 여행,181,웅장,XR
경주 여행,181,꾸며져,VV+EC+VX+EC
경주 여행,182,맷돌,NNG
경주 여행,182,순부,NNG
경주 여행,182,옆집,NNG
경주 여행,182,정화,NNG
경주 여행,182,송이,NNG
경주 여행,182,순두부,NNG
경주 여행,182,맛집,NNG
경주 여행,182,옆집,NNG
경주 여행,182,아니,VCN
경주 여행,182,라도,EC
경주 여행,182,가격,NNG
경주 여행,182,비싸,VA
경주 여행,182,니까,EC
경주 여행,182,기본,NNG
경주 여행,182,반찬,NNG
경주 여행,182,생선,NNG
경주 여행,182,구이,NNG
경주 여행,182,나와서,VV+EC
경주 여행,182,후배,NNG
경주 여행,182,맛있,VA
경주 여행,182,섬세,XR
경주 여행,182,발라,VV+EC
경주 여행,182,하얀,VA+ETM
경주 여행,182,순두부,NNG
경주 여행,182,다니,EC
경주 여행,182,순두부,NNG
경주 여행,182,처음,MAG
경주 여행,182,본다,VV+EC
경주 여행,182,파전,NNG
경주 여행,182,하나,NR
경주 여행,182,주문,NNG
경주 여행,182,새송이,NNP
경주 여행,182,탁주,NNG
경주 여행,182,주문,NNG
경주 여행,182,낮술,NNG
경주 여행,183,남산,NNP
경주 여행,183,칠불암,NNG
경주 여행,183,케이트,NNP
경주 여행,183,입니다,VCP+EF
경주 여행,183,진입,NNG
경주 여행,183,읍니다,EC
경주 여행,183,서라벌,NNP
경주 여행,183,휴게소,NNG
경주 여행,183,입니다,VCP+EF
경주 여행,183,통일전,NNP
경주 여행,183,주차장,NNG
경주 여행,183,주차,NNG
경주 여행,183,아니하,VX
경주 여행,183,염불,NNG
경주 여행,183,사지,NNG
경주 여행,183,삼층석탑,NNP
경주 여행,183,주차,NNG
경주 여행,183,여기,NP
경주 여행,183,일찍,MAG
경주 여행,183,도착,NNG
경주 여행,183,여야,EC
경주 여행,183,주차,NNG
경주 여행,183,아침,NNG
경주 여행,184,알라딘,NNP
경주 여행,184,100,SN
경주 여행,184,자평,NNG
경주 여행,184,일상,NNG
경주 여행,184,고고학,NNG
경주 여행,184,혼자,MAG
경주 여행,184,일상,NNG
경주 여행,184,고고학,NNG
경주 여행,184,혼자,MAG
경주 여행,184,개정,NNG
경주 여행,184,증보판,NNG
경주 여행,184,일상,NNG
경주 여행,184,고고학,NNG
경주 여행,184,시리즈,NNG
경주 여행,184,황윤,NNG
경주 여행,184,지음,NNG
경주 여행,184,고양이,NNG
경주 여행,184,2020,SN
경주 여행,184,10,SN
경주 여행,184,평점,NNG
경주 여행,184,이런,MM
경주 여행,184,너무,MAG
경주 여행,184,아함,IC+ETN
경주 여행,184,더구나,MAJ
경주 여행,184,라서,VCP+EC
경주 여행,184,너무,MAG
경주 여행,184,마음,NNG
경주 여행,184,중학교,NNG
경주 여행,184,수학,NNG
경주 여행,184,으로,JKB
경주 여행,185,국내,NNG
경주 여행,185,사진,NNG
경주 여행,185,국내,NNG
경주 여행,185,테마,NNG
경주 여행,185,Theodor,SL
경주 여행,185,2017,SN
경주 여행,185,18,SN
경주 여행,185,08,SN
경주 여행,185,11,SN
경주 여행,185,벚꽃,NNG
경주 여행,185,거의,MAG
경주 여행,185,떨어지,VV
경주 여행,185,시기,NNG
경주 여행,185,아쉬움,NNG
경주 여행,185,대능원,NNP
경주 여행,185,출입문,NNG
경주 여행,185,능원,NNG
경주 여행,185,소나무,NNG
경주 여행,185,천마총,NNG
경주 여행,185,안압지,NNP
경주 여행,185,분황사,NNG
경주 여행,185,모전,NNG
경주 여행,185,석탑,NNG
경주 여행,185,원래,NNG
경주 여행,186,힐튼,NNP
경주 여행,186,호텔,NNG
경주 여행,186,한국,NNP
경주 여행,186,서울,NNP
경주 여행,186,호텔,NNG
경주 여행,186,체인,NNG
경주 여행,186,이상,NNG
경주 여행,186,두산,NNP
경주 여행,186,참고,NNG
경주 여행,186,미국,NNP
경주 여행,186,저명,XR
경주 여행,186,모델,NNG
경주 여행,186,철저히,MAG
경주 여행,186,손님,NNG
경주 여행,186,배려,NNG
경주 여행,186,호텔,NNG
경주 여행,186,그래서,MAJ
경주 여행,186,즐거울,VA+ETM
경주 여행,186,밖에,JX
경주 여행,187,토함산,NNP
경주 여행,187,단풍,NNG
경주 여행,187,터널,NNG
경주 여행,187,자연,NNG
경주 여행,187,그려,VV+EC
경주 여행,187,수채화,NNG
경주 여행,187,17,SN
경주 여행,187,11,SN
경주 여행,187,17,SN
경주 여행,187,떠나,VV
경주 여행,187,단풍,NNG
경주 여행,187,그윽,XR
경주 여행,187,숲길,NNG
경주 여행,187,느긋이,MAG
경주 여행,187,불국사,NNP
경주 여행,187,석굴암,NNG
경주 여행,187,토함산,NNP
경주 여행,187,숲길,NNG
경주 여행,187,월산,NNG
경주 여행,187,고갯길,NNG
경주 여행,187,굳이,MAG
경주 여행,187,신라,NNP
경주 여행,187,역사,NNG
경주 여행,187,몰라도,VV+EC
경주 여행,187,시내,NNG
경주 여행,188,배롱나무,NNG
경주 여행,188,첨성대,NNG
경주 여행,188,야경,NNG
경주 여행,188,16,SN
경주 여행,188,18,SN
경주 여행,188,수학,NNG
경주 여행,188,다녀오,VV
경주 여행,188,사람,NNG
경주 여행,188,심지어,MAG
경주 여행,188,자녀,NNG
경주 여행,188,역사,NNG
경주 여행,188,유적,NNG
경주 여행,188,답사,NNG
경주 여행,188,동행,NNG
경주 여행,188,해서,XSV+EC
경주 여행,188,이런,MM
경주 여행,188,아무리,MAG
경주 여행,188,생각,NNG
경주 여행,188,해봐도,XSV+EC+VX+EC
경주 여행,188,국내,NNG
경주 여행,188,에선,JKB+JX
경주 여행,188,특징,NNG
경주 여행,188,하나,NR
경주 여행,188,평온,NNG
경주 여행,188,자연,NNG
경주 여행,189,황리,NNG
경주 여행,189,카페,NNG
경주 여행,189,카페,NNG
경주 여행,189,카페,NNG
경주 여행,189,황리,NNG
경주 여행,189,메인,VV+ETM
경주 여행,189,거리,NNG
경주 여행,189,위치,NNG
경주 여행,189,어서,EC
경주 여행,189,거리,NNG
경주 여행,189,둘러보,VV
경주 여행,189,뚜벅,MAG
경주 여행,189,입니다,VCP+EF
경주 여행,189,인테리어,NNG
경주 여행,189,예쁘,VA
경주 여행,189,어서,EC
경주 여행,189,더욱,MAG
경주 여행,189,눈길,NNG
경주 여행,189,카페,NNG
경주 여행,189,입니다,VCP+EF
경주 여행,189,황리,NNG
경주 여행,189,카페,NNG
경주 여행,189,카페,NNG
경주 여행,189,날씨,NNG
경주 여행,190,경북,NNP
경주 여행,190,국밥,NNG
경주 여행,190,맛집,NNG
경주 여행,190,수백,NR
경주 여행,190,보문,NNG
경주 여행,190,com,SL
경주 여행,190,633,SN
경주 여행,190,경북,NNP
경주 여행,190,교촌,NNP
경주 여행,190,마을,NNG
경주 여행,190,교촌,NNG
경주 여행,190,보관,NNG
경주 여행,190,아이,NNG
경주 여행,190,가족,NNG
경주 여행,190,2024,SN
경주 여행,190,31,SN
경주 여행,190,가족,NNG
경주 여행,190,함께,MAG
경주 여행,190,기록,NNG
경주 여행,190,오늘,NNG
경주 여행,190,가족,NNG
경주 여행,190,모임,NNG
경주 여행,190,어서,EC
경주 여행,190,경북,NNP
경주 여행,190,어요,EF
경주 여행,191,불국사역,NNP
경주 여행,191,에서,JKB
경주 여행,191,동대구,NNG
경주 여행,191,까지,JX
경주 여행,191,기차,NNG
경주 여행,191,무궁화호,NNP
경주 여행,191,시간,NNG
경주 여행,191,시외,NNG
경주 여행,191,고속,NNG
경주 여행,191,버스,NNG
경주 여행,191,터미널,NNG
경주 여행,191,모두,MAG
경주 여행,191,거리,NNG
경주 여행,191,어서,EC
경주 여행,191,어디,NP
경주 여행,191,따라,VV+EC
경주 여행,191,대중,NNG
경주 여행,191,교통,NNG
경주 여행,191,종류,NNG
경주 여행,191,달라지,VV
경주 여행,191,는데,EC
경주 여행,191,서울,NNP
경주 여행,191,이나,JC
경주 여행,191,대전,NNP
경주 여행,191,까지,JX
경주 여행,191,시간,NNBC
경주 여행,191,이상,NNG
경주 여행,191,걸리,VV
경주 여행,191,코스,NNG
경주 여행,191,라고,VCP+EC
경주 여행,192,알라딘,NNP
경주 여행,192,100,SN
경주 여행,192,자평,NNG
경주 여행,192,일상,NNG
경주 여행,192,고고학,NNG
경주 여행,192,혼자,MAG
경주 여행,192,지음,NNG
경주 여행,192,고양이,NNG
경주 여행,192,2020,SN
경주 여행,192,10,SN
경주 여행,192,평점,NNG
경주 여행,192,정말,MAG
경주 여행,192,도시,NNG
경주 여행,192,입니다,VCP+EF
경주 여행,192,시간,NNG
경주 여행,192,기분,NNG
경주 여행,192,어서,EC
경주 여행,192,행복,NNG
경주 여행,192,거든요,EF
경주 여행,192,코로나,NNP
경주 여행,192,때문,NNB
경주 여행,192,버렸,VX+EP
경주 여행,192,네요,EF
경주 여행,192,으로,JKB
경주 여행,192,혼자,MAG
경주 여행,192,네요,EC
경주 여행,193,파란,VA+ETM
경주 여행,193,하늘,NNG
경주 여행,193,구름,NNG
경주 여행,193,동동,MAG
경주 여행,193,아름다운,VA+ETM
경주 여행,193,신나,VV
경주 여행,193,고속도로,NNP
경주 여행,193,달려,VV+EC
경주 여행,193,간다,VV+EC
경주 여행,193,오늘,NNG
경주 여행,193,힐링,NNG
경주 여행,193,산송,NNG
경주 여행,193,한우구,NNP
경주 여행,193,언양,NNP
경주 여행,193,불고기,NNG
경주 여행,193,더덕구이,NNG
경주 여행,193,자알,MAG
경주 여행,193,이랑,JC
경주 여행,193,라떼,NNG
경주 여행,193,한잔,NNG
경주 여행,193,노천온천,NNP
경주 여행,193,으로,JKB
경주 여행,193,간다,VV+EC
경주 여행,193,파란,VA+ETM
경주 여행,193,하늘,NNG
경주 여행,194,알라딘,NNP
경주 여행,194,100,SN
경주 여행,194,자평,NNG
경주 여행,194,일상,NNG
경주 여행,194,고고학,NNG
경주 여행,194,혼자,MAG
경주 여행,194,2020,SN
경주 여행,194,10,SN
경주 여행,194,평점,NNG
경주 여행,194,매년,MAG
경주 여행,194,가을,NNG
경주 여행,194,꿈꾸,VV
경주 여행,194,지만,EC
경주 여행,194,아직,MAG
경주 여행,194,실천,NNG
경주 여행,194,사람,NNG
경주 여행,194,입니다,VCP+EF
경주 여행,194,알차,VA
경주 여행,194,느낄,VV+ETM
경주 여행,194,기대,NNG
경주 여행,194,열심히,MAG
경주 여행,194,습니다,EF
경주 여행,195,알라딘,NNP
경주 여행,195,100,SN
경주 여행,195,자평,NNG
경주 여행,195,일상,NNG
경주 여행,195,고고학,NNG
경주 여행,195,혼자,MAG
경주 여행,195,일상,NNG
경주 여행,195,고고학,NNG
경주 여행,195,혼자,MAG
경주 여행,195,개정,NNG
경주 여행,195,증보판,NNG
경주 여행,195,일상,NNG
경주 여행,195,고고학,NNG
경주 여행,195,시리즈,NNG
경주 여행,195,황윤,NNG
경주 여행,195,지음,NNG
경주 여행,195,고양이,NNG
경주 여행,195,2020,SN
경주 여행,195,10,SN
경주 여행,195,평점,NNG
경주 여행,195,지만,EC
경주 여행,195,제대로,MAG
경주 여행,195,구경,NNG
경주 여행,195,네요,EF
경주 여행,195,코로나,NNP
경주 여행,196,알라딘,NNP
경주 여행,196,100,SN
경주 여행,196,자평,NNG
경주 여행,196,일상,NNG
경주 여행,196,고고학,NNG
경주 여행,196,혼자,MAG
경주 여행,196,일상,NNG
경주 여행,196,고고학,NNG
경주 여행,196,혼자,MAG
경주 여행,196,개정,NNG
경주 여행,196,증보판,NNG
경주 여행,196,일상,NNG
경주 여행,196,고고학,NNG
경주 여행,196,시리즈,NNG
경주 여행,196,황윤,NNG
경주 여행,196,지음,NNG
경주 여행,196,고양이,NNG
경주 여행,196,2020,SN
경주 여행,196,10,SN
경주 여행,196,평점,NNG
경주 여행,196,수학,NNG
경주 여행,196,이후,NNG
경주 여행,196,못했,VX+EP
경주 여행,196,대해,VV+EC
경주 여행,196,다시,MAG
경주 여행,196,생각,NNG
경주 여행,196,네요,EC
경주 여행,197,나정,NNG
경주 여행,197,맛집,NNG
경주 여행,197,나정,NNG
경주 여행,197,라면,NNG
경주 여행,197,맛집,NNG
경주 여행,197,에도,NNP
경주 여행,197,바다,NNG
경주 여행,197,나정,NNG
경주 여행,197,스토리,NNG
경주 여행,197,올려,VV+EC
경주 여행,197,드릴께요,VX+EF
경주 여행,197,에도,NNP
경주 여행,197,바다,NNG
경주 여행,197,다는,ETM
경주 여행,197,사실,NNG
경주 여행,197,아시나,NNP
경주 여행,197,정하,VV
경주 여행,197,면서,EC
경주 여행,197,바다,NNG
경주 여행,197,남편,NNG
경주 여행,197,역사,NNG
경주 여행,197,좋아해서,VV+EC
경주 여행,197,유적지,NNG
경주 여행,197,어요,EF
경주 여행,197,그러,VV
경주 여행,198,가을,NNG
경주 여행,198,도착,NNG
경주 여행,198,오늘,NNG
경주 여행,198,작년,NNG
경주 여행,198,여름,NNG
경주 여행,198,코스,NNG
경주 여행,198,서출지,NNG
경주 여행,198,통일전,NNP
경주 여행,198,그리고,MAJ
경주 여행,198,산림,NNG
경주 여행,198,연구원,NNG
경주 여행,198,둘러보,VV
경주 여행,198,핑크,NNG
경주 여행,198,예쁜,VA+ETM
경주 여행,198,첨성대,NNG
경주 여행,198,주변,NNG
경주 여행,198,황리,NNG
경주 여행,198,구경,NNG
경주 여행,198,헉헉,MAG
경주 여행,198,점심,NNG
경주 여행,198,커피,NNG
경주 여행,198,면서,EC
경주 여행,198,돌린다,VV+EC
경주 여행,198,조금,NNG
경주 여행,198,가을,NNG
경주 여행,198,찾아오,VV
경주 여행,199,알라딘,NNP
경주 여행,199,100,SN
경주 여행,199,자평,NNG
경주 여행,199,일상,NNG
경주 여행,199,고고학,NNG
경주 여행,199,혼자,MAG
경주 여행,199,일상,NNG
경주 여행,199,고고학,NNG
경주 여행,199,혼자,MAG
경주 여행,199,개정,NNG
경주 여행,199,증보판,NNG
경주 여행,199,일상,NNG
경주 여행,199,고고학,NNG
경주 여행,199,시리즈,NNG
경주 여행,199,황윤,NNG
경주 여행,199,지음,NNG
경주 여행,199,고양이,NNG
경주 여행,199,2020,SN
경주 여행,199,10,SN
경주 여행,199,평점,NNG
경주 여행,199,수학,NNG
경주 여행,199,역사,NNG
경주 여행,199,의미,NNG
경주 여행,199,모르,VV
경주 여행,199,지나쳤,VV+EP
경주 여행,199,지만,EC
경주 여행,199,이제,NNG
경주 여행,199,풍경,NNG
경주 여행,199,하나,NR
경주 여행,199,하나,NR
경주 여행,199,에서,JKB
경주 여행,200,알라딘,NNP
경주 여행,200,100,SN
경주 여행,200,자평,NNG
경주 여행,200,일상,NNG
경주 여행,200,고고학,NNG
경주 여행,200,혼자,MAG
경주 여행,200,앞서,MAG
경주 여행,200,출간,NNG
경주 여행,200,일상,NNG
경주 여행,200,고고학,NNG
경주 여행,200,혼자,NNG
경주 여행,200,백제,NNG
경주 여행,200,이어,MAG
경주 여행,200,이번,NNG
경주 여행,200,입니다,VCP+EF
경주 여행,200,전작,NNG
경주 여행,200,백제,NNG
경주 여행,200,만족,NNG
경주 여행,200,스러웠,XSA+EP
경주 여행,200,라면,EC
경주 여행,200,이번,NNG
경주 여행,200,무조건,MAG
경주 여행,200,탑승,NNG
경주 여행,200,바랍니다,VV+EC
경주 여행,201,동궁,NNG
경주 여행,201,월지,NNG
경주 여행,201,첨성대,NNG
경주 여행,201,야경,NNG
경주 여행,201,연꽃,NNG
경주 여행,201,단지,MAG
경주 여행,201,분황사,NNG
경주 여행,201,방문,NNG
경주 여행,201,다시,MAG
경주 여행,201,남겨,VV+EC
경주 여행,201,이웃,NNG
경주 여행,201,지내,VV
경주 여행,201,나요,EF
경주 여행,201,지난주,NNG
경주 여행,201,blog,SL
경주 여행,201,naver,SL
경주 여행,201,com,SL
경주 여행,201,예전,NNG
경주 여행,201,사진,NNG
경주 여행,201,떠나,VV
경주 여행,201,진다,VX+EC
경주 여행,202,경북,NNP
경주 여행,202,천문,NNG
경주 여행,202,기상,NNG
경주 여행,202,관측대,NNG
경주 여행,202,첨성대,NNG
경주 여행,202,일자,NNG
경주 여행,202,2016,SN
경주 여행,202,인원,NNG
경주 여행,202,친구,NNG
경주 여행,202,함께,MAG
경주 여행,202,첨성대,NNG
경주 여행,202,경북,NNP
경주 여행,202,인왕동,NNP
경주 여행,202,839,SN
경주 여행,202,전화,NNG
경주 여행,202,054,SN
경주 여행,202,779,SN
경주 여행,202,8741,SN
경주 여행,202,첨성대,NNG
경주 여행,202,관람료,NNG
경주 여행,202,무료,NNG
경주 여행,202,경북,NNP
경주 여행,202,이야기,NNG
경주 여행,202,첨성대,NNG
경주 여행,202,에서,JKB
경주 여행,202,바라본,VV+ETM
경주 여행,202,대릉원,NNG
경주 여행,202,야경,NNG
경주 여행,203,데이,NNG
경주 여행,203,택시,NNG
경주 여행,203,투어,NNG
경주 여행,203,감사,NNG
경주 여행,203,합니다,XSV+EF
경주 여행,203,구매,NNG
경주 여행,203,https,SL
경주 여행,203,smartstore,SL
경주 여행,203,naver,SL
경주 여행,203,com,SL
경주 여행,203,dptour,SL
경주 여행,203,products,SL
경주 여행,203,5981873243,SN
경주 여행,203,플레이스,NNG
경주 여행,203,데이,NNG
경주 여행,203,택시,NNG
경주 여행,203,투어,NNG
경주 여행,203,돌고래,NNG
경주 여행,203,돌핀,NNG
경주 여행,203,스토어,NNG
경주 여행,203,플레이스,NNG
경주 여행,203,데이,NNG
경주 여행,203,택시,NNG
경주 여행,203,투어,NNG
경주 여행,203,smartstore,SL
경주 여행,203,naver,SL
경주 여행,203,com,SL
경주 여행,204,설레임,VV+ETN
경주 여행,204,패밀리,NNG
경주 여행,204,일상,NNG
경주 여행,204,오늘,NNG
경주 여행,204,목적지,NNG
경주 여행,204,회사,NNG
경주 여행,204,제휴,NNG
경주 여행,204,숙소,NNG
경주 여행,204,저렴,XR
경주 여행,204,예약,NNG
경주 여행,204,나선다,VV+EC
경주 여행,204,도착,NNG
경주 여행,204,자마자,EC
경주 여행,204,고파서,VA+EC
경주 여행,204,우리,NP
경주 여행,204,가족,NNG
경주 여행,204,국수집,NNG
경주 여행,204,본다,VV+EC
경주 여행,204,와이프,NNG
경주 여행,204,검색,NNG
경주 여행,204,해서,XSV+EC
경주 여행,204,찾아간,VV+ETM
경주 여행,204,갈비,NNG
경주 여행,204,국수,NNG
경주 여행,205,경북,NNP
경주 여행,205,불국사,NNG
경주 여행,205,단아,XR
경주 여행,205,정숙,XR
경주 여행,205,묻어나,VV
경주 여행,205,겹벚꽃,NNG
경주 여행,205,벚꽃,NNG
경주 여행,205,벚꽃,NNG
경주 여행,205,즐기,VV
경주 여행,205,고수,NNG
경주 여행,205,라면,VCP+EC
경주 여행,205,서둘러,VV+EC
경주 여행,205,티켓,NNG
경주 여행,205,예약,NNG
경주 여행,205,다시,MAG
경주 여행,205,들썩이,VV
경주 여행,205,지역,NNG
경주 여행,205,벚꽃,NNG
경주 여행,205,거의,MAG
경주 여행,205,떨어지,VV
경주 여행,205,불국사,NNG
경주 여행,205,겹벚꽃,NNG
경주 여행,205,으로,JKB
경주 여행,205,유명,XR
경주 여행,205,불국사,NNP
경주 여행,205,입구,NNG
경주 여행,206,보문,NNG
경주 여행,206,단지,MAG
경주 여행,206,벚꽃,NNG
경주 여행,206,보문호,NNP
경주 여행,206,반길,VV+ETM
경주 여행,206,화사,XR
경주 여행,206,선사,NNG
경주 여행,206,17,SN
경주 여행,206,최적,NNG
경주 여행,206,지이,NNG
경주 여행,206,도로,NNG
경주 여행,206,꽃길,NNG
경주 여행,206,이른,VA+ETM
경주 여행,206,시각,NNG
경주 여행,206,와야,VV+EC
경주 여행,206,제대로,MAG
경주 여행,206,힐링,NNG
경주 여행,206,만개,NNG
경주 여행,206,아름다운,VA+ETM
경주 여행,206,경관,NNG
경주 여행,206,이루,VV
경주 여행,206,보문,NNG
경주 여행,206,단지,NNG
경주 여행,206,시가지,NNG
경주 여행,206,에서,JKB
경주 여행,206,동쪽,NNG
경주 여행,206,으로,JKB
경주 여행,206,10,SN
경주 여행,206,정도,NNG
경주 여행,206,떨어진,VV+ETM
경주 여행,206,활산,NNP
경주 여행,206,성터,NNG
경주 여행,207,경북,NNP
경주 여행,207,하얀,VA+ETM
경주 여행,207,목련,NNG
경주 여행,207,대릉원,NNG
경주 여행,207,목련,NNG
경주 여행,207,풍경,NNG
경주 여행,207,최근,NNG
경주 여행,207,빼놓,VV
경주 여행,207,코스,NNG
경주 여행,207,다름,VA+ETN
경주 여행,207,아닌,VCN+ETM
경주 여행,207,야경,NNG
경주 여행,207,둘러보,VV
경주 여행,207,연인,NNG
경주 여행,207,함께,MAG
경주 여행,207,떠나,VV
경주 여행,207,당신,NP
경주 여행,207,위한,VV+ETM
경주 여행,207,야경,NNG
경주 여행,207,투어,NNG
경주 여행,207,코스,NNG
경주 여행,207,소개,NNG
경주 여행,207,한다,XSV+EC
경주 여행,207,준비,NNG
경주 여행,208,세계,NNG
경주 여행,208,문화유산,NNG
경주 여행,208,양동,NNP
경주 여행,208,마을,NNG
경주 여행,208,18,SN
경주 여행,208,29,SN
경주 여행,208,시간,NNG
경주 여행,208,떠나,VV
경주 여행,208,다면,EC
경주 여행,208,조상,NNG
경주 여행,208,모습,NNG
경주 여행,208,고스란히,MAG
경주 여행,208,간직,NNG
경주 여행,208,수백,NR
경주 여행,208,숨결,NNG
경주 여행,208,양동,NNP
경주 여행,208,마을,NNG
경주 여행,208,제격,NNG
경주 여행,208,아닐까,VCN+EC
경주 여행,208,경상북도,NNP
경주 여행,208,강동면,NNP
경주 여행,208,양동,NNP
경주 여행,208,마을,NNG
경주 여행,208,138,SN
경주 여행,208,18,SN
경주 여행,208,지번,NNG
경주 여행,208,경상북도,NNP
경주 여행,208,강동면,NNP
경주 여행,209,경북,NNP
경주 여행,209,다리,NNG
경주 여행,209,정교,NNG
경주 여행,209,18,SN
경주 여행,209,21,SN
경주 여행,209,잠시,MAG
경주 여행,209,교촌,NNG
경주 여행,209,마을,NNG
경주 여행,209,도착,NNG
경주 여행,209,행사,NNG
경주 여행,209,잠시,MAG
경주 여행,209,간다,VX+EC
경주 여행,209,최근,NNG
경주 여행,209,빼놓,VV
경주 여행,209,연인,NNG
경주 여행,209,함께,MAG
경주 여행,209,떠나,VV
경주 여행,209,당신,NP
경주 여행,209,위한,VV+ETM
경주 여행,209,야경,NNG
경주 여행,209,투어,NNG
경주 여행,209,코스,NNG
경주 여행,209,소개,NNG
경주 여행,209,한다,XSV+EC
경주 여행,209,준비,NNG
경주 여행,210,야경,NNG
경주 여행,210,이쁜,VA+ETM
경주 여행,210,안압지,NNP
경주 여행,210,첨성대,NNG
경주 여행,210,16,SN
경주 여행,210,31,SN
경주 여행,210,어울린다,VV+EC
경주 여행,210,에서,JKB
경주 여행,210,빠질,VV+ETM
경주 여행,210,관광지,NNG
경주 여행,210,하나,NR
경주 여행,210,첨성대,NNG
경주 여행,210,첨성대,NNG
경주 여행,210,신라,NNP
경주 여행,210,시대,NNG
경주 여행,210,관측,NNG
경주 여행,210,최근,NNG
경주 여행,210,빼놓,VV
경주 여행,210,코스,NNG
경주 여행,210,다름,VA+ETN
경주 여행,210,아닌,VCN+ETM
경주 여행,210,야경,NNG
경주 여행,210,둘러보,VV
경주 여행,211,에서,JKB
경주 여행,211,사람,NNG
경주 여행,211,지나치,VV
경주 여행,211,몇몇,MM
경주 여행,211,지인,NNG
경주 여행,211,경험,NNG
경주 여행,211,생각,NNG
경주 여행,211,에서,JKB
경주 여행,211,주목,NNG
경주 여행,211,장소,NNG
경주 여행,211,정리,NNG
경주 여행,211,고즈넉,XR
경주 여행,211,산사,NNG
경주 여행,211,옥천사,NNG
경주 여행,211,수학,NNG
경주 여행,211,성지,NNG
경주 여행,211,역사,NNG
경주 여행,211,탐방,NNG
경주 여행,211,중심지,NNG
경주 여행,211,알려져,VV+EC+VX+EC
경주 여행,211,지만,EC
경주 여행,211,주변,NNG
경주 여행,211,으로,JKB
경주 여행,212,14,SN
경주 여행,212,개월,NNBC
경주 여행,212,아기,NNG
경주 여행,212,후기,NNG
경주 여행,212,정글,NNG
경주 여행,212,법칙,NNG
경주 여행,212,미디어,NNG
경주 여행,212,파크,NNG
경주 여행,212,버드,NNP
경주 여행,212,파크,NNG
경주 여행,212,그래도,VV+EC
경주 여행,212,일정,NNG
경주 여행,212,온다면,VV+EC
경주 여행,212,다녀오,VV
경주 여행,212,버드,NNP
경주 여행,212,파크,NNG
경주 여행,212,위치,NNG
경주 여행,212,경북,NNP
경주 여행,212,보문,NNG
경주 여행,212,74,SN
경주 여행,212,14,SN
경주 여행,212,북군동,NNP
경주 여행,212,185,SN
경주 여행,212,전화,NNG
경주 여행,212,054,SN
경주 여행,212,777,SN
경주 여행,212,7200,SN
경주 여행,212,운영,NNG
경주 여행,212,시간,NNG
경주 여행,212,10,SN
경주 여행,212,00,SN
경주 여행,212,19,SN
경주 여행,212,00,SN
경주 여행,212,입장료,NNG
경주 여행,212,대인,NNG
경주 여행,212,20,SN
경주 여행,212,000,SN
경주 여행,212,소인,NNG
경주 여행,212,15,SN
경주 여행,212,000,SN
경주 여행,213,울산,NNP
경주 여행,213,Part,SL
경주 여행,213,동궁,NNG
경주 여행,213,월지,NNG
경주 여행,213,누리,NNG
경주 여행,213,정원,NNG
경주 여행,213,성호,NNG
경주 여행,213,리조트,NNG
경주 여행,213,장생포,NNG
경주 여행,213,고래,NNG
경주 여행,213,문화,NNG
경주 여행,213,특구,NNP
경주 여행,213,라는,VCP+ETM
경주 여행,213,이름,NNG
경주 여행,213,으로,JKB
경주 여행,213,고래,NNG
경주 여행,213,주제,NNG
경주 여행,213,다채,XR
경주 여행,213,로운,XSA+ETM
경주 여행,213,관광지,NNG
경주 여행,213,형성,NNG
경주 여행,213,는데,EC
경주 여행,213,사실,MAG
경주 여행,213,고래,MAG
경주 여행,213,박물관,NNG
경주 여행,213,이나,JC
경주 여행,213,생태,NNG
경주 여행,213,jinstistory,SL
경주 여행,213,tistory,SL
경주 여행,213,com,SL
경주 여행,213,2023,SN
경주 여행,213,08,SN
경주 여행,213,16,SN
경주 여행,213,국내,NNG
경주 여행,213,울산,NNP
경주 여행,213,Part,SL
경주 여행,214,루비,NNG
경주 여행,214,정원,NNG
경주 여행,214,연휴,NNG
경주 여행,214,에서,JKB
경주 여행,214,시작,NNG
경주 여행,214,세요,EP+EF
경주 여행,214,신청,NNG
경주 여행,214,센터,NNG
경주 여행,214,광활,XR
경주 여행,214,부지,NNG
경주 여행,214,자리,NNG
경주 여행,214,역사,NNG
경주 여행,214,마당,NNG
경주 여행,214,엄청나,VA
경주 여행,214,너른,VA+ETM
경주 여행,214,연휴,NNG
경주 여행,214,계획,NNG
경주 여행,214,계신,VX+ETM
경주 여행,214,KTX,SL
경주 여행,214,이용,NNG
경주 여행,214,어떠,XR
경주 여행,214,신지,JKS+EP+EC
경주 여행,214,Copyright,SL
경주 여행,214,2011,SN
경주 여행,214,루비,NNG
경주 여행,214,All,SL
경주 여행,214,pictures,SL
경주 여행,215,출장,NNG
경주 여행,215,깨끗,XR
경주 여행,215,조식,NNG
경주 여행,215,제공,NNG
경주 여행,215,에이치,NNG
경주 여행,215,비뉴,NNG
경주 여행,215,호텔,NNG
경주 여행,215,불국사,NNP
경주 여행,215,까지,JX
경주 여행,215,도보,NNG
경주 여행,215,15,SN
경주 여행,215,거리,NNG
경주 여행,215,어서,EC
경주 여행,215,피로,NNG
경주 여행,215,조금,NNG
경주 여행,215,이나마,JX
경주 여행,215,습니다,EF
경주 여행,215,아침,NNG
경주 여행,215,일찍,MAG
경주 여행,215,불국사,NNG
경주 여행,215,방문,NNG
경주 여행,215,한적,XR
경주 여행,215,고요,NNG
경주 여행,215,분위기,NNG
경주 여행,215,에서,JKB
경주 여행,215,산책,NNG
경주 여행,215,즐기,VV
경주 여행,215,최적,NNG
경주 여행,215,위치,NNG
경주 여행,215,습니다,EF
경주 여행,215,스테이,NNG
경주 여행,216,알라딘,NNP
경주 여행,216,100,SN
경주 여행,216,자평,NNG
경주 여행,216,일상,NNG
경주 여행,216,고고학,NNG
경주 여행,216,혼자,MAG
경주 여행,216,일상,NNG
경주 여행,216,고고학,NNG
경주 여행,216,혼자,MAG
경주 여행,216,개정,NNG
경주 여행,216,증보판,NNG
경주 여행,216,일상,NNG
경주 여행,216,고고학,NNG
경주 여행,216,시리즈,NNG
경주 여행,216,황윤,NNG
경주 여행,216,지음,NNG
경주 여행,216,고양이,NNG
경주 여행,216,2020,SN
경주 여행,216,10,SN
경주 여행,216,평점,NNG
경주 여행,216,역사,NNG
경주 여행,216,사랑,NNG
경주 여행,216,사람,NNG
경주 여행,216,으로,JKB
경주 여행,216,바라본,VV+ETM
경주 여행,216,만큼,NNB
경주 여행,216,보이,VV
경주 여행,216,사랑,NNG
경주 여행,217,20200727,SN
경주 여행,217,08,SN
경주 여행,217,02,SN
경주 여행,217,20200728,SN
경주 여행,217,2020,SN
경주 여행,217,08,SN
경주 여행,217,02,SN
경주 여행,217,20200727,SN
경주 여행,217,2020,SN
경주 여행,217,08,SN
경주 여행,217,02,SN
경주 여행,217,평화,NNG
경주 여행,217,2020,SN
경주 여행,217,07,SN
경주 여행,217,13,SN
경주 여행,217,강릉,NNP
경주 여행,217,서나,NNG
경주 여행,217,2020,SN
경주 여행,217,07,SN
경주 여행,217,08,SN
경주 여행,217,강릉,NNP
경주 여행,217,2020,SN
경주 여행,217,07,SN
경주 여행,217,08,SN
경주 여행,218,한옥,NNG
경주 여행,218,숙소,NNG
경주 여행,218,소설,NNG
경주 여행,218,첨성,NNG
경주 여행,218,대점,NNG
경주 여행,218,비향,NNP
경주 여행,218,15,SN
경주 여행,218,한옥,NNG
경주 여행,218,숙소,NNG
경주 여행,218,이름,NNG
경주 여행,218,특이,XR
경주 여행,218,소설,NNG
경주 여행,218,첨성,NNG
경주 여행,218,대점,NNG
경주 여행,218,첨성대,NNG
경주 여행,218,진짜,MAG
경주 여행,218,가까워서,VA+EC
경주 여행,218,첨성,NNG
경주 여행,218,대점,NNG
경주 여행,218,이쁘,VA
경주 여행,218,이쁜,VA+ETM
경주 여행,218,한옥,NNG
경주 여행,218,소설,NNG
경주 여행,218,너무너무,MAG
경주 여행,218,너무,MAG
경주 여행,218,인기,NNG
경주 여행,218,라서,EC
경주 여행,218,주말,NNG
경주 여행,218,으려면,EC
경주 여행,219,알라딘,NNP
경주 여행,219,황금,NNG
경주 여행,219,호두,NNG
경주 여행,219,열리,VV
경주 여행,219,무웅,NNP
경주 여행,219,함께,MAG
경주 여행,219,떠나,VV
경주 여행,219,코스,NNG
경주 여행,219,인데,VCP+EC
경주 여행,219,새로운,VA+ETM
경주 여행,219,느낌,NNG
경주 여행,219,자꾸,MAG
경주 여행,219,새로운,VA+ETM
경주 여행,219,느낌,NNG
경주 여행,219,빠져,VV+EC
경주 여행,219,는데,EC
경주 여행,219,신라,NNP
경주 여행,219,에서,JKB
경주 여행,219,아이,NNG
경주 여행,219,함께,MAG
경주 여행,219,새롭,VA
경주 여행,219,다가왔,VV+EP
경주 여행,219,한참,MAG
경주 여행,219,티비,NNG
경주 여행,219,에서,JKB
경주 여행,220,까지,JX
경주 여행,220,이동은,NNP
경주 여행,220,기차,NNG
경주 여행,220,에서,JKB
경주 여행,220,자전거,NNG
경주 여행,220,도보,NNG
경주 여행,220,버스,NNG
경주 여행,220,투어,NNG
경주 여행,220,모두,MAG
경주 여행,220,가능,NNG
경주 여행,220,코스,NNG
경주 여행,220,시내,NNG
경주 여행,220,천마총,NNG
경주 여행,220,왕릉,NNG
경주 여행,220,첨성대,NNG
경주 여행,220,계림,NNG
경주 여행,220,포석정,NNP
경주 여행,220,안압지,NNP
경주 여행,221,알라딘,NNP
경주 여행,221,100,SN
경주 여행,221,자평,NNG
경주 여행,221,일상,NNG
경주 여행,221,고고학,NNG
경주 여행,221,혼자,MAG
경주 여행,221,일상,NNG
경주 여행,221,고고학,NNG
경주 여행,221,혼자,MAG
경주 여행,221,개정,NNG
경주 여행,221,증보판,NNG
경주 여행,221,일상,NNG
경주 여행,221,고고학,NNG
경주 여행,221,시리즈,NNG
경주 여행,221,황윤,NNG
경주 여행,221,지음,NNG
경주 여행,221,고양이,NNG
경주 여행,221,한참,MAG
경주 여행,221,는데,EC
경주 여행,221,오랜만,NNG
경주 여행,221,저자,NNG
경주 여행,221,함께,MAG
경주 여행,221,걸으며,VV+EC
경주 여행,221,역사,NNG
경주 여행,221,느낌,NNG
경주 여행,221,네요,EC
경주 여행,222,감포,NNP
경주 여행,222,대말,NNG
경주 여행,222,체험,NNG
경주 여행,222,전시관,NNG
경주 여행,222,위치,NNG
경주 여행,222,경북,NNP
경주 여행,222,척사,NNG
경주 여행,222,18,SN
경주 여행,222,94,SN
경주 여행,222,운영,NNG
경주 여행,222,시간,NNG
경주 여행,222,09,SN
경주 여행,222,00,SN
경주 여행,222,18,SN
경주 여행,222,00,SN
경주 여행,222,연중무휴,NNG
경주 여행,222,대표,NNG
경주 여행,222,전화,NNG
경주 여행,222,054,SN
경주 여행,222,744,SN
경주 여행,222,3233,SN
경주 여행,222,입장료,NNG
경주 여행,222,무료,NNG
경주 여행,222,대말,NNG
경주 여행,222,체험,NNG
경주 여행,222,아이,NNG
경주 여행,222,함께,MAG
경주 여행,222,점심,NNG
경주 여행,222,시간,NNG
경주 여행,222,12,SN
경주 여행,222,00,SN
경주 여행,222,13,SN
경주 여행,222,00,SN
경주 여행,222,운영,NNG
경주 여행,223,코스,NNG
경주 여행,223,읍천항,NNP
경주 여행,223,주상,NNG
경주 여행,223,절리,NNG
경주 여행,223,파도,NNG
경주 여행,223,소리,NNG
경주 여행,223,주상,NNG
경주 여행,223,절리,NNG
경주 여행,223,제주도,NNP
경주 여행,223,만큼,JKB
경주 여행,223,이나,JX
경주 여행,223,이쁜,VA+ETM
경주 여행,223,게다가,MAG
경주 여행,223,조용,XR
경주 여행,223,읍천항,NNP
경주 여행,223,코스,NNG
경주 여행,223,읍천항,NNP
경주 여행,223,자리,NNG
경주 여행,223,주상,NNG
경주 여행,223,절리,NNG
경주 여행,223,파도,NNG
경주 여행,223,소리,NNG
경주 여행,223,주차장,NNG
경주 여행,223,갖추,VV
경주 여행,223,따라,VV+EC
경주 여행,223,등대,NNG
경주 여행,223,까지,JX
경주 여행,224,교리,NNG
경주 여행,224,김밥,NNG
경주 여행,224,맛집,NNG
경주 여행,224,면서,EC
경주 여행,224,들린,VV+ETM
경주 여행,224,김밥,NNG
경주 여행,224,남산,NNG
경주 여행,224,등산,NNG
경주 여행,224,포함,NNG
경주 여행,224,해서,XSV+EC
경주 여행,224,당일,NNG
경주 여행,224,계획,NNG
경주 여행,224,다녀왔,VV+EP
경주 여행,224,습니다,EF
경주 여행,224,코스,NNG
경주 여행,224,에선,JKB+JX
경주 여행,224,여하튼,MAJ
경주 여행,224,처럼,JKB
경주 여행,224,정도,NNG
경주 여행,224,라는,ETM
경주 여행,224,생각,NNG
경주 여행,224,네요,EF
경주 여행,224,특히나,MAG
경주 여행,224,남산,NNG
경주 여행,225,놀부,NNG
경주 여행,225,보쌈,NNG
경주 여행,225,황오,NNP
경주 여행,225,배달,NNG
경주 여행,225,후기,NNG
경주 여행,225,숙소,NNG
경주 여행,225,황남,NNG
경주 여행,225,머물,VV
경주 여행,225,어요,EF
경주 여행,225,저녁,NNG
경주 여행,225,아이,NNG
경주 여행,225,지치,VV
경주 여행,225,배민,NNG
경주 여행,225,놀부,NNG
경주 여행,225,보쌈,NNG
경주 여행,225,검색,NNG
경주 여행,225,황오,NNP
경주 여행,225,에서,JKB
경주 여행,225,배달,NNG
경주 여행,225,가능,NNG
경주 여행,225,다고,EC
경주 여행,225,나오,VV
경주 여행,225,네요,EF
경주 여행,225,저희,NP
경주 여행,225,황남,NNG
경주 여행,225,머물,VV
경주 여행,225,때문,NNB
경주 여행,226,안녕,IC
경주 여행,226,2014,SN
경주 여행,226,2014,SN
경주 여행,226,그냥,MAG
경주 여행,226,보내,VV
경주 여행,226,아쉬워서,VA+EC
경주 여행,226,기차,NNG
경주 여행,226,떠났,VV+EP
경주 여행,226,일전,NNG
경주 여행,226,크리스마스,NNG
경주 여행,226,오늘,NNG
경주 여행,226,안녕,NNG
경주 여행,226,2014,SN
경주 여행,226,이번,NNG
경주 여행,226,럭셔리,XR
경주 여행,226,컨셉,NNG
경주 여행,226,으로,JKB
경주 여행,226,호텔,NNG
경주 여행,226,에서,JKB
경주 여행,227,알라딘,NNP
경주 여행,227,서재,NNP
경주 여행,227,이야기,NNG
경주 여행,227,일상,NNG
경주 여행,227,고고학,NNG
경주 여행,227,혼자,MAG
경주 여행,227,무대,NNG
경주 여행,227,에세이,NNG
경주 여행,227,만날,VV+ETM
경주 여행,227,으로,JKB
경주 여행,227,에서,JKB
경주 여행,227,유명,XR
경주 여행,227,문화재,NNG
경주 여행,227,대한,VV+ETM
경주 여행,227,사전,NNG
경주 여행,227,지식,NNG
경주 여행,227,줄줄,MAG
경주 여행,227,얼마,NNG
경주 여행,227,든지,VCP+EC
경주 여행,227,재미있,VA
경주 여행,227,의미,NNG
경주 여행,228,알라딘,NNP
경주 여행,228,100,SN
경주 여행,228,자평,NNG
경주 여행,228,일상,NNG
경주 여행,228,고고학,NNG
경주 여행,228,혼자,MAG
경주 여행,228,일상,NNG
경주 여행,228,고고학,NNG
경주 여행,228,혼자,MAG
경주 여행,228,개정,NNG
경주 여행,228,증보판,NNG
경주 여행,228,일상,NNG
경주 여행,228,고고학,NNG
경주 여행,228,시리즈,NNG
경주 여행,228,황윤,NNG
경주 여행,228,지음,NNG
경주 여행,228,고양이,NNG
경주 여행,228,대한,VV+ETM
경주 여행,228,깊이,MAG
경주 여행,228,이야기,NNG
경주 여행,228,호기심,NNG
경주 여행,228,해줍니다,XSV+EC+VX+EF
경주 여행,228,100,SN
경주 여행,228,다니,EC
경주 여행,228,정말,MAG
경주 여행,228,대단,XR
경주 여행,228,습니다,EF
경주 여행,229,알라딘,NNP
경주 여행,229,100,SN
경주 여행,229,자평,NNG
경주 여행,229,일상,NNG
경주 여행,229,고고학,NNG
경주 여행,229,혼자,MAG
경주 여행,229,일상,NNG
경주 여행,229,고고학,NNG
경주 여행,229,혼자,MAG
경주 여행,229,개정,NNG
경주 여행,229,증보판,NNG
경주 여행,229,일상,NNG
경주 여행,229,고고학,NNG
경주 여행,229,시리즈,NNG
경주 여행,229,황윤,NNG
경주 여행,229,지음,NNG
경주 여행,229,고양이,NNG
경주 여행,229,2020,SN
경주 여행,229,10,SN
경주 여행,229,평점,NNG
경주 여행,229,신라,NNP
경주 여행,229,마니아,NNG
경주 여행,229,로부터,JKB
경주 여행,229,기라,NNG
경주 여행,229,관심,NNG
경주 여행,229,가요,NNG
경주 여행,229,고고학,NNG
경주 여행,229,관점,NNG
경주 여행,229,으로,JKB
경주 여행,230,석빙고,NNG
경주 여행,230,색다른,VA+ETM
경주 여행,230,볼거리,NNG
경주 여행,230,근처,NNG
경주 여행,230,안압,NNG
경주 여행,230,색다른,VA+ETM
경주 여행,230,볼거리,NNG
경주 여행,230,석빙고,NNG
경주 여행,230,이번,NNG
경주 여행,230,에서,JKB
경주 여행,230,다녀온,VV+ETM
경주 여행,230,석빙고,NNG
경주 여행,230,입니다,VCP+EF
경주 여행,230,석빙고,NNG
경주 여행,230,영조,NNG
경주 여행,230,만들,VV
경주 여행,230,일종,NNG
경주 여행,230,얼음,NNG
경주 여행,230,창고,NNG
경주 여행,230,근처,NNG
경주 여행,230,첨성대,NNG
경주 여행,230,비롯,XR
경주 여행,230,몰려,VV+EC
경주 여행,230,어서,EC
경주 여행,230,함께,MAG
경주 여행,231,가본,NNG
경주 여행,231,동궁,NNG
경주 여행,231,예쁜,VA+ETM
경주 여행,231,만나,VV
경주 여행,231,커피,NNG
경주 여행,231,열매,NNG
경주 여행,231,으면서,EC
경주 여행,231,노천온천,NNP
경주 여행,231,행복,NNG
경주 여행,232,황리,NNG
경주 여행,232,보문,NNG
경주 여행,232,단지,MAG
경주 여행,232,왕릉,NNG
경주 여행,232,탐방,NNG
경주 여행,232,데이트,NNG
경주 여행,232,코스,NNG
경주 여행,232,https,SL
경주 여행,232,youtu,SL
경주 여행,232,be,SL
경주 여행,232,nZzijKooIk,SL
경주 여행,232,황리,NNG
경주 여행,232,예쁘,VA
경주 여행,232,마음,NNG
경주 여행,232,낭만,NNG
경주 여행,232,으로,JKB
경주 여행,232,차오르,VV
경주 여행,232,경상도,NNP
경주 여행,232,에서,JKB
경주 여행,232,흔치,VA+EC
경주 여행,232,거리,NNG
경주 여행,232,바로,MAG
경주 여행,232,유적지,NNG
경주 여행,232,오래,MAG
경주 여행,232,한옥,NNG
경주 여행,232,고도,NNG
경주 여행,232,사뭇,MAG
경주 여행,232,어울리,VV
경주 여행,232,면서도,EC
경주 여행,233,밀면,NNP
경주 여행,233,에서,JKB
경주 여행,233,맛보,VV
경주 여행,233,가격,NNG
경주 여행,233,착해,VA+EC
경주 여행,233,5000,SN
경주 여행,233,비빔,NNG
경주 여행,233,물밀,VV
경주 여행,233,5000,SN
경주 여행,233,떡갈비,NNG
경주 여행,233,2000,SN
경주 여행,233,12,SN
경주 여행,233,000,SN
경주 여행,233,밥상,NNG
경주 여행,233,그리고,MAJ
경주 여행,233,뜨거운,VA+ETM
경주 여행,233,육수,NNG
경주 여행,233,까지,JX
경주 여행,233,평가,NNG
경주 여행,233,입맛,NNG
경주 여행,233,따라,VV+EC
경주 여행,233,취향,NNG
경주 여행,233,따루,MAG
경주 여행,233,따루,MAG
경주 여행,234,엑스,NNG
경주 여행,234,포대,NNG
경주 여행,234,공원,NNG
경주 여행,234,2025,SN
경주 여행,234,08,SN
경주 여행,234,16,SN
경주 여행,234,푸른,VA+ETM
경주 여행,234,애벌레,NNG
경주 여행,234,둘째,NR
경주 여행,234,보문호,NNP
경주 여행,234,주변,NNG
경주 여행,234,10,SN
경주 여행,234,엑스,NNG
경주 여행,234,포대,NNG
경주 여행,234,공원,NNG
경주 여행,234,입장,NNG
경주 여행,234,엑스포,NNG
경주 여행,234,기념관,NNG
경주 여행,234,천마,NNG
경주 여행,234,궁전,NNG
경주 여행,234,타워,NNG
경주 여행,234,솔거,NNG
경주 여행,234,미술관,NNG
경주 여행,234,자연사,NNG
경주 여행,234,박물관,NNG
경주 여행,235,2020,SN
경주 여행,235,동방역,NNP
경주 여행,235,능소화,NNG
경주 여행,235,서출지,NNG
경주 여행,235,경북,NNP
경주 여행,235,산림,NNG
경주 여행,235,연구원,NNG
경주 여행,235,2020,SN
경주 여행,235,25,SN
경주 여행,235,동방역,NNP
경주 여행,235,능소화,NNG
경주 여행,235,서출지,NNG
경주 여행,235,경북,NNP
경주 여행,235,산림,NNG
경주 여행,235,연구원,NNG
경주 여행,236,모녀,NNG
경주 여행,236,함께,MAG
경주 여행,236,바보,NNG
경주 여행,236,블로그,NNG
경주 여행,236,모녀,NNG
경주 여행,236,함께,MAG
경주 여행,236,2019,SN
경주 여행,236,10,SN
경주 여행,236,15,SN
경주 여행,236,첨성대,NNG
경주 여행,236,야생,NNG
경주 여행,236,단지,MAG
경주 여행,236,계림,NNG
경주 여행,236,월지,NNG
경주 여행,236,안압지,NNP
경주 여행,236,계림,NNP
경주 여행,236,월지,NNP
경주 여행,236,안압지,NNP
경주 여행,236,야경,NNG
경주 여행,236,박물관,NNG
경주 여행,236,10,SN
경주 여행,236,16,SN
경주 여행,236,김유신,NNP
경주 여행,236,장군,NNG
경주 여행,237,석굴암,NNG
경주 여행,237,2018,SN
경주 여행,237,10,SN
경주 여행,238,알라딘,NNP
경주 여행,238,100,SN
경주 여행,238,자평,NNG
경주 여행,238,일상,NNG
경주 여행,238,고고학,NNG
경주 여행,238,혼자,MAG
경주 여행,238,일상,NNG
경주 여행,238,고고학,NNG
경주 여행,238,혼자,MAG
경주 여행,238,개정,NNG
경주 여행,238,증보판,NNG
경주 여행,238,일상,NNG
경주 여행,238,고고학,NNG
경주 여행,238,시리즈,NNG
경주 여행,238,황윤,NNG
경주 여행,238,지음,NNG
경주 여행,238,고양이,NNG
경주 여행,238,2020,SN
경주 여행,238,10,SN
경주 여행,238,평점,NNG
경주 여행,238,삼국,NNG
경주 여행,238,시대,NNG
경주 여행,238,관한,VV+ETM
경주 여행,238,거의,MAG
경주 여행,238,모든,MM
경주 여행,238,자료,NNG
경주 여행,238,섭렵,NNG
경주 여행,238,소장,NNG
경주 여행,238,역사,NNG
경주 여행,238,학자,NNG
경주 여행,238,순수,NNG
경주 여행,238,시각,NNG
경주 여행,238,생생,XR
경주 여행,239,알라딘,NNP
경주 여행,239,일상,NNG
경주 여행,239,고고학,NNG
경주 여행,239,혼자,MAG
경주 여행,239,일상,NNG
경주 여행,239,고고학,NNG
경주 여행,239,혼자,MAG
경주 여행,239,개정,NNG
경주 여행,239,증보판,NNG
경주 여행,239,일상,NNG
경주 여행,239,고고학,NNG
경주 여행,239,시리즈,NNG
경주 여행,239,황윤,NNG
경주 여행,239,지음,NNG
경주 여행,239,고양이,NNG
경주 여행,239,2020,SN
경주 여행,239,10,SN
경주 여행,239,평점,NNG
경주 여행,239,수학,NNG
경주 여행,239,으로,JKB
경주 여행,239,추억,NNG
경주 여행,239,다시,MAG
경주 여행,239,한번,MAG
경주 여행,239,역사,NNG
경주 여행,239,그렇,VA
경주 여행,239,수록,EC
경주 여행,240,경비,NNG
경주 여행,240,혼자,NNG
경주 여행,240,떠난,VV+ETM
경주 여행,240,이동,NNG
경주 여행,240,수단,NNG
경주 여행,240,시외버스,NNG
경주 여행,240,버스,NNG
경주 여행,240,택시,NNG
경주 여행,240,시티투어,NNP
경주 여행,240,버스,NNG
경주 여행,240,Total,SL
경주 여행,240,13,SN
경주 여행,240,140,SN
경주 여행,240,기타,NNG
경주 여행,240,생필품,NNG
경주 여행,240,샴푸,NNG
경주 여행,240,린스,NNG
경주 여행,240,바디,NNG
경주 여행,240,워시,NNP
경주 여행,240,버블,NNG
경주 여행,240,490,SN
경주 여행,240,Total,SL
경주 여행,240,경비,NNG
경주 여행,240,148,SN
경주 여행,240,080,SN
경주 여행,241,경북,NNP
경주 여행,241,현대,NNG
경주 여행,241,호텔,NNG
경주 여행,241,현대,NNP
경주 여행,241,호텔,NNG
경주 여행,241,현대,NNG
경주 여행,241,호텔,NNG
경주 여행,241,보문,NNP
경주 여행,241,수상,NNG
경주 여행,241,공연장,NNG
경주 여행,241,보문관광단지,NNP
경주 여행,241,보문호,NNP
경주 여행,241,반길,VV+ETM
경주 여행,241,신라,NNP
경주 여행,241,컨트리클럽,NNG
경주 여행,241,숙박,NNG
경주 여행,241,현대,NNG
경주 여행,241,호텔,NNG
경주 여행,241,방문,NNG
경주 여행,241,일자,NNG
경주 여행,241,2016,SN
경주 여행,241,현대,NNG
경주 여행,241,호텔,NNG
경주 여행,241,경북,NNP
경주 여행,241,신평동,NNP
경주 여행,242,석굴암,NNG
경주 여행,242,불국사,NNG
경주 여행,242,09,SN
경주 여행,242,43,SN
경주 여행,242,석굴암,NNG
경주 여행,242,불국사,NNG
경주 여행,242,일시,NNG
경주 여행,242,2011,SN
경주 여행,242,22,SN
경주 여행,242,24,SN
경주 여행,242,장소,NNG
경주 여행,242,세째,NR
경주 여행,242,24,SN
경주 여행,242,석굴암,NNG
경주 여행,242,불국사,NNG
경주 여행,242,참여,NNG
경주 여행,242,우리,NP
경주 여행,242,가족,NNG
경주 여행,242,송국영,NNP
경주 여행,242,안종,NNP
경주 여행,242,송진주,NNP
경주 여행,242,김홍식,NNP
경주 여행,242,김연우,NNP
경주 여행,242,연주,NNP
경주 여행,242,조광민,NNP
경주 여행,243,대릉원,NNG
경주 여행,243,스탬프,NNG
경주 여행,243,투어,NNG
경주 여행,243,다섯,NR
경주 여행,243,이야기,NNG
경주 여행,243,대릉원,NNG
경주 여행,243,천마,NNG
경주 여행,243,경북,NNP
경주 여행,243,스탬프,NNG
경주 여행,243,투어,NNG
경주 여행,243,오릉,NNG
경주 여행,243,대릉원,NNG
경주 여행,243,천마총,NNG
경주 여행,243,오릉,NNG
경주 여행,243,교촌,NNG
경주 여행,243,마을,NNG
경주 여행,243,투어,NNG
경주 여행,243,마치,VV
경주 여행,243,다음,NNG
경주 여행,243,으로,JKB
경주 여행,243,찾아간,VV+ETM
경주 여행,243,바로,MAG
경주 여행,243,오릉,NNG
경주 여행,243,교촌,NNG
경주 여행,243,마을,NNG
경주 여행,243,면서,EC
경주 여행,243,조금,MAG
경주 여행,243,지치,VV
경주 여행,243,느낌,NNG
경주 여행,243,는데,EC
경주 여행,244,유적지,NNG
경주 여행,244,트레,NNP
경주 여행,244,대상지,NNG
경주 여행,244,유적지,NNG
경주 여행,244,트레,NNP
경주 여행,244,소재지,NNG
경주 여행,244,경북,NNP
경주 여행,244,2023,SN
경주 여행,244,10,SN
경주 여행,244,동궁,NNG
경주 여행,244,월지,NNG
경주 여행,244,반월,NNG
경주 여행,244,교촌,NNG
경주 여행,244,대릉원,NNG
경주 여행,244,44,SN
경주 여행,244,고분,NNG
경주 여행,244,분황사,NNG
경주 여행,244,황룡사,NNG
경주 여행,244,역사,NNG
경주 여행,244,문화원,NNG
경주 여행,244,동궁,NNG
경주 여행,244,월지,NNG
경주 여행,244,주차장,NNG
경주 여행,244,Km,SL
경주 여행,244,반월,NNG
경주 여행,244,에서,JKB
경주 여행,245,동궁,NNG
경주 여행,245,월지,NNG
경주 여행,245,안압지,NNP
경주 여행,245,야경,NNG
경주 여행,245,해외,NNG
경주 여행,245,이야기,NNG
경주 여행,245,후기,NNG
경주 여행,245,동궁,NNG
경주 여행,245,월지,NNG
경주 여행,245,안압지,NNP
경주 여행,245,야경,NNG
경주 여행,245,훌리아,NNP
경주 여행,245,2020,SN
경주 여행,245,25,SN
경주 여행,245,15,SN
경주 여행,245,17,SN
경주 여행,245,2019,SN
경주 여행,245,여름,NNG
경주 여행,245,사진,NNG
경주 여행,245,보관,NNG
경주 여행,245,구독,NNG
경주 여행,245,해외,NNG
경주 여행,245,이야기,NNG
경주 여행,245,후기,NNG
경주 여행,245,Related,SL
경주 여행,245,Articles,SL
경주 여행,246,2020,SN
경주 여행,246,06,SN
경주 여행,246,13,SN
경주 여행,246,14,SN
경주 여행,246,일요일,NNG
경주 여행,246,오전,NNG
경주 여행,246,오후,NNG
경주 여행,246,에서,JKB
경주 여행,246,고향,NNG
경주 여행,246,친구,NNG
경주 여행,246,함께,MAG
경주 여행,246,신라,NNP
경주 여행,246,대종,NNG
경주 여행,246,장맛비,NNG
경주 여행,246,시작,NNG
경주 여행,246,육월,NNP
경주 여행,246,중순,NNG
경주 여행,246,고향,NNG
경주 여행,246,친구,NNG
경주 여행,246,함께,MAG
경주 여행,246,에서,JKB
경주 여행,246,즐거운,VA+ETM
경주 여행,246,대릉원,NNG
경주 여행,246,돌담길,NNP
경주 여행,246,황리,NNG
경주 여행,247,이야기,NNG
경주 여행,247,계명,NNG
경주 여행,247,대학교,NNG
경주 여행,247,동산,NNG
경주 여행,247,병원,NNG
경주 여행,247,라고,EC
경주 여행,247,일자,NNG
경주 여행,247,2016,SN
경주 여행,247,인원,NNG
경주 여행,247,친구,NNG
경주 여행,247,함께,MAG
경주 여행,247,시외버스,NNG
경주 여행,247,터미널,NNG
경주 여행,247,경북,NNP
경주 여행,247,노서동,NNP
경주 여행,247,160,SN
경주 여행,247,전화,NNG
경주 여행,247,1666,SN
경주 여행,247,5599,SN
경주 여행,247,시외버스,NNG
경주 여행,247,터미널,NNG
경주 여행,248,알라딘,NNP
경주 여행,248,100,SN
경주 여행,248,자평,NNG
경주 여행,248,일상,NNG
경주 여행,248,고고학,NNG
경주 여행,248,혼자,MAG
경주 여행,248,일상,NNG
경주 여행,248,고고학,NNG
경주 여행,248,혼자,MAG
경주 여행,248,개정,NNG
경주 여행,248,증보판,NNG
경주 여행,248,일상,NNG
경주 여행,248,고고학,NNG
경주 여행,248,시리즈,NNG
경주 여행,248,황윤,NNG
경주 여행,248,지음,NNG
경주 여행,248,고양이,NNG
경주 여행,248,재미있,VA
경주 여행,248,길잡이,NNG
경주 여행,248,입니다,VCP+EF
경주 여행,248,풍부,XR
경주 여행,248,이해,NNG
경주 여행,249,코스,NNG
경주 여행,249,베스트,NNG
경주 여행,249,추천,NNG
경주 여행,249,top,SL
경주 여행,249,10,SN
경주 여행,249,코스,NNG
경주 여행,249,베스트,NNG
경주 여행,249,추천,NNG
경주 여행,249,top,SL
경주 여행,249,10,SN
경주 여행,249,코스,NNG
경주 여행,249,베스트,NNG
경주 여행,249,추천,NNG
경주 여행,249,top,SL
경주 여행,249,10,SN
경주 여행,249,소개,NNG
경주 여행,249,합니다,XSV+EC
경주 여행,249,황리,NNG
경주 여행,249,상호,NNG
경주 여행,249,황리,NNG
경주 여행,249,주소,NNG
경주 여행,249,경상북도,NNP
경주 여행,249,황남동,NNP
경주 여행,249,280,SN
경주 여행,249,전화,NNG
경주 여행,249,번호,NNG
경주 여행,249,입력,NNG
경주 여행,249,관련,NNG
경주 여행,249,키워드,NNP
경주 여행,249,키워드,NNP
경주 여행,250,코스,NNG
경주 여행,250,뚜벅,MAG
경주 여행,250,불국사,NNP
경주 여행,250,석굴암,NNG
경주 여행,250,중교,NNG
경주 여행,250,naver,SL
경주 여행,250,com,SL
경주 여행,250,loveartlove,SL
경주 여행,250,223054447834,SN
경주 여행,250,다시,MAG
경주 여행,250,서울,NNP
경주 여행,250,올라갈,VV+ETM
경주 여행,250,불국사,NNP
경주 여행,250,불국사,NNP
경주 여행,250,국보,NNG
경주 여행,250,다보탑,NNG
경주 여행,250,석가탑,NNG
경주 여행,250,석굴암,NNG
경주 여행,250,입장료,NNG
경주 여행,251,불국사,NNG
경주 여행,251,스탬프,NNG
경주 여행,251,투어,NNG
경주 여행,251,이야기,NNG
경주 여행,251,불국사,NNP
경주 여행,251,석굴암,NNG
경주 여행,251,경북,NNP
경주 여행,251,스탬프,NNG
경주 여행,251,투어,NNG
경주 여행,251,가을,NNG
경주 여행,251,불국사,NNG
경주 여행,251,석굴암,NNG
경주 여행,251,동리,NNG
경주 여행,251,문학관,NNG
경주 여행,251,구경,NNG
경주 여행,251,마치,VV
경주 여행,251,다음,NNG
경주 여행,251,으로,JKB
경주 여행,251,장소,NNG
경주 여행,251,핵심,NNG
경주 여행,251,메카,NNP
경주 여행,251,바로,MAG
경주 여행,251,불국사,NNP
경주 여행,251,석굴암,NNG
경주 여행,252,황리,NNG
경주 여행,252,한옥,NNG
경주 여행,252,카페,NNG
경주 여행,252,추천,NNG
경주 여행,252,카페,NNP
경주 여행,252,아덴,NNP
경주 여행,252,카페,NNP
경주 여행,252,아덴,NNP
경주 여행,252,위치,NNG
경주 여행,252,경북,NNP
경주 여행,252,사정,NNG
경주 여행,252,57,SN
경주 여행,252,운영,NNG
경주 여행,252,시간,NNG
경주 여행,252,매일,MAG
경주 여행,252,10,SN
경주 여행,252,와서,VV+EC
경주 여행,252,으로,JKB
경주 여행,252,채울,VV+ETM
경주 여행,252,어서,EC
경주 여행,252,어요,EF
경주 여행,252,실시간,NNG
경주 여행,252,예보,NNG
경주 여행,252,너무,MAG
경주 여행,252,커피,NNG
경주 여행,252,아덴,NNP
경주 여행,252,시그,NNP
경주 여행,253,알라딘,NNP
경주 여행,253,100,SN
경주 여행,253,자평,NNG
경주 여행,253,일상,NNG
경주 여행,253,고고학,NNG
경주 여행,253,혼자,MAG
경주 여행,253,일상,NNG
경주 여행,253,고고학,NNG
경주 여행,253,혼자,MAG
경주 여행,253,개정,NNG
경주 여행,253,증보판,NNG
경주 여행,253,일상,NNG
경주 여행,253,고고학,NNG
경주 여행,253,시리즈,NNG
경주 여행,253,황윤,NNG
경주 여행,253,지음,NNG
경주 여행,253,고양이,NNG
경주 여행,253,2020,SN
경주 여행,253,10,SN
경주 여행,253,평점,NNG
경주 여행,253,대한,VV+ETM
경주 여행,253,아름다움,VA+ETN
경주 여행,253,느낄,VV+ETM
경주 여행,253,기대,NNG
경주 여행,253,됩니다,XSV+EC
경주 여행,254,알라딘,NNP
경주 여행,254,서재,NNP
경주 여행,254,필수,NNG
경주 여행,254,필요,NNG
경주 여행,254,지식,NNG
경주 여행,254,설명,NNG
경주 여행,254,이해,NNG
경주 여행,254,사진,NNG
경주 여행,254,정보,NNG
경주 여행,254,가득,MAG
경주 여행,254,서울,NNP
경주 여행,254,이어,MAG
경주 여행,254,역사,NNG
경주 여행,254,꿈꾸,VV
경주 여행,254,한옥,NNG
경주 여행,254,에서,JKB
경주 여행,254,독서,NNG
경주 여행,254,모임,NNG
경주 여행,254,다가,EC
경주 여행,254,바로,MAG
경주 여행,254,주문,NNG
경주 여행,254,역사,NNG
경주 여행,254,예정,NNG
경주 여행,255,에서,JKB
경주 여행,255,걸어서,VV+EC
경주 여행,255,대릉원,NNG
경주 여행,255,까지,JX
경주 여행,255,대릉원,NNG
경주 여행,255,담장,NNG
경주 여행,255,2018,SN
경주 여행,255,11,SN
경주 여행,255,이번,NNG
경주 여행,255,천천히,MAG
경주 여행,255,걸으며,VV+EC
경주 여행,255,가을,NNG
경주 여행,255,만끽,NNG
경주 여행,255,컨셉,NNG
경주 여행,255,마침,MAG
경주 여행,255,가을,NNG
경주 여행,255,분위기,NNG
경주 여행,255,한껏,MAG
경주 여행,255,고조,NNG
경주 여행,255,시켜,XSV+EC
경주 여행,255,벚나무,NNG
경주 여행,255,좌우,NNG
경주 여행,255,어서,EC
경주 여행,255,마다,JX
경주 여행,255,가지,VV
경주 여행,255,와서,VV+EC
경주 여행,256,Knowledge,SL
경주 여행,256,Box,SL
경주 여행,256,슈만,NNP
경주 여행,256,클라라,NNP
경주 여행,256,도착,NNG
경주 여행,256,제일,MAG
경주 여행,256,먼저,MAG
경주 여행,256,슈만,NNP
경주 여행,256,클라라,NNP
경주 여행,256,라는,VCP+ETM
경주 여행,256,cafe,SL
경주 여행,256,위치,NNG
경주 여행,256,요기,NP
경주 여행,256,여기,NP
경주 여행,256,버스,NNG
경주 여행,256,려고,EC
경주 여행,256,는데,EC
경주 여행,256,버스,NNG
경주 여행,256,너무,MAG
경주 여행,256,와서,VV+EC
경주 여행,256,택시,NNG
경주 여행,256,그러나,MAJ
경주 여행,256,다음,NNG
경주 여행,256,문제,NNG
경주 여행,256,계속,MAG
경주 여행,257,2303,SN
경주 여행,257,봄꽃,NNG
경주 여행,257,습니다,EF
경주 여행,257,벌써,MAG
경주 여행,257,마지막,NNG
경주 여행,257,월요일,NNG
경주 여행,257,찾아간,VV+ETM
경주 여행,257,벚꽃,NNG
경주 여행,257,상춘객,NNG
경주 여행,257,으로,JKB
경주 여행,257,많이,MAG
경주 여행,257,붐볐,VV+EP
경주 여행,257,습니다,EF
경주 여행,257,에서,JKB
경주 여행,257,점심,NNG
경주 여행,257,집사람,NNG
경주 여행,257,국도,NNG
경주 여행,257,천천히,MAG
경주 여행,257,올라가,VV
경주 여행,257,곳곳,NNG
경주 여행,257,벚꽃,NNG
경주 여행,257,자랑,NNG
경주 여행,257,열중,NNG
경주 여행,258,황리,NNG
경주 여행,258,맛집,NNG
경주 여행,258,여도,NNG
경주 여행,258,영업,NNG
경주 여행,258,종료,NNG
경주 여행,258,오늘,NNG
경주 여행,258,맛집,NNG
경주 여행,258,황리,NNG
경주 여행,258,맛집,NNG
경주 여행,258,여주,NNG
경주 여행,258,이야기,NNG
경주 여행,258,함께,MAG
경주 여행,258,해요,VV+EF
경주 여행,258,다만,MAJ
경주 여행,258,현재,MAG
경주 여행,258,여도,NNG
경주 여행,258,다는,ETM
경주 여행,258,저희,NP
경주 여행,258,기록,NNG
경주 여행,258,해서,VV+EC
경주 여행,258,그냥,MAG
경주 여행,258,포스팅,NNP
경주 여행,258,진행,NNG
경주 여행,258,참고,NNG
경주 여행,258,세요,EP+EF
경주 여행,258,한옥,NNP
경주 여행,258,외관,NNG
경주 여행,258,눈길,NNG
경주 여행,259,황리,NNG
경주 여행,259,주전부리,NNG
경주 여행,259,황금,NNG
경주 여행,259,황남,NNG
경주 여행,259,옥수수,NNG
경주 여행,259,청년,NNG
경주 여행,259,분식,NNG
경주 여행,259,황리,NNG
경주 여행,259,주전부리,NNG
경주 여행,259,저녁,NNG
경주 여행,259,출출,XR
경주 여행,259,해서,XSA+EC
경주 여행,259,황리,NNG
경주 여행,259,주전부리,NNG
경주 여행,259,우선,MAG
경주 여행,259,급한,VA+ETM
경주 여행,259,결론,NNG
경주 여행,259,부터,JX
경주 여행,259,자면,EC
경주 여행,259,청년,NNG
경주 여행,259,분식,NNG
경주 여행,259,황남,NNG
경주 여행,259,옥수수,NNG
경주 여행,259,모두,MAG
경주 여행,259,아쉽,VA
경주 여행,259,청년,NNG
경주 여행,259,분식,NNG
경주 여행,259,쥬얼,NNP
경주 여행,259,우릴,VV+ETM
경주 여행,259,유혹,NNG
경주 여행,259,뭔가,NP+VCP+EC
경주 여행,260,13,SN
경주 여행,260,성동,NNG
경주 여행,260,시장,NNG
경주 여행,260,구경,NNG
경주 여행,260,가을,NNG
경주 여행,260,기차,NNG
경주 여행,260,피날레,NNG
경주 여행,260,2018,SN
경주 여행,260,11,SN
경주 여행,260,즐거웠,VA+EP
경주 여행,260,가을,NNG
경주 여행,260,기차,NNG
경주 여행,260,단풍,NNG
경주 여행,260,맘껏,MAG
경주 여행,260,누리,VV
경주 여행,260,돌아가,VV
경주 여행,260,노란,VA+ETM
경주 여행,260,은행,NNG
경주 여행,260,낙엽,NNG
경주 여행,260,올려,VV+EC
경주 여행,260,어야,EC
경주 여행,260,는데,EC
경주 여행,260,언니,NNG
경주 여행,260,수고,NNG
경주 여행,260,어염,EF
경주 여행,260,숙소,NNG
경주 여행,260,변경,NNG
경주 여행,260,지도자,NNG
경주 여행,260,언니,NNG
경주 여행,260,짝짝,MAG
경주 여행,261,첨성대,NNG
경주 여행,261,대릉원,NNG
경주 여행,261,주차,NNG
경주 여행,261,주차장,NNG
경주 여행,261,대릉원,NNG
경주 여행,261,주차장,NNG
경주 여행,261,여기,NP
경주 여행,261,매표,NNG
경주 여행,261,해야,VV+EC
경주 여행,261,들어갈,VV+ETM
경주 여행,261,어서,EC
경주 여행,261,그냥,MAG
경주 여행,261,혼자,NNG
경주 여행,261,굳이,MAG
경주 여행,261,들어갈,VV+ETM
경주 여행,261,필요,NNG
경주 여행,261,느꼈,VV+EP
경주 여행,261,네요,EF
경주 여행,261,편하,VA
경주 여행,261,드라이브,NNG
경주 여행,261,둘러본,VV+ETM
경주 여행,261,그리고,MAJ
경주 여행,261,그곳,NP
경주 여행,261,에서,JKB
경주 여행,261,만난,VV+ETM
경주 여행,261,첨성대,NNG
경주 여행,262,안녕,IC
경주 여행,262,2014,SN
경주 여행,262,2014,SN
경주 여행,262,마지막,NNG
경주 여행,262,에서,JKB
경주 여행,262,멋진,VA+ETM
경주 여행,262,선물,NNG
경주 여행,262,눈발,NNG
경주 여행,262,날리,VV
경주 여행,262,시작,NNG
경주 여행,262,한다,XSV+EF
경주 여행,262,그리고,MAJ
경주 여행,262,금방,MAG
경주 여행,262,하얀,VA+ETM
경주 여행,262,세상,NNG
경주 여행,262,으로,JKB
경주 여행,262,변한다,VV+EC
경주 여행,262,눈길,NNG
경주 여행,262,산책,NNG
경주 여행,262,불국사,NNP
경주 여행,262,에서,JKB
경주 여행,262,기차,NNG
경주 여행,262,마무리,NNG
경주 여행,262,한다,XSV+EF
경주 여행,262,다시,MAG
경주 여행,262,화창,XR
경주 여행,262,해진,XSA+EC+VX+ETM
경주 여행,262,하늘,NNG
경주 여행,263,야경,NNG
경주 여행,263,다른,MM
경주 여행,263,매력,NNG
경주 여행,263,정교,NNG
경주 여행,263,분위기,NNG
경주 여행,263,저녁,NNG
경주 여행,263,정교,NNG
경주 여행,263,방문,NNG
경주 여행,263,추천,NNG
경주 여행,263,드립니다,VV+EF
경주 여행,263,켜진,VV+ETM
경주 여행,263,정교,NNG
경주 여행,263,신나,VV
경주 여행,263,사진,NNG
경주 여행,263,정교,NNG
경주 여행,263,야경,NNG
경주 여행,263,마지막,NNG
경주 여행,263,으로,JKB
경주 여행,263,떠나갑니다,VV+EF
경주 여행,263,여기,NP
경주 여행,263,신라,NNP
경주 여행,263,니까,VCP+EC
경주 여행,263,신라,NNP
경주 여행,263,해장국,NNG
경주 여행,263,즐거웠,VA+EP
경주 여행,263,습니다,EF
경주 여행,264,황남,NNG
경주 여행,264,맷돌,NNG
경주 여행,264,순두부,NNG
경주 여행,264,두부,NNG
경주 여행,264,보쌈,NNG
경주 여행,264,제육,NNG
경주 여행,264,순두부찌개,NNG
경주 여행,264,그리고,MAJ
경주 여행,264,황남,NNG
경주 여행,264,맷돌,NNG
경주 여행,264,순두부,NNG
경주 여행,264,영업시간,NNG
경주 여행,264,30,SN
경주 여행,264,까지,JX
경주 여행,264,황리,NNG
경주 여행,264,시작,NNG
경주 여행,264,으로,JKB
경주 여행,264,어지간,XR
경주 여행,264,밥집,NNG
경주 여행,264,영업,NNG
경주 여행,264,마감,NNG
경주 여행,264,진짜,MAG
경주 여행,264,고기,NNG
경주 여행,264,맛있,VA
경주 여행,264,두부,NNG
경주 여행,264,순두부찌개,NNG
경주 여행,264,맛나,VA
경주 여행,264,호랑이,NNG
경주 여행,264,막걸리,NNG
경주 여행,264,완전,MAG
경주 여행,264,맛있,VA
경주 여행,264,어서,EC
경주 여행,265,마치,VV
경주 여행,265,울주,NNP
경주 여행,265,새벽,NNG
경주 여행,265,다가,EC
경주 여행,265,그친다,VV+EC
경주 여행,265,하늘,NNG
경주 여행,265,예쁘다,NNP
경주 여행,265,월드,NNG
경주 여행,265,판다,NNG
경주 여행,265,에서,JKB
경주 여행,265,점심,NNG
경주 여행,265,맛있,VA
경주 여행,265,친절,NNG
경주 여행,265,떡갈비,NNG
경주 여행,265,맛나,VA
경주 여행,265,계란찜,NNG
경주 여행,265,풍경,NNG
경주 여행,265,예쁘,VA
경주 여행,265,행복,NNG
경주 여행,265,울주,NNP
경주 여행,266,서출지,NNG
경주 여행,266,23,SN
경주 여행,266,28,SN
경주 여행,266,더운,VA+ETM
경주 여행,266,날씨,NNG
경주 여행,266,촬영,NNG
경주 여행,266,임했,VV+EP
경주 여행,266,사진가,NNG
경주 여행,266,에게,JKB
경주 여행,266,미안,NNG
경주 여행,266,생각,NNG
경주 여행,266,더운,VA+ETM
경주 여행,266,날씨,NNG
경주 여행,266,여러,MM
경주 여행,266,촬영,NNG
경주 여행,266,대작,NNG
경주 여행,266,으시,EP
경주 여행,266,무사히,MAG
경주 여행,266,습니다,EF
경주 여행,267,알라딘,NNP
경주 여행,267,100,SN
경주 여행,267,자평,NNG
경주 여행,267,우리,NP
경주 여행,267,아이,IC
경주 여행,267,우리,NP
경주 여행,267,아이,IC
경주 여행,267,세계,NNG
경주 여행,267,문화유산,NNG
경주 여행,267,아서,EC
경주 여행,267,개정판,NNG
경주 여행,267,답사,NNG
경주 여행,267,바로,MAG
경주 여행,267,역사,NNG
경주 여행,267,바로,MAG
경주 여행,267,박광일,NNP
경주 여행,267,전향,NNG
경주 여행,267,이야기,NNG
경주 여행,267,기획,NNG
경주 여행,267,성당,NNG
경주 여행,267,2011,SN
경주 여행,267,평점,NNG
경주 여행,267,초등,NNG
경주 여행,267,학교,NNG
경주 여행,267,학생,NNG
경주 여행,267,수학,NNG
경주 여행,268,알라딘,NNP
경주 여행,268,100,SN
경주 여행,268,자평,NNG
경주 여행,268,일상,NNG
경주 여행,268,고고학,NNG
경주 여행,268,혼자,MAG
경주 여행,268,일상,NNG
경주 여행,268,고고학,NNG
경주 여행,268,혼자,MAG
경주 여행,268,개정,NNG
경주 여행,268,증보판,NNG
경주 여행,268,일상,NNG
경주 여행,268,고고학,NNG
경주 여행,268,시리즈,NNG
경주 여행,268,황윤,NNG
경주 여행,268,지음,NNG
경주 여행,268,고양이,NNG
경주 여행,268,묻힌,VV+ETM
경주 여행,268,타임캡슐,NNG
경주 여행,268,신라,NNG
경주 여행,268,특별,NNG
경주 여행,268,시간,NNG
경주 여행,268,네요,EC
경주 여행,269,오늘,NNG
경주 여행,269,날씨,NNG
경주 여행,269,더우니,VA+EC
경주 여행,269,마을,NNG
경주 여행,269,식당,NNG
경주 여행,269,에서,JKB
경주 여행,269,맛난,VA+ETM
경주 여행,269,양념,NNG
경주 여행,269,게장,NNG
경주 여행,269,점심,NNG
경주 여행,269,힐튼,NNP
경주 여행,269,호텔,NNG
경주 여행,269,에서,JKB
경주 여행,269,커피,NNG
경주 여행,269,한잔,NNG
경주 여행,269,보문,NNG
경주 여행,269,단지,MAG
경주 여행,269,푸른,VA+ETM
경주 여행,269,나무,NNG
경주 여행,269,감상,NNG
경주 여행,269,커피,NNG
경주 여행,269,한잔,NNG
경주 여행,269,스콘,NNP
경주 여행,269,행복,NNG
경주 여행,269,월드,NNG
경주 여행,269,관람,NNG
경주 여행,269,보인다,VV+EF
경주 여행,269,한번,MAG
경주 여행,269,볼까,EC+VX+EC
경주 여행,270,압지,NNG
경주 여행,270,야경,NNG
경주 여행,270,투어,NNG
경주 여행,270,방문,NNG
경주 여행,270,아마도,MAG
경주 여행,270,보름달,NNG
경주 여행,270,보다,JKB
경주 여행,270,하늘,NNG
경주 여행,270,황청,NNG
경주 여행,270,연못,NNG
경주 여행,270,빠져,VV+EC
경주 여행,270,야경,NNG
경주 여행,270,함께,MAG
경주 여행,270,정말,MAG
경주 여행,270,멋진,VA+ETM
경주 여행,270,야경,NNG
경주 여행,270,보여,VV+EC
경주 여행,270,이래서,VV+EC
경주 여행,270,마다,JX
경주 여행,270,이곳,NP
경주 여행,270,압지,NNG
경주 여행,270,하나,NR
경주 여행,270,보다,JKB
경주 여행,271,알라딘,NNP
경주 여행,271,100,SN
경주 여행,271,자평,NNG
경주 여행,271,우리,NP
경주 여행,271,아이,IC
경주 여행,271,우리,NP
경주 여행,271,아이,IC
경주 여행,271,에서,JKB
경주 여행,271,신라,NNG
경주 여행,271,답사,NNG
경주 여행,271,바로,MAG
경주 여행,271,역사,NNG
경주 여행,271,바로,MAG
경주 여행,271,13,SN
경주 여행,271,박광일,NNP
경주 여행,271,2004,SN
경주 여행,271,평점,NNG
경주 여행,271,구판,NNG
경주 여행,271,절판,NNG
경주 여행,271,아이,NNG
경주 여행,271,눈높이,NNG
경주 여행,271,맞춰진,VV+EC+VX+ETM
경주 여행,272,알라딘,NNP
경주 여행,272,100,SN
경주 여행,272,자평,NNG
경주 여행,272,일상,NNG
경주 여행,272,고고학,NNG
경주 여행,272,혼자,MAG
경주 여행,272,일상,NNG
경주 여행,272,고고학,NNG
경주 여행,272,혼자,MAG
경주 여행,272,개정,NNG
경주 여행,272,증보판,NNG
경주 여행,272,일상,NNG
경주 여행,272,고고학,NNG
경주 여행,272,시리즈,NNG
경주 여행,272,황윤,NNG
경주 여행,272,지음,NNG
경주 여행,272,고양이,NNG
경주 여행,272,2020,SN
경주 여행,272,10,SN
경주 여행,272,평점,NNG
경주 여행,272,유익,NNG
경주 여행,272,아요,EC
경주 여행,273,알라딘,NNP
경주 여행,273,역사,NNG
경주 여행,273,관심,NNG
경주 여행,273,시작,NNG
경주 여행,273,해서,XSV+EC
경주 여행,273,함께,MAG
경주 여행,273,어요,EF
경주 여행,273,길래,EC
경주 여행,273,생각,NNG
경주 여행,273,는데,EC
경주 여행,273,그리,VV
경주 여행,273,마음,NNG
경주 여행,273,접하,VV
경주 여행,273,어요,EF
경주 여행,273,기억,NNG
경주 여행,273,가지,VV
경주 여행,273,는데,EC
경주 여행,273,아이,NNG
경주 여행,273,신라,NNG
경주 여행,273,배운,VV+ETM
경주 여행,273,그런지,VA+EC
경주 여행,273,동안,NNG
경주 여행,273,배운,VV+ETM
경주 여행,273,내용,NNG
경주 여행,273,생각,NNG
경주 여행,273,유적지,NNG
경주 여행,274,매화,NNG
경주 여행,274,산수유,NNG
경주 여행,274,만발,NNG
경주 여행,274,보문,NNG
경주 여행,274,단지,MAG
경주 여행,274,호수,NNG
경주 여행,274,산책,NNG
경주 여행,274,행복,NNG
경주 여행,274,마무리,NNG
경주 여행,275,알라딘,NNP
경주 여행,275,100,SN
경주 여행,275,자평,NNG
경주 여행,275,일상,NNG
경주 여행,275,고고학,NNG
경주 여행,275,혼자,MAG
경주 여행,275,일상,NNG
경주 여행,275,고고학,NNG
경주 여행,275,혼자,MAG
경주 여행,275,일상,NNG
경주 여행,275,시리즈,NNG
경주 여행,275,황윤,NNG
경주 여행,275,지음,NNG
경주 여행,275,고양이,NNG
경주 여행,275,2020,SN
경주 여행,275,10,SN
경주 여행,275,평점,NNG
경주 여행,275,마니아,NNG
경주 여행,275,알려,VV+EC
경주 여행,275,탐방기,NNG
경주 여행,275,그런지,VA+EC
경주 여행,275,대한,VV+ETM
경주 여행,275,알찬,VA+ETM
경주 여행,275,설명,NNG
경주 여행,275,습니다,EF
경주 여행,276,알라딘,NNP
경주 여행,276,100,SN
경주 여행,276,자평,NNG
경주 여행,276,일상,NNG
경주 여행,276,고고학,NNG
경주 여행,276,혼자,MAG
경주 여행,276,일상,NNG
경주 여행,276,고고학,NNG
경주 여행,276,혼자,MAG
경주 여행,276,개정,NNG
경주 여행,276,증보판,NNG
경주 여행,276,일상,NNG
경주 여행,276,고고학,NNG
경주 여행,276,시리즈,NNG
경주 여행,276,황윤,NNG
경주 여행,276,지음,NNG
경주 여행,276,고양이,NNG
경주 여행,276,2020,SN
경주 여행,276,10,SN
경주 여행,276,평점,NNG
경주 여행,276,아름다운,VA+ETM
경주 여행,276,풍경,NNG
경주 여행,276,고고학,NNG
경주 여행,276,우리,NP
경주 여행,276,지적,NNG
경주 여행,276,힐링,NNG
경주 여행,276,안겨,VV+EC
경주 여행,276,줘서,VX+EC
경주 여행,277,주상,NNG
경주 여행,277,절리,NNG
경주 여행,277,스탬프,NNG
경주 여행,277,투어,NNG
경주 여행,277,목적지,NNG
경주 여행,277,주상,NNG
경주 여행,277,스탬프,NNG
경주 여행,277,투어,NNG
경주 여행,277,주상,NNG
경주 여행,277,절리,NNG
경주 여행,277,해변,NNG
경주 여행,277,둘레길,NNP
경주 여행,277,주상,NNG
경주 여행,277,절리,NNG
경주 여행,277,파도,NNG
경주 여행,277,소리,NNG
경주 여행,277,드디어,MAG
경주 여행,277,시작,NNG
경주 여행,277,대한,VV+ETM
경주 여행,277,때문,NNB
경주 여행,277,을까,EC
경주 여행,277,오랫만,NNG
경주 여행,277,밤잠,NNG
경주 여행,277,설치,VV
경주 여행,277,다가,EC
경주 여행,277,시계,NNG
경주 여행,277,조금,MAG
경주 여행,277,시간,NNG
경주 여행,278,FeRed,SL
경주 여행,278,Conundrum,SL
경주 여행,278,of,SL
경주 여행,278,Life,SL
경주 여행,278,불국사,NNP
경주 여행,278,황남빵,NNP
경주 여행,278,교리,NNG
경주 여행,278,김밥,NNG
경주 여행,278,내소,NNG
경주 여행,278,Theme,SL
경주 여행,278,불국사,NNP
경주 여행,278,황남빵,NNP
경주 여행,278,교리,NNG
경주 여행,278,김밥,NNG
경주 여행,278,산내,NNG
경주 여행,278,소고기,NNG
경주 여행,278,울산,NNP
경주 여행,278,Comments,SL
경주 여행,278,후배,NNG
경주 여행,278,녀석,NNB
경주 여행,278,같이,MAG
경주 여행,278,울산,NNP
경주 여행,278,불국사,NNG
경주 여행,278,에서,JKB
경주 여행,278,천마총,NNG
경주 여행,278,에서,JKB
경주 여행,278,첨성대,NNG
경주 여행,278,으로,JKB
경주 여행,278,내려오,VV
경주 여행,278,다가,EC
경주 여행,278,나무,NNG
경주 여행,278,그늘,NNG
경주 여행,278,내부,NNG
경주 여행,278,전경,NNG
경주 여행,279,알라딘,NNP
경주 여행,279,100,SN
경주 여행,279,자평,NNG
경주 여행,279,일상,NNG
경주 여행,279,고고학,NNG
경주 여행,279,혼자,MAG
경주 여행,279,개정,NNG
경주 여행,279,증보판,NNG
경주 여행,279,일상,NNG
경주 여행,279,고고학,NNG
경주 여행,279,시리즈,NNG
경주 여행,279,황윤,NNG
경주 여행,279,지음,NNG
경주 여행,279,고양이,NNG
경주 여행,279,2020,SN
경주 여행,279,10,SN
경주 여행,279,평점,NNG
경주 여행,279,어려서,VA+EC
경주 여행,279,그냥,MAG
경주 여행,279,학교,NNG
경주 여행,279,에서,JKB
경주 여행,279,지금,MAG
경주 여행,279,커서,VV+EC
경주 여행,279,공부,NNG
경주 여행,279,다른,MM
경주 여행,279,느낌,NNG
경주 여행,279,습니다,EF
경주 여행,279,가보세요,NNG
경주 여행,280,알라딘,NNP
경주 여행,280,100,SN
경주 여행,280,자평,NNG
경주 여행,280,일상,NNG
경주 여행,280,고고학,NNG
경주 여행,280,혼자,MAG
경주 여행,280,혼자,NNG
경주 여행,280,개정,NNG
경주 여행,280,증보판,NNG
경주 여행,280,일상,NNG
경주 여행,280,고고학,NNG
경주 여행,280,시리즈,NNG
경주 여행,280,황윤,NNG
경주 여행,280,지음,NNG
경주 여행,280,고양이,NNG
경주 여행,280,2020,SN
경주 여행,280,10,SN
경주 여행,280,평점,NNG
경주 여행,280,이야기,NNG
경주 여행,280,봐도,VV+EC
경주 여행,280,봐도,VX+EC
경주 여행,280,들어도,VV+EC
경주 여행,280,들어도,VV+EC
경주 여행,280,재미있,VA
경주 여행,280,습니다,EF
경주 여행,280,작가,NNG
경주 여행,280,혼자,NNG
경주 여행,280,기대,NNG
경주 여행,280,봅니다,VX+EC
경주 여행,281,매화꽃,NNG
경주 여행,281,산수유,NNG
경주 여행,281,예쁜,VA+ETM
경주 여행,281,간다,VV+EC
경주 여행,281,날씨,NNG
경주 여행,281,따뜻,XR
경주 여행,281,바람,NNG
경주 여행,281,많이,MAG
경주 여행,281,햇살,NNG
경주 여행,281,따뜻,XR
경주 여행,281,점심,NNG
경주 여행,281,궁금,XR
경주 여행,281,했었,VX+EP
경주 여행,281,황룡,NNG
경주 여행,281,돌아봤,VV+EP
경주 여행,281,동국,NNG
경주 여행,281,재단,NNG
경주 여행,281,에서,JKB
경주 여행,281,운영,NNG
경주 여행,281,연수원,NNG
경주 여행,281,인데,VCP+EC
경주 여행,281,웅장,XR
경주 여행,281,꾸며져,VV+EC+VX+EC
경주 여행,282,맷돌,NNG
경주 여행,282,순부,NNG
경주 여행,282,옆집,NNG
경주 여행,282,정화,NNG
경주 여행,282,송이,NNG
경주 여행,282,순두부,NNG
경주 여행,282,맛집,NNG
경주 여행,282,옆집,NNG
경주 여행,282,아니,VCN
경주 여행,282,라도,EC
경주 여행,282,가격,NNG
경주 여행,282,비싸,VA
경주 여행,282,니까,EC
경주 여행,282,기본,NNG
경주 여행,282,반찬,NNG
경주 여행,282,생선,NNG
경주 여행,282,구이,NNG
경주 여행,282,나와서,VV+EC
경주 여행,282,후배,NNG
경주 여행,282,맛있,VA
경주 여행,282,섬세,XR
경주 여행,282,발라,VV+EC
경주 여행,282,하얀,VA+ETM
경주 여행,282,순두부,NNG
경주 여행,282,다니,EC
경주 여행,282,순두부,NNG
경주 여행,282,처음,MAG
경주 여행,282,본다,VV+EC
경주 여행,282,파전,NNG
경주 여행,282,하나,NR
경주 여행,282,주문,NNG
경주 여행,282,새송이,NNP
경주 여행,282,탁주,NNG
경주 여행,282,주문,NNG
경주 여행,282,낮술,NNG
경주 여행,283,남산,NNP
경주 여행,283,칠불암,NNG
경주 여행,283,케이트,NNP
경주 여행,283,입니다,VCP+EF
경주 여행,283,진입,NNG
경주 여행,283,읍니다,EC
경주 여행,283,서라벌,NNP
경주 여행,283,휴게소,NNG
경주 여행,283,입니다,VCP+EF
경주 여행,283,통일전,NNP
경주 여행,283,주차장,NNG
경주 여행,283,주차,NNG
경주 여행,283,아니하,VX
경주 여행,283,염불,NNG
경주 여행,283,사지,NNG
경주 여행,283,삼층석탑,NNP
경주 여행,283,주차,NNG
경주 여행,283,여기,NP
경주 여행,283,일찍,MAG
경주 여행,283,도착,NNG
경주 여행,283,여야,EC
경주 여행,283,주차,NNG
경주 여행,283,아침,NNG
경주 여행,284,알라딘,NNP
경주 여행,284,100,SN
경주 여행,284,자평,NNG
경주 여행,284,일상,NNG
경주 여행,284,고고학,NNG
경주 여행,284,혼자,MAG
경주 여행,284,일상,NNG
경주 여행,284,고고학,NNG
경주 여행,284,혼자,MAG
경주 여행,284,개정,NNG
경주 여행,284,증보판,NNG
경주 여행,284,일상,NNG
경주 여행,284,고고학,NNG
경주 여행,284,시리즈,NNG
경주 여행,284,황윤,NNG
경주 여행,284,지음,NNG
경주 여행,284,고양이,NNG
경주 여행,284,2020,SN
경주 여행,284,10,SN
경주 여행,284,평점,NNG
경주 여행,284,이런,MM
경주 여행,284,너무,MAG
경주 여행,284,아함,IC+ETN
경주 여행,284,더구나,MAJ
경주 여행,284,라서,VCP+EC
경주 여행,284,너무,MAG
경주 여행,284,마음,NNG
경주 여행,284,중학교,NNG
경주 여행,284,수학,NNG
경주 여행,284,으로,JKB
경주 여행,285,국내,NNG
경주 여행,285,사진,NNG
경주 여행,285,국내,NNG
경주 여행,285,테마,NNG
경주 여행,285,Theodor,SL
경주 여행,285,2017,SN
경주 여행,285,18,SN
경주 여행,285,08,SN
경주 여행,285,11,SN
경주 여행,285,벚꽃,NNG
경주 여행,285,거의,MAG
경주 여행,285,떨어지,VV
경주 여행,285,시기,NNG
경주 여행,285,아쉬움,NNG
경주 여행,285,대능원,NNP
경주 여행,285,출입문,NNG
경주 여행,285,능원,NNG
경주 여행,285,소나무,NNG
경주 여행,285,천마총,NNG
경주 여행,285,안압지,NNP
경주 여행,285,분황사,NNG
경주 여행,285,모전,NNG
경주 여행,285,석탑,NNG
경주 여행,285,원래,NNG
경주 여행,286,힐튼,NNP
경주 여행,286,호텔,NNG
경주 여행,286,한국,NNP
경주 여행,286,서울,NNP
경주 여행,286,호텔,NNG
경주 여행,286,체인,NNG
경주 여행,286,이상,NNG
경주 여행,286,두산,NNP
경주 여행,286,참고,NNG
경주 여행,286,미국,NNP
경주 여행,286,저명,XR
경주 여행,286,모델,NNG
경주 여행,286,철저히,MAG
경주 여행,286,손님,NNG
경주 여행,286,배려,NNG
경주 여행,286,호텔,NNG
경주 여행,286,그래서,MAJ
경주 여행,286,즐거울,VA+ETM
경주 여행,286,밖에,JX
경주 여행,287,토함산,NNP
경주 여행,287,단풍,NNG
경주 여행,287,터널,NNG
경주 여행,287,자연,NNG
경주 여행,287,그려,VV+EC
경주 여행,287,수채화,NNG
경주 여행,287,17,SN
경주 여행,287,11,SN
경주 여행,287,17,SN
경주 여행,287,떠나,VV
경주 여행,287,단풍,NNG
경주 여행,287,그윽,XR
경주 여행,287,숲길,NNG
경주 여행,287,느긋이,MAG
경주 여행,287,불국사,NNP
경주 여행,287,석굴암,NNG
경주 여행,287,토함산,NNP
경주 여행,287,숲길,NNG
경주 여행,287,월산,NNG
경주 여행,287,고갯길,NNG
경주 여행,287,굳이,MAG
경주 여행,287,신라,NNP
경주 여행,287,역사,NNG
경주 여행,287,몰라도,VV+EC
경주 여행,287,시내,NNG
경주 여행,288,배롱나무,NNG
경주 여행,288,첨성대,NNG
경주 여행,288,야경,NNG
경주 여행,288,16,SN
경주 여행,288,18,SN
경주 여행,288,수학,NNG
경주 여행,288,다녀오,VV
경주 여행,288,사람,NNG
경주 여행,288,심지어,MAG
경주 여행,288,자녀,NNG
경주 여행,288,역사,NNG
경주 여행,288,유적,NNG
경주 여행,288,답사,NNG
경주 여행,288,동행,NNG
경주 여행,288,해서,XSV+EC
경주 여행,288,이런,MM
경주 여행,288,아무리,MAG
경주 여행,288,생각,NNG
경주 여행,288,해봐도,XSV+EC+VX+EC
경주 여행,288,국내,NNG
경주 여행,288,에선,JKB+JX
경주 여행,288,특징,NNG
경주 여행,288,하나,NR
경주 여행,288,평온,NNG
경주 여행,288,자연,NNG
경주 여행,289,황리,NNG
경주 여행,289,카페,NNG
경주 여행,289,카페,NNG
경주 여행,289,카페,NNG
경주 여행,289,황리,NNG
경주 여행,289,메인,VV+ETM
경주 여행,289,거리,NNG
경주 여행,289,위치,NNG
경주 여행,289,어서,EC
경주 여행,289,거리,NNG
경주 여행,289,둘러보,VV
경주 여행,289,뚜벅,MAG
경주 여행,289,입니다,VCP+EF
경주 여행,289,인테리어,NNG
경주 여행,289,예쁘,VA
경주 여행,289,어서,EC
경주 여행,289,더욱,MAG
경주 여행,289,눈길,NNG
경주 여행,289,카페,NNG
경주 여행,289,입니다,VCP+EF
경주 여행,289,황리,NNG
경주 여행,289,카페,NNG
경주 여행,289,카페,NNG
경주 여행,289,날씨,NNG
경주 여행,290,경북,NNP
경주 여행,290,국밥,NNG
경주 여행,290,맛집,NNG
경주 여행,290,수백,NR
경주 여행,290,보문,NNG
경주 여행,290,com,SL
경주 여행,290,633,SN
경주 여행,290,경북,NNP
경주 여행,290,교촌,NNP
경주 여행,290,마을,NNG
경주 여행,290,교촌,NNG
경주 여행,290,보관,NNG
경주 여행,290,아이,NNG
경주 여행,290,가족,NNG
경주 여행,290,2024,SN
경주 여행,290,31,SN
경주 여행,290,가족,NNG
경주 여행,290,함께,MAG
경주 여행,290,기록,NNG
경주 여행,290,오늘,NNG
경주 여행,290,가족,NNG
경주 여행,290,모임,NNG
경주 여행,290,어서,EC
경주 여행,290,경북,NNP
경주 여행,290,어요,EF
경주 여행,291,불국사역,NNP
경주 여행,291,에서,JKB
경주 여행,291,동대구,NNG
경주 여행,291,까지,JX
경주 여행,291,기차,NNG
경주 여행,291,무궁화호,NNP
경주 여행,291,시간,NNG
경주 여행,291,시외,NNG
경주 여행,291,고속,NNG
경주 여행,291,버스,NNG
경주 여행,291,터미널,NNG
경주 여행,291,모두,MAG
경주 여행,291,거리,NNG
경주 여행,291,어서,EC
경주 여행,291,어디,NP
경주 여행,291,따라,VV+EC
경주 여행,291,대중,NNG
경주 여행,291,교통,NNG
경주 여행,291,종류,NNG
경주 여행,291,달라지,VV
경주 여행,291,는데,EC
경주 여행,291,서울,NNP
경주 여행,291,이나,JC
경주 여행,291,대전,NNP
경주 여행,291,까지,JX
경주 여행,291,시간,NNBC
경주 여행,291,이상,NNG
경주 여행,291,걸리,VV
경주 여행,291,코스,NNG
경주 여행,291,라고,VCP+EC
경주 여행,292,알라딘,NNP
경주 여행,292,100,SN
경주 여행,292,자평,NNG
경주 여행,292,일상,NNG
경주 여행,292,고고학,NNG
경주 여행,292,혼자,MAG
경주 여행,292,지음,NNG
경주 여행,292,고양이,NNG
경주 여행,292,2020,SN
경주 여행,292,10,SN
경주 여행,292,평점,NNG
경주 여행,292,정말,MAG
경주 여행,292,도시,NNG
경주 여행,292,입니다,VCP+EF
경주 여행,292,시간,NNG
경주 여행,292,기분,NNG
경주 여행,292,어서,EC
경주 여행,292,행복,NNG
경주 여행,292,거든요,EF
경주 여행,292,코로나,NNP
경주 여행,292,때문,NNB
경주 여행,292,버렸,VX+EP
경주 여행,292,네요,EF
경주 여행,292,으로,JKB
경주 여행,292,혼자,MAG
경주 여행,292,네요,EC
경주 여행,293,파란,VA+ETM
경주 여행,293,하늘,NNG
경주 여행,293,구름,NNG
경주 여행,293,동동,MAG
경주 여행,293,아름다운,VA+ETM
경주 여행,293,신나,VV
경주 여행,293,고속도로,NNP
경주 여행,293,달려,VV+EC
경주 여행,293,간다,VV+EC
경주 여행,293,오늘,NNG
경주 여행,293,힐링,NNG
경주 여행,293,산송,NNG
경주 여행,293,한우구,NNP
경주 여행,293,언양,NNP
경주 여행,293,불고기,NNG
경주 여행,293,더덕구이,NNG
경주 여행,293,자알,MAG
경주 여행,293,이랑,JC
경주 여행,293,라떼,NNG
경주 여행,293,한잔,NNG
경주 여행,293,노천온천,NNP
경주 여행,293,으로,JKB
경주 여행,293,간다,VV+EC
경주 여행,293,파란,VA+ETM
경주 여행,293,하늘,NNG
경주 여행,294,알라딘,NNP
경주 여행,294,100,SN
경주 여행,294,자평,NNG
경주 여행,294,일상,NNG
경주 여행,294,고고학,NNG
경주 여행,294,혼자,MAG
경주 여행,294,2020,SN
경주 여행,294,10,SN
경주 여행,294,평점,NNG
경주 여행,294,매년,MAG
경주 여행,294,가을,NNG
경주 여행,294,꿈꾸,VV
경주 여행,294,지만,EC
경주 여행,294,아직,MAG
경주 여행,294,실천,NNG
경주 여행,294,사람,NNG
경주 여행,294,입니다,VCP+EF
경주 여행,294,알차,VA
경주 여행,294,느낄,VV+ETM
경주 여행,294,기대,NNG
경주 여행,294,열심히,MAG
경주 여행,294,습니다,EF
경주 여행,295,알라딘,NNP
경주 여행,295,100,SN
경주 여행,295,자평,NNG
경주 여행,295,일상,NNG
경주 여행,295,고고학,NNG
경주 여행,295,혼자,MAG
경주 여행,295,일상,NNG
경주 여행,295,고고학,NNG
경주 여행,295,혼자,MAG
경주 여행,295,개정,NNG
경주 여행,295,증보판,NNG
경주 여행,295,일상,NNG
경주 여행,295,고고학,NNG
경주 여행,295,시리즈,NNG
경주 여행,295,황윤,NNG
경주 여행,295,지음,NNG
경주 여행,295,고양이,NNG
경주 여행,295,2020,SN
경주 여행,295,10,SN
경주 여행,295,평점,NNG
경주 여행,295,지만,EC
경주 여행,295,제대로,MAG
경주 여행,295,구경,NNG
경주 여행,295,네요,EF
경주 여행,295,코로나,NNP
경주 여행,296,알라딘,NNP
경주 여행,296,100,SN
경주 여행,296,자평,NNG
경주 여행,296,일상,NNG
경주 여행,296,고고학,NNG
경주 여행,296,혼자,MAG
경주 여행,296,일상,NNG
경주 여행,296,고고학,NNG
경주 여행,296,혼자,MAG
경주 여행,296,개정,NNG
경주 여행,296,증보판,NNG
경주 여행,296,일상,NNG
경주 여행,296,고고학,NNG
경주 여행,296,시리즈,NNG
경주 여행,296,황윤,NNG
경주 여행,296,지음,NNG
경주 여행,296,고양이,NNG
경주 여행,296,2020,SN
경주 여행,296,10,SN
경주 여행,296,평점,NNG
경주 여행,296,수학,NNG
경주 여행,296,이후,NNG
경주 여행,296,못했,VX+EP
경주 여행,296,대해,VV+EC
경주 여행,296,다시,MAG
경주 여행,296,생각,NNG
경주 여행,296,네요,EC
경주 여행,297,나정,NNG
경주 여행,297,맛집,NNG
경주 여행,297,나정,NNG
경주 여행,297,라면,NNG
경주 여행,297,맛집,NNG
경주 여행,297,에도,NNP
경주 여행,297,바다,NNG
경주 여행,297,나정,NNG
경주 여행,297,스토리,NNG
경주 여행,297,올려,VV+EC
경주 여행,297,드릴께요,VX+EF
경주 여행,297,에도,NNP
경주 여행,297,바다,NNG
경주 여행,297,다는,ETM
경주 여행,297,사실,NNG
경주 여행,297,아시나,NNP
경주 여행,297,정하,VV
경주 여행,297,면서,EC
경주 여행,297,바다,NNG
경주 여행,297,남편,NNG
경주 여행,297,역사,NNG
경주 여행,297,좋아해서,VV+EC
경주 여행,297,유적지,NNG
경주 여행,297,어요,EF
경주 여행,297,그러,VV
경주 여행,298,가을,NNG
경주 여행,298,도착,NNG
경주 여행,298,오늘,NNG
경주 여행,298,작년,NNG
경주 여행,298,여름,NNG
경주 여행,298,코스,NNG
경주 여행,298,서출지,NNG
경주 여행,298,통일전,NNP
경주 여행,298,그리고,MAJ
경주 여행,298,산림,NNG
경주 여행,298,연구원,NNG
경주 여행,298,둘러보,VV
경주 여행,298,핑크,NNG
경주 여행,298,예쁜,VA+ETM
경주 여행,298,첨성대,NNG
경주 여행,298,주변,NNG
경주 여행,298,황리,NNG
경주 여행,298,구경,NNG
경주 여행,298,헉헉,MAG
경주 여행,298,점심,NNG
경주 여행,298,커피,NNG
경주 여행,298,면서,EC
경주 여행,298,돌린다,VV+EC
경주 여행,298,조금,NNG
경주 여행,298,가을,NNG
경주 여행,298,찾아오,VV
경주 여행,299,알라딘,NNP
경주 여행,299,100,SN
경주 여행,299,자평,NNG
경주 여행,299,일상,NNG
경주 여행,299,고고학,NNG
경주 여행,299,혼자,MAG
경주 여행,299,일상,NNG
경주 여행,299,고고학,NNG
경주 여행,299,혼자,MAG
경주 여행,299,개정,NNG
경주 여행,299,증보판,NNG
경주 여행,299,일상,NNG
경주 여행,299,고고학,NNG
경주 여행,299,시리즈,NNG
경주 여행,299,황윤,NNG
경주 여행,299,지음,NNG
경주 여행,299,고양이,NNG
경주 여행,299,2020,SN
경주 여행,299,10,SN
경주 여행,299,평점,NNG
경주 여행,299,수학,NNG
경주 여행,299,역사,NNG
경주 여행,299,의미,NNG
경주 여행,299,모르,VV
경주 여행,299,지나쳤,VV+EP
경주 여행,299,지만,EC
경주 여행,299,이제,NNG
경주 여행,299,풍경,NNG
경주 여행,299,하나,NR
경주 여행,299,하나,NR
경주 여행,299,에서,JKB
경주 여행,300,알라딘,NNP
경주 여행,300,100,SN
경주 여행,300,자평,NNG
경주 여행,300,일상,NNG
경주 여행,300,고고학,NNG
경주 여행,300,혼자,MAG
경주 여행,300,앞서,MAG
경주 여행,300,출간,NNG
경주 여행,300,일상,NNG
경주 여행,300,고고학,NNG
경주 여행,300,혼자,NNG
경주 여행,300,백제,NNG
경주 여행,300,이어,MAG
경주 여행,300,이번,NNG
경주 여행,300,입니다,VCP+EF
경주 여행,300,전작,NNG
경주 여행,300,백제,NNG
경주 여행,300,만족,NNG
경주 여행,300,스러웠,XSA+EP
경주 여행,300,라면,EC
경주 여행,300,이번,NNG
경주 여행,300,무조건,MAG
경주 여행,300,탑승,NNG
경주 여행,300,바랍니다,VV+EC
경주 여행,301,동궁,NNG
경주 여행,301,월지,NNG
경주 여행,301,첨성대,NNG
경주 여행,301,야경,NNG
경주 여행,301,연꽃,NNG
경주 여행,301,단지,MAG
경주 여행,301,분황사,NNG
경주 여행,301,방문,NNG
경주 여행,301,다시,MAG
경주 여행,301,남겨,VV+EC
경주 여행,301,이웃,NNG
경주 여행,301,지내,VV
경주 여행,301,나요,EF
경주 여행,301,지난주,NNG
경주 여행,301,blog,SL
경주 여행,301,naver,SL
경주 여행,301,com,SL
경주 여행,301,예전,NNG
경주 여행,301,사진,NNG
경주 여행,301,떠나,VV
경주 여행,301,진다,VX+EC
경주 여행,302,경북,NNP
경주 여행,302,천문,NNG
경주 여행,302,기상,NNG
경주 여행,302,관측대,NNG
경주 여행,302,첨성대,NNG
경주 여행,302,일자,NNG
경주 여행,302,2016,SN
경주 여행,302,인원,NNG
경주 여행,302,친구,NNG
경주 여행,302,함께,MAG
경주 여행,302,첨성대,NNG
경주 여행,302,경북,NNP
경주 여행,302,인왕동,NNP
경주 여행,302,839,SN
경주 여행,302,전화,NNG
경주 여행,302,054,SN
경주 여행,302,779,SN
경주 여행,302,8741,SN
경주 여행,302,첨성대,NNG
경주 여행,302,관람료,NNG
경주 여행,302,무료,NNG
경주 여행,302,경북,NNP
경주 여행,302,이야기,NNG
경주 여행,302,첨성대,NNG
경주 여행,302,에서,JKB
경주 여행,302,바라본,VV+ETM
경주 여행,302,대릉원,NNG
경주 여행,302,야경,NNG
경주 여행,303,데이,NNG
경주 여행,303,택시,NNG
경주 여행,303,투어,NNG
경주 여행,303,감사,NNG
경주 여행,303,합니다,XSV+EF
경주 여행,303,구매,NNG
경주 여행,303,https,SL
경주 여행,303,smartstore,SL
경주 여행,303,naver,SL
경주 여행,303,com,SL
경주 여행,303,dptour,SL
경주 여행,303,products,SL
경주 여행,303,5981873243,SN
경주 여행,303,플레이스,NNG
경주 여행,303,데이,NNG
경주 여행,303,택시,NNG
경주 여행,303,투어,NNG
경주 여행,303,돌고래,NNG
경주 여행,303,돌핀,NNG
경주 여행,303,스토어,NNG
경주 여행,303,플레이스,NNG
경주 여행,303,데이,NNG
경주 여행,303,택시,NNG
경주 여행,303,투어,NNG
경주 여행,303,smartstore,SL
경주 여행,303,naver,SL
경주 여행,303,com,SL
경주 여행,304,설레임,VV+ETN
경주 여행,304,패밀리,NNG
경주 여행,304,일상,NNG
경주 여행,304,오늘,NNG
경주 여행,304,목적지,NNG
경주 여행,304,회사,NNG
경주 여행,304,제휴,NNG
경주 여행,304,숙소,NNG
경주 여행,304,저렴,XR
경주 여행,304,예약,NNG
경주 여행,304,나선다,VV+EC
경주 여행,304,도착,NNG
경주 여행,304,자마자,EC
경주 여행,304,고파서,VA+EC
경주 여행,304,우리,NP
경주 여행,304,가족,NNG
경주 여행,304,국수집,NNG
경주 여행,304,본다,VV+EC
경주 여행,304,와이프,NNG
경주 여행,304,검색,NNG
경주 여행,304,해서,XSV+EC
경주 여행,304,찾아간,VV+ETM
경주 여행,304,갈비,NNG
경주 여행,304,국수,NNG
경주 여행,305,경북,NNP
경주 여행,305,불국사,NNG
경주 여행,305,단아,XR
경주 여행,305,정숙,XR
경주 여행,305,묻어나,VV
경주 여행,305,겹벚꽃,NNG
경주 여행,305,벚꽃,NNG
경주 여행,305,벚꽃,NNG
경주 여행,305,즐기,VV
경주 여행,305,고수,NNG
경주 여행,305,라면,VCP+EC
경주 여행,305,서둘러,VV+EC
경주 여행,305,티켓,NNG
경주 여행,305,예약,NNG
경주 여행,305,다시,MAG
경주 여행,305,들썩이,VV
경주 여행,305,지역,NNG
경주 여행,305,벚꽃,NNG
경주 여행,305,거의,MAG
경주 여행,305,떨어지,VV
경주 여행,305,불국사,NNG
경주 여행,305,겹벚꽃,NNG
경주 여행,305,으로,JKB
경주 여행,305,유명,XR
경주 여행,305,불국사,NNP
경주 여행,305,입구,NNG
경주 여행,306,보문,NNG
경주 여행,306,단지,MAG
경주 여행,306,벚꽃,NNG
경주 여행,306,보문호,NNP
경주 여행,306,반길,VV+ETM
경주 여행,306,화사,XR
경주 여행,306,선사,NNG
경주 여행,306,17,SN
경주 여행,306,최적,NNG
경주 여행,306,지이,NNG
경주 여행,306,도로,NNG
경주 여행,306,꽃길,NNG
경주 여행,306,이른,VA+ETM
경주 여행,306,시각,NNG
경주 여행,306,와야,VV+EC
경주 여행,306,제대로,MAG
경주 여행,306,힐링,NNG
경주 여행,306,만개,NNG
경주 여행,306,아름다운,VA+ETM
경주 여행,306,경관,NNG
경주 여행,306,이루,VV
경주 여행,306,보문,NNG
경주 여행,306,단지,NNG
경주 여행,306,시가지,NNG
경주 여행,306,에서,JKB
경주 여행,306,동쪽,NNG
경주 여행,306,으로,JKB
경주 여행,306,10,SN
경주 여행,306,정도,NNG
경주 여행,306,떨어진,VV+ETM
경주 여행,306,활산,NNP
경주 여행,306,성터,NNG
경주 여행,307,경북,NNP
경주 여행,307,하얀,VA+ETM
경주 여행,307,목련,NNG
경주 여행,307,대릉원,NNG
경주 여행,307,목련,NNG
경주 여행,307,풍경,NNG
경주 여행,307,최근,NNG
경주 여행,307,빼놓,VV
경주 여행,307,코스,NNG
경주 여행,307,다름,VA+ETN
경주 여행,307,아닌,VCN+ETM
경주 여행,307,야경,NNG
경주 여행,307,둘러보,VV
경주 여행,307,연인,NNG
경주 여행,307,함께,MAG
경주 여행,307,떠나,VV
경주 여행,307,당신,NP
경주 여행,307,위한,VV+ETM
경주 여행,307,야경,NNG
경주 여행,307,투어,NNG
경주 여행,307,코스,NNG
경주 여행,307,소개,NNG
경주 여행,307,한다,XSV+EC
경주 여행,307,준비,NNG
경주 여행,308,세계,NNG
경주 여행,308,문화유산,NNG
경주 여행,308,양동,NNP
경주 여행,308,마을,NNG
경주 여행,308,18,SN
경주 여행,308,29,SN
경주 여행,308,시간,NNG
경주 여행,308,떠나,VV
경주 여행,308,다면,EC
경주 여행,308,조상,NNG
경주 여행,308,모습,NNG
경주 여행,308,고스란히,MAG
경주 여행,308,간직,NNG
경주 여행,308,수백,NR
경주 여행,308,숨결,NNG
경주 여행,308,양동,NNP
경주 여행,308,마을,NNG
경주 여행,308,제격,NNG
경주 여행,308,아닐까,VCN+EC
경주 여행,308,경상북도,NNP
경주 여행,308,강동면,NNP
경주 여행,308,양동,NNP
경주 여행,308,마을,NNG
경주 여행,308,138,SN
경주 여행,308,18,SN
경주 여행,308,지번,NNG
경주 여행,308,경상북도,NNP
경주 여행,308,강동면,NNP
경주 여행,309,경북,NNP
경주 여행,309,다리,NNG
경주 여행,309,정교,NNG
경주 여행,309,18,SN
경주 여행,309,21,SN
경주 여행,309,잠시,MAG
경주 여행,309,교촌,NNG
경주 여행,309,마을,NNG
경주 여행,309,도착,NNG
경주 여행,309,행사,NNG
경주 여행,309,잠시,MAG
경주 여행,309,간다,VX+EC
경주 여행,309,최근,NNG
경주 여행,309,빼놓,VV
경주 여행,309,연인,NNG
경주 여행,309,함께,MAG
경주 여행,309,떠나,VV
경주 여행,309,당신,NP
경주 여행,309,위한,VV+ETM
경주 여행,309,야경,NNG
경주 여행,309,투어,NNG
경주 여행,309,코스,NNG
경주 여행,309,소개,NNG
경주 여행,309,한다,XSV+EC
경주 여행,309,준비,NNG
경주 여행,310,야경,NNG
경주 여행,310,이쁜,VA+ETM
경주 여행,310,안압지,NNP
경주 여행,310,첨성대,NNG
경주 여행,310,16,SN
경주 여행,310,31,SN
경주 여행,310,어울린다,VV+EC
경주 여행,310,에서,JKB
경주 여행,310,빠질,VV+ETM
경주 여행,310,관광지,NNG
경주 여행,310,하나,NR
경주 여행,310,첨성대,NNG
경주 여행,310,첨성대,NNG
경주 여행,310,신라,NNP
경주 여행,310,시대,NNG
경주 여행,310,관측,NNG
경주 여행,310,최근,NNG
경주 여행,310,빼놓,VV
경주 여행,310,코스,NNG
경주 여행,310,다름,VA+ETN
경주 여행,310,아닌,VCN+ETM
경주 여행,310,야경,NNG
경주 여행,310,둘러보,VV
경주 여행,311,에서,JKB
경주 여행,311,사람,NNG
경주 여행,311,지나치,VV
경주 여행,311,몇몇,MM
경주 여행,311,지인,NNG
경주 여행,311,경험,NNG
경주 여행,311,생각,NNG
경주 여행,311,에서,JKB
경주 여행,311,주목,NNG
경주 여행,311,장소,NNG
경주 여행,311,정리,NNG
경주 여행,311,고즈넉,XR
경주 여행,311,산사,NNG
경주 여행,311,옥천사,NNG
경주 여행,311,수학,NNG
경주 여행,311,성지,NNG
경주 여행,311,역사,NNG
경주 여행,311,탐방,NNG
경주 여행,311,중심지,NNG
경주 여행,311,알려져,VV+EC+VX+EC
경주 여행,311,지만,EC
경주 여행,311,주변,NNG
경주 여행,311,으로,JKB
경주 여행,312,14,SN
경주 여행,312,개월,NNBC
경주 여행,312,아기,NNG
경주 여행,312,후기,NNG
경주 여행,312,정글,NNG
경주 여행,312,법칙,NNG
경주 여행,312,미디어,NNG
경주 여행,312,파크,NNG
경주 여행,312,버드,NNP
경주 여행,312,파크,NNG
경주 여행,312,그래도,VV+EC
경주 여행,312,일정,NNG
경주 여행,312,온다면,VV+EC
경주 여행,312,다녀오,VV
경주 여행,312,버드,NNP
경주 여행,312,파크,NNG
경주 여행,312,위치,NNG
경주 여행,312,경북,NNP
경주 여행,312,보문,NNG
경주 여행,312,74,SN
경주 여행,312,14,SN
경주 여행,312,북군동,NNP
경주 여행,312,185,SN
경주 여행,312,전화,NNG
경주 여행,312,054,SN
경주 여행,312,777,SN
경주 여행,312,7200,SN
경주 여행,312,운영,NNG
경주 여행,312,시간,NNG
경주 여행,312,10,SN
경주 여행,312,00,SN
경주 여행,312,19,SN
경주 여행,312,00,SN
경주 여행,312,입장료,NNG
경주 여행,312,대인,NNG
경주 여행,312,20,SN
경주 여행,312,000,SN
경주 여행,312,소인,NNG
경주 여행,312,15,SN
경주 여행,312,000,SN
경주 여행,313,울산,NNP
경주 여행,313,Part,SL
경주 여행,313,동궁,NNG
경주 여행,313,월지,NNG
경주 여행,313,누리,NNG
경주 여행,313,정원,NNG
경주 여행,313,성호,NNG
경주 여행,313,리조트,NNG
경주 여행,313,장생포,NNG
경주 여행,313,고래,NNG
경주 여행,313,문화,NNG
경주 여행,313,특구,NNP
경주 여행,313,라는,VCP+ETM
경주 여행,313,이름,NNG
경주 여행,313,으로,JKB
경주 여행,313,고래,NNG
경주 여행,313,주제,NNG
경주 여행,313,다채,XR
경주 여행,313,로운,XSA+ETM
경주 여행,313,관광지,NNG
경주 여행,313,형성,NNG
경주 여행,313,는데,EC
경주 여행,313,사실,MAG
경주 여행,313,고래,MAG
경주 여행,313,박물관,NNG
경주 여행,313,이나,JC
경주 여행,313,생태,NNG
경주 여행,313,jinstistory,SL
경주 여행,313,tistory,SL
경주 여행,313,com,SL
경주 여행,313,2023,SN
경주 여행,313,08,SN
경주 여행,313,16,SN
경주 여행,313,국내,NNG
경주 여행,313,울산,NNP
경주 여행,313,Part,SL
경주 여행,314,루비,NNG
경주 여행,314,정원,NNG
경주 여행,314,연휴,NNG
경주 여행,314,에서,JKB
경주 여행,314,시작,NNG
경주 여행,314,세요,EP+EF
경주 여행,314,신청,NNG
경주 여행,314,센터,NNG
경주 여행,314,광활,XR
경주 여행,314,부지,NNG
경주 여행,314,자리,NNG
경주 여행,314,역사,NNG
경주 여행,314,마당,NNG
경주 여행,314,엄청나,VA
경주 여행,314,너른,VA+ETM
경주 여행,314,연휴,NNG
경주 여행,314,계획,NNG
경주 여행,314,계신,VX+ETM
경주 여행,314,KTX,SL
경주 여행,314,이용,NNG
경주 여행,314,어떠,XR
경주 여행,314,신지,JKS+EP+EC
경주 여행,314,Copyright,SL
경주 여행,314,2011,SN
경주 여행,314,루비,NNG
경주 여행,314,All,SL
경주 여행,314,pictures,SL
경주 여행,315,출장,NNG
경주 여행,315,깨끗,XR
경주 여행,315,조식,NNG
경주 여행,315,제공,NNG
경주 여행,315,에이치,NNG
경주 여행,315,비뉴,NNG
경주 여행,315,호텔,NNG
경주 여행,315,불국사,NNP
경주 여행,315,까지,JX
경주 여행,315,도보,NNG
경주 여행,315,15,SN
경주 여행,315,거리,NNG
경주 여행,315,어서,EC
경주 여행,315,피로,NNG
경주 여행,315,조금,NNG
경주 여행,315,이나마,JX
경주 여행,315,습니다,EF
경주 여행,315,아침,NNG
경주 여행,315,일찍,MAG
경주 여행,315,불국사,NNG
경주 여행,315,방문,NNG
경주 여행,315,한적,XR
경주 여행,315,고요,NNG
경주 여행,315,분위기,NNG
경주 여행,315,에서,JKB
경주 여행,315,산책,NNG
경주 여행,315,즐기,VV
경주 여행,315,최적,NNG
경주 여행,315,위치,NNG
경주 여행,315,습니다,EF
경주 여행,315,스테이,NNG
경주 여행,316,알라딘,NNP
경주 여행,316,100,SN
경주 여행,316,자평,NNG
경주 여행,316,일상,NNG
경주 여행,316,고고학,NNG
경주 여행,316,혼자,MAG
경주 여행,316,일상,NNG
경주 여행,316,고고학,NNG
경주 여행,316,혼자,MAG
경주 여행,316,개정,NNG
경주 여행,316,증보판,NNG
경주 여행,316,일상,NNG
경주 여행,316,고고학,NNG
경주 여행,316,시리즈,NNG
경주 여행,316,황윤,NNG
경주 여행,316,지음,NNG
경주 여행,316,고양이,NNG
경주 여행,316,2020,SN
경주 여행,316,10,SN
경주 여행,316,평점,NNG
경주 여행,316,역사,NNG
경주 여행,316,사랑,NNG
경주 여행,316,사람,NNG
경주 여행,316,으로,JKB
경주 여행,316,바라본,VV+ETM
경주 여행,316,만큼,NNB
경주 여행,316,보이,VV
경주 여행,316,사랑,NNG
경주 여행,317,20200727,SN
경주 여행,317,08,SN
경주 여행,317,02,SN
경주 여행,317,20200728,SN
경주 여행,317,2020,SN
경주 여행,317,08,SN
경주 여행,317,02,SN
경주 여행,317,20200727,SN
경주 여행,317,2020,SN
경주 여행,317,08,SN
경주 여행,317,02,SN
경주 여행,317,평화,NNG
경주 여행,317,2020,SN
경주 여행,317,07,SN
경주 여행,317,13,SN
경주 여행,317,강릉,NNP
경주 여행,317,서나,NNG
경주 여행,317,2020,SN
경주 여행,317,07,SN
경주 여행,317,08,SN
경주 여행,317,강릉,NNP
경주 여행,317,2020,SN
경주 여행,317,07,SN
경주 여행,317,08,SN
경주 여행,318,한옥,NNG
경주 여행,318,숙소,NNG
경주 여행,318,소설,NNG
경주 여행,318,첨성,NNG
경주 여행,318,대점,NNG
경주 여행,318,비향,NNP
경주 여행,318,15,SN
경주 여행,318,한옥,NNG
경주 여행,318,숙소,NNG
경주 여행,318,이름,NNG
경주 여행,318,특이,XR
경주 여행,318,소설,NNG
경주 여행,318,첨성,NNG
경주 여행,318,대점,NNG
경주 여행,318,첨성대,NNG
경주 여행,318,진짜,MAG
경주 여행,318,가까워서,VA+EC
경주 여행,318,첨성,NNG
경주 여행,318,대점,NNG
경주 여행,318,이쁘,VA
경주 여행,318,이쁜,VA+ETM
경주 여행,318,한옥,NNG
경주 여행,318,소설,NNG
경주 여행,318,너무너무,MAG
경주 여행,318,너무,MAG
경주 여행,318,인기,NNG
경주 여행,318,라서,EC
경주 여행,318,주말,NNG
경주 여행,318,으려면,EC
경주 여행,319,알라딘,NNP
경주 여행,319,황금,NNG
경주 여행,319,호두,NNG
경주 여행,319,열리,VV
경주 여행,319,무웅,NNP
경주 여행,319,함께,MAG
경주 여행,319,떠나,VV
경주 여행,319,코스,NNG
경주 여행,319,인데,VCP+EC
경주 여행,319,새로운,VA+ETM
경주 여행,319,느낌,NNG
경주 여행,319,자꾸,MAG
경주 여행,319,새로운,VA+ETM
경주 여행,319,느낌,NNG
경주 여행,319,빠져,VV+EC
경주 여행,319,는데,EC
경주 여행,319,신라,NNP
경주 여행,319,에서,JKB
경주 여행,319,아이,NNG
경주 여행,319,함께,MAG
경주 여행,319,새롭,VA
경주 여행,319,다가왔,VV+EP
경주 여행,319,한참,MAG
경주 여행,319,티비,NNG
경주 여행,319,에서,JKB
경주 여행,320,까지,JX
경주 여행,320,이동은,NNP
경주 여행,320,기차,NNG
경주 여행,320,에서,JKB
경주 여행,320,자전거,NNG
경주 여행,320,도보,NNG
경주 여행,320,버스,NNG
경주 여행,320,투어,NNG
경주 여행,320,모두,MAG
경주 여행,320,가능,NNG
경주 여행,320,코스,NNG
경주 여행,320,시내,NNG
경주 여행,320,천마총,NNG
경주 여행,320,왕릉,NNG
경주 여행,320,첨성대,NNG
경주 여행,320,계림,NNG
경주 여행,320,포석정,NNP
경주 여행,320,안압지,NNP
경주 여행,321,알라딘,NNP
경주 여행,321,100,SN
경주 여행,321,자평,NNG
경주 여행,321,일상,NNG
경주 여행,321,고고학,NNG
경주 여행,321,혼자,MAG
경주 여행,321,일상,NNG
경주 여행,321,고고학,NNG
경주 여행,321,혼자,MAG
경주 여행,321,개정,NNG
경주 여행,321,증보판,NNG
경주 여행,321,일상,NNG
경주 여행,321,고고학,NNG
경주 여행,321,시리즈,NNG
경주 여행,321,황윤,NNG
경주 여행,321,지음,NNG
경주 여행,321,고양이,NNG
경주 여행,321,한참,MAG
경주 여행,321,는데,EC
경주 여행,321,오랜만,NNG
경주 여행,321,저자,NNG
경주 여행,321,함께,MAG
경주 여행,321,걸으며,VV+EC
경주 여행,321,역사,NNG
경주 여행,321,느낌,NNG
경주 여행,321,네요,EC
경주 여행,322,감포,NNP
경주 여행,322,대말,NNG
경주 여행,322,체험,NNG
경주 여행,322,전시관,NNG
경주 여행,322,위치,NNG
경주 여행,322,경북,NNP
경주 여행,322,척사,NNG
경주 여행,322,18,SN
경주 여행,322,94,SN
경주 여행,322,운영,NNG
경주 여행,322,시간,NNG
경주 여행,322,09,SN
경주 여행,322,00,SN
경주 여행,322,18,SN
경주 여행,322,00,SN
경주 여행,322,연중무휴,NNG
경주 여행,322,대표,NNG
경주 여행,322,전화,NNG
경주 여행,322,054,SN
경주 여행,322,744,SN
경주 여행,322,3233,SN
경주 여행,322,입장료,NNG
경주 여행,322,무료,NNG
경주 여행,322,대말,NNG
경주 여행,322,체험,NNG
경주 여행,322,아이,NNG
경주 여행,322,함께,MAG
경주 여행,322,점심,NNG
경주 여행,322,시간,NNG
경주 여행,322,12,SN
경주 여행,322,00,SN
경주 여행,322,13,SN
경주 여행,322,00,SN
경주 여행,322,운영,NNG
경주 여행,323,코스,NNG
경주 여행,323,읍천항,NNP
경주 여행,323,주상,NNG
경주 여행,323,절리,NNG
경주 여행,323,파도,NNG
경주 여행,323,소리,NNG
경주 여행,323,주상,NNG
경주 여행,323,절리,NNG
경주 여행,323,제주도,NNP
경주 여행,323,만큼,JKB
경주 여행,323,이나,JX
경주 여행,323,이쁜,VA+ETM
경주 여행,323,게다가,MAG
경주 여행,323,조용,XR
경주 여행,323,읍천항,NNP
경주 여행,323,코스,NNG
경주 여행,323,읍천항,NNP
경주 여행,323,자리,NNG
경주 여행,323,주상,NNG
경주 여행,323,절리,NNG
경주 여행,323,파도,NNG
경주 여행,323,소리,NNG
경주 여행,323,주차장,NNG
경주 여행,323,갖추,VV
경주 여행,323,따라,VV+EC
경주 여행,323,등대,NNG
경주 여행,323,까지,JX
경주 여행,324,교리,NNG
경주 여행,324,김밥,NNG
경주 여행,324,맛집,NNG
경주 여행,324,면서,EC
경주 여행,324,들린,VV+ETM
경주 여행,324,김밥,NNG
경주 여행,324,남산,NNG
경주 여행,324,등산,NNG
경주 여행,324,포함,NNG
경주 여행,324,해서,XSV+EC
경주 여행,324,당일,NNG
경주 여행,324,계획,NNG
경주 여행,324,다녀왔,VV+EP
경주 여행,324,습니다,EF
경주 여행,324,코스,NNG
경주 여행,324,에선,JKB+JX
경주 여행,324,여하튼,MAJ
경주 여행,324,처럼,JKB
경주 여행,324,정도,NNG
경주 여행,324,라는,ETM
경주 여행,324,생각,NNG
경주 여행,324,네요,EF
경주 여행,324,특히나,MAG
경주 여행,324,남산,NNG
경주 여행,325,놀부,NNG
경주 여행,325,보쌈,NNG
경주 여행,325,황오,NNP
경주 여행,325,배달,NNG
경주 여행,325,후기,NNG
경주 여행,325,숙소,NNG
경주 여행,325,황남,NNG
경주 여행,325,머물,VV
경주 여행,325,어요,EF
경주 여행,325,저녁,NNG
경주 여행,325,아이,NNG
경주 여행,325,지치,VV
경주 여행,325,배민,NNG
경주 여행,325,놀부,NNG
경주 여행,325,보쌈,NNG
경주 여행,325,검색,NNG
경주 여행,325,황오,NNP
경주 여행,325,에서,JKB
경주 여행,325,배달,NNG
경주 여행,325,가능,NNG
경주 여행,325,다고,EC
경주 여행,325,나오,VV
경주 여행,325,네요,EF
경주 여행,325,저희,NP
경주 여행,325,황남,NNG
경주 여행,325,머물,VV
경주 여행,325,때문,NNB
경주 여행,326,안녕,IC
경주 여행,326,2014,SN
경주 여행,326,2014,SN
경주 여행,326,그냥,MAG
경주 여행,326,보내,VV
경주 여행,326,아쉬워서,VA+EC
경주 여행,326,기차,NNG
경주 여행,326,떠났,VV+EP
경주 여행,326,일전,NNG
경주 여행,326,크리스마스,NNG
경주 여행,326,오늘,NNG
경주 여행,326,안녕,NNG
경주 여행,326,2014,SN
경주 여행,326,이번,NNG
경주 여행,326,럭셔리,XR
경주 여행,326,컨셉,NNG
경주 여행,326,으로,JKB
경주 여행,326,호텔,NNG
경주 여행,326,에서,JKB
경주 여행,327,알라딘,NNP
경주 여행,327,서재,NNP
경주 여행,327,이야기,NNG
경주 여행,327,일상,NNG
경주 여행,327,고고학,NNG
경주 여행,327,혼자,MAG
경주 여행,327,무대,NNG
경주 여행,327,에세이,NNG
경주 여행,327,만날,VV+ETM
경주 여행,327,으로,JKB
경주 여행,327,에서,JKB
경주 여행,327,유명,XR
경주 여행,327,문화재,NNG
경주 여행,327,대한,VV+ETM
경주 여행,327,사전,NNG
경주 여행,327,지식,NNG
경주 여행,327,줄줄,MAG
경주 여행,327,얼마,NNG
경주 여행,327,든지,VCP+EC
경주 여행,327,재미있,VA
경주 여행,327,의미,NNG
경주 여행,328,알라딘,NNP
경주 여행,328,100,SN
경주 여행,328,자평,NNG
경주 여행,328,일상,NNG
경주 여행,328,고고학,NNG
경주 여행,328,혼자,MAG
경주 여행,328,일상,NNG
경주 여행,328,고고학,NNG
경주 여행,328,혼자,MAG
경주 여행,328,개정,NNG
경주 여행,328,증보판,NNG
경주 여행,328,일상,NNG
경주 여행,328,고고학,NNG
경주 여행,328,시리즈,NNG
경주 여행,328,황윤,NNG
경주 여행,328,지음,NNG
경주 여행,328,고양이,NNG
경주 여행,328,대한,VV+ETM
경주 여행,328,깊이,MAG
경주 여행,328,이야기,NNG
경주 여행,328,호기심,NNG
경주 여행,328,해줍니다,XSV+EC+VX+EF
경주 여행,328,100,SN
경주 여행,328,다니,EC
경주 여행,328,정말,MAG
경주 여행,328,대단,XR
경주 여행,328,습니다,EF
경주 여행,329,알라딘,NNP
경주 여행,329,100,SN
경주 여행,329,자평,NNG
경주 여행,329,일상,NNG
경주 여행,329,고고학,NNG
경주 여행,329,혼자,MAG
경주 여행,329,일상,NNG
경주 여행,329,고고학,NNG
경주 여행,329,혼자,MAG
경주 여행,329,개정,NNG
경주 여행,329,증보판,NNG
경주 여행,329,일상,NNG
경주 여행,329,고고학,NNG
경주 여행,329,시리즈,NNG
경주 여행,329,황윤,NNG
경주 여행,329,지음,NNG
경주 여행,329,고양이,NNG
경주 여행,329,2020,SN
경주 여행,329,10,SN
경주 여행,329,평점,NNG
경주 여행,329,신라,NNP
경주 여행,329,마니아,NNG
경주 여행,329,로부터,JKB
경주 여행,329,기라,NNG
경주 여행,329,관심,NNG
경주 여행,329,가요,NNG
경주 여행,329,고고학,NNG
경주 여행,329,관점,NNG
경주 여행,329,으로,JKB
경주 여행,330,석빙고,NNG
경주 여행,330,색다른,VA+ETM
경주 여행,330,볼거리,NNG
경주 여행,330,근처,NNG
경주 여행,330,안압,NNG
경주 여행,330,색다른,VA+ETM
경주 여행,330,볼거리,NNG
경주 여행,330,석빙고,NNG
경주 여행,330,이번,NNG
경주 여행,330,에서,JKB
경주 여행,330,다녀온,VV+ETM
경주 여행,330,석빙고,NNG
경주 여행,330,입니다,VCP+EF
경주 여행,330,석빙고,NNG
경주 여행,330,영조,NNG
경주 여행,330,만들,VV
경주 여행,330,일종,NNG
경주 여행,330,얼음,NNG
경주 여행,330,창고,NNG
경주 여행,330,근처,NNG
경주 여행,330,첨성대,NNG
경주 여행,330,비롯,XR
경주 여행,330,몰려,VV+EC
경주 여행,330,어서,EC
경주 여행,330,함께,MAG
경주 여행,331,가본,NNG
경주 여행,331,동궁,NNG
경주 여행,331,예쁜,VA+ETM
경주 여행,331,만나,VV
경주 여행,331,커피,NNG
경주 여행,331,열매,NNG
경주 여행,331,으면서,EC
경주 여행,331,노천온천,NNP
경주 여행,331,행복,NNG
경주 여행,332,황리,NNG
경주 여행,332,보문,NNG
경주 여행,332,단지,MAG
경주 여행,332,왕릉,NNG
경주 여행,332,탐방,NNG
경주 여행,332,데이트,NNG
경주 여행,332,코스,NNG
경주 여행,332,https,SL
경주 여행,332,youtu,SL
경주 여행,332,be,SL
경주 여행,332,nZzijKooIk,SL
경주 여행,332,황리,NNG
경주 여행,332,예쁘,VA
경주 여행,332,마음,NNG
경주 여행,332,낭만,NNG
경주 여행,332,으로,JKB
경주 여행,332,차오르,VV
경주 여행,332,경상도,NNP
경주 여행,332,에서,JKB
경주 여행,332,흔치,VA+EC
경주 여행,332,거리,NNG
경주 여행,332,바로,MAG
경주 여행,332,유적지,NNG
경주 여행,332,오래,MAG
경주 여행,332,한옥,NNG
경주 여행,332,고도,NNG
경주 여행,332,사뭇,MAG
경주 여행,332,어울리,VV
경주 여행,332,면서도,EC
경주 여행,333,밀면,NNP
경주 여행,333,에서,JKB
경주 여행,333,맛보,VV
경주 여행,333,가격,NNG
경주 여행,333,착해,VA+EC
경주 여행,333,5000,SN
경주 여행,333,비빔,NNG
경주 여행,333,물밀,VV
경주 여행,333,5000,SN
경주 여행,333,떡갈비,NNG
경주 여행,333,2000,SN
경주 여행,333,12,SN
경주 여행,333,000,SN
경주 여행,333,밥상,NNG
경주 여행,333,그리고,MAJ
경주 여행,333,뜨거운,VA+ETM
경주 여행,333,육수,NNG
경주 여행,333,까지,JX
경주 여행,333,평가,NNG
경주 여행,333,입맛,NNG
경주 여행,333,따라,VV+EC
경주 여행,333,취향,NNG
경주 여행,333,따루,MAG
경주 여행,333,따루,MAG
경주 여행,334,엑스,NNG
경주 여행,334,포대,NNG
경주 여행,334,공원,NNG
경주 여행,334,2025,SN
경주 여행,334,08,SN
경주 여행,334,16,SN
경주 여행,334,푸른,VA+ETM
경주 여행,334,애벌레,NNG
경주 여행,334,둘째,NR
경주 여행,334,보문호,NNP
경주 여행,334,주변,NNG
경주 여행,334,10,SN
경주 여행,334,엑스,NNG
경주 여행,334,포대,NNG
경주 여행,334,공원,NNG
경주 여행,334,입장,NNG
경주 여행,334,엑스포,NNG
경주 여행,334,기념관,NNG
경주 여행,334,천마,NNG
경주 여행,334,궁전,NNG
경주 여행,334,타워,NNG
경주 여행,334,솔거,NNG
경주 여행,334,미술관,NNG
경주 여행,334,자연사,NNG
경주 여행,334,박물관,NNG
경주 여행,335,2020,SN
경주 여행,335,동방역,NNP
경주 여행,335,능소화,NNG
경주 여행,335,서출지,NNG
경주 여행,335,경북,NNP
경주 여행,335,산림,NNG
경주 여행,335,연구원,NNG
경주 여행,335,2020,SN
경주 여행,335,25,SN
경주 여행,335,동방역,NNP
경주 여행,335,능소화,NNG
경주 여행,335,서출지,NNG
경주 여행,335,경북,NNP
경주 여행,335,산림,NNG
경주 여행,335,연구원,NNG
경주 여행,336,모녀,NNG
경주 여행,336,함께,MAG
경주 여행,336,바보,NNG
경주 여행,336,블로그,NNG
경주 여행,336,모녀,NNG
경주 여행,336,함께,MAG
경주 여행,336,2019,SN
경주 여행,336,10,SN
경주 여행,336,15,SN
경주 여행,336,첨성대,NNG
경주 여행,336,야생,NNG
경주 여행,336,단지,MAG
경주 여행,336,계림,NNG
경주 여행,336,월지,NNG
경주 여행,336,안압지,NNP
경주 여행,336,계림,NNP
경주 여행,336,월지,NNP
경주 여행,336,안압지,NNP
경주 여행,336,야경,NNG
경주 여행,336,박물관,NNG
경주 여행,336,10,SN
경주 여행,336,16,SN
경주 여행,336,김유신,NNP
경주 여행,336,장군,NNG
경주 여행,337,석굴암,NNG
경주 여행,337,2018,SN
경주 여행,337,10,SN
경주 여행,338,알라딘,NNP
경주 여행,338,100,SN
경주 여행,338,자평,NNG
경주 여행,338,일상,NNG
경주 여행,338,고고학,NNG
경주 여행,338,혼자,MAG
경주 여행,338,일상,NNG
경주 여행,338,고고학,NNG
경주 여행,338,혼자,MAG
경주 여행,338,개정,NNG
경주 여행,338,증보판,NNG
경주 여행,338,일상,NNG
경주 여행,338,고고학,NNG
경주 여행,338,시리즈,NNG
경주 여행,338,황윤,NNG
경주 여행,338,지음,NNG
경주 여행,338,고양이,NNG
경주 여행,338,2020,SN
경주 여행,338,10,SN
경주 여행,338,평점,NNG
경주 여행,338,삼국,NNG
경주 여행,338,시대,NNG
경주 여행,338,관한,VV+ETM
경주 여행,338,거의,MAG
경주 여행,338,모든,MM
경주 여행,338,자료,NNG
경주 여행,338,섭렵,NNG
경주 여행,338,소장,NNG
경주 여행,338,역사,NNG
경주 여행,338,학자,NNG
경주 여행,338,순수,NNG
경주 여행,338,시각,NNG
경주 여행,338,생생,XR
경주 여행,339,알라딘,NNP
경주 여행,339,일상,NNG
경주 여행,339,고고학,NNG
경주 여행,339,혼자,MAG
경주 여행,339,일상,NNG
경주 여행,339,고고학,NNG
경주 여행,339,혼자,MAG
경주 여행,339,개정,NNG
경주 여행,339,증보판,NNG
경주 여행,339,일상,NNG
경주 여행,339,고고학,NNG
경주 여행,339,시리즈,NNG
경주 여행,339,황윤,NNG
경주 여행,339,지음,NNG
경주 여행,339,고양이,NNG
경주 여행,339,2020,SN
경주 여행,339,10,SN
경주 여행,339,평점,NNG
경주 여행,339,수학,NNG
경주 여행,339,으로,JKB
경주 여행,339,추억,NNG
경주 여행,339,다시,MAG
경주 여행,339,한번,MAG
경주 여행,339,역사,NNG
경주 여행,339,그렇,VA
경주 여행,339,수록,EC
경주 여행,340,경비,NNG
경주 여행,340,혼자,NNG
경주 여행,340,떠난,VV+ETM
경주 여행,340,이동,NNG
경주 여행,340,수단,NNG
경주 여행,340,시외버스,NNG
경주 여행,340,버스,NNG
경주 여행,340,택시,NNG
경주 여행,340,시티투어,NNP
경주 여행,340,버스,NNG
경주 여행,340,Total,SL
경주 여행,340,13,SN
경주 여행,340,140,SN
경주 여행,340,기타,NNG
경주 여행,340,생필품,NNG
경주 여행,340,샴푸,NNG
경주 여행,340,린스,NNG
경주 여행,340,바디,NNG
경주 여행,340,워시,NNP
경주 여행,340,버블,NNG
경주 여행,340,490,SN
경주 여행,340,Total,SL
경주 여행,340,경비,NNG
경주 여행,340,148,SN
경주 여행,340,080,SN
경주 여행,341,경북,NNP
경주 여행,341,현대,NNG
경주 여행,341,호텔,NNG
경주 여행,341,현대,NNP
경주 여행,341,호텔,NNG
경주 여행,341,현대,NNG
경주 여행,341,호텔,NNG
경주 여행,341,보문,NNP
경주 여행,341,수상,NNG
경주 여행,341,공연장,NNG
경주 여행,341,보문관광단지,NNP
경주 여행,341,보문호,NNP
경주 여행,341,반길,VV+ETM
경주 여행,341,신라,NNP
경주 여행,341,컨트리클럽,NNG
경주 여행,341,숙박,NNG
경주 여행,341,현대,NNG
경주 여행,341,호텔,NNG
경주 여행,341,방문,NNG
경주 여행,341,일자,NNG
경주 여행,341,2016,SN
경주 여행,341,현대,NNG
경주 여행,341,호텔,NNG
경주 여행,341,경북,NNP
경주 여행,341,신평동,NNP
경주 여행,342,석굴암,NNG
경주 여행,342,불국사,NNG
경주 여행,342,09,SN
경주 여행,342,43,SN
경주 여행,342,석굴암,NNG
경주 여행,342,불국사,NNG
경주 여행,342,일시,NNG
경주 여행,342,2011,SN
경주 여행,342,22,SN
경주 여행,342,24,SN
경주 여행,342,장소,NNG
경주 여행,342,세째,NR
경주 여행,342,24,SN
경주 여행,342,석굴암,NNG
경주 여행,342,불국사,NNG
경주 여행,342,참여,NNG
경주 여행,342,우리,NP
경주 여행,342,가족,NNG
경주 여행,342,송국영,NNP
경주 여행,342,안종,NNP
경주 여행,342,송진주,NNP
경주 여행,342,김홍식,NNP
경주 여행,342,김연우,NNP
경주 여행,342,연주,NNP
경주 여행,342,조광민,NNP
경주 여행,343,대릉원,NNG
경주 여행,343,스탬프,NNG
경주 여행,343,투어,NNG
경주 여행,343,다섯,NR
경주 여행,343,이야기,NNG
경주 여행,343,대릉원,NNG
경주 여행,343,천마,NNG
경주 여행,343,경북,NNP
경주 여행,343,스탬프,NNG
경주 여행,343,투어,NNG
경주 여행,343,오릉,NNG
경주 여행,343,대릉원,NNG
경주 여행,343,천마총,NNG
경주 여행,343,오릉,NNG
경주 여행,343,교촌,NNG
경주 여행,343,마을,NNG
경주 여행,343,투어,NNG
경주 여행,343,마치,VV
경주 여행,343,다음,NNG
경주 여행,343,으로,JKB
경주 여행,343,찾아간,VV+ETM
경주 여행,343,바로,MAG
경주 여행,343,오릉,NNG
경주 여행,343,교촌,NNG
경주 여행,343,마을,NNG
경주 여행,343,면서,EC
경주 여행,343,조금,MAG
경주 여행,343,지치,VV
경주 여행,343,느낌,NNG
경주 여행,343,는데,EC
경주 여행,344,유적지,NNG
경주 여행,344,트레,NNP
경주 여행,344,대상지,NNG
경주 여행,344,유적지,NNG
경주 여행,344,트레,NNP
경주 여행,344,소재지,NNG
경주 여행,344,경북,NNP
경주 여행,344,2023,SN
경주 여행,344,10,SN
경주 여행,344,동궁,NNG
경주 여행,344,월지,NNG
경주 여행,344,반월,NNG
경주 여행,344,교촌,NNG
경주 여행,344,대릉원,NNG
경주 여행,344,44,SN
경주 여행,344,고분,NNG
경주 여행,344,분황사,NNG
경주 여행,344,황룡사,NNG
경주 여행,344,역사,NNG
경주 여행,344,문화원,NNG
경주 여행,344,동궁,NNG
경주 여행,344,월지,NNG
경주 여행,344,주차장,NNG
경주 여행,344,Km,SL
경주 여행,344,반월,NNG
경주 여행,344,에서,JKB
경주 여행,345,동궁,NNG
경주 여행,345,월지,NNG
경주 여행,345,안압지,NNP
경주 여행,345,야경,NNG
경주 여행,345,해외,NNG
경주 여행,345,이야기,NNG
경주 여행,345,후기,NNG
경주 여행,345,동궁,NNG
경주 여행,345,월지,NNG
경주 여행,345,안압지,NNP
경주 여행,345,야경,NNG
경주 여행,345,훌리아,NNP
경주 여행,345,2020,SN
경주 여행,345,25,SN
경주 여행,345,15,SN
경주 여행,345,17,SN
경주 여행,345,2019,SN
경주 여행,345,여름,NNG
경주 여행,345,사진,NNG
경주 여행,345,보관,NNG
경주 여행,345,구독,NNG
경주 여행,345,해외,NNG
경주 여행,345,이야기,NNG
경주 여행,345,후기,NNG
경주 여행,345,Related,SL
경주 여행,345,Articles,SL
경주 여행,346,2020,SN
경주 여행,346,06,SN
경주 여행,346,13,SN
경주 여행,346,14,SN
경주 여행,346,일요일,NNG
경주 여행,346,오전,NNG
경주 여행,346,오후,NNG
경주 여행,346,에서,JKB
경주 여행,346,고향,NNG
경주 여행,346,친구,NNG
경주 여행,346,함께,MAG
경주 여행,346,신라,NNP
경주 여행,346,대종,NNG
경주 여행,346,장맛비,NNG
경주 여행,346,시작,NNG
경주 여행,346,육월,NNP
경주 여행,346,중순,NNG
경주 여행,346,고향,NNG
경주 여행,346,친구,NNG
경주 여행,346,함께,MAG
경주 여행,346,에서,JKB
경주 여행,346,즐거운,VA+ETM
경주 여행,346,대릉원,NNG
경주 여행,346,돌담길,NNP
경주 여행,346,황리,NNG
경주 여행,347,이야기,NNG
경주 여행,347,계명,NNG
경주 여행,347,대학교,NNG
경주 여행,347,동산,NNG
경주 여행,347,병원,NNG
경주 여행,347,라고,EC
경주 여행,347,일자,NNG
경주 여행,347,2016,SN
경주 여행,347,인원,NNG
경주 여행,347,친구,NNG
경주 여행,347,함께,MAG
경주 여행,347,시외버스,NNG
경주 여행,347,터미널,NNG
경주 여행,347,경북,NNP
경주 여행,347,노서동,NNP
경주 여행,347,160,SN
경주 여행,347,전화,NNG
경주 여행,347,1666,SN
경주 여행,347,5599,SN
경주 여행,347,시외버스,NNG
경주 여행,347,터미널,NNG
경주 여행,348,알라딘,NNP
경주 여행,348,100,SN
경주 여행,348,자평,NNG
경주 여행,348,일상,NNG
경주 여행,348,고고학,NNG
경주 여행,348,혼자,MAG
경주 여행,348,일상,NNG
경주 여행,348,고고학,NNG
경주 여행,348,혼자,MAG
경주 여행,348,개정,NNG
경주 여행,348,증보판,NNG
경주 여행,348,일상,NNG
경주 여행,348,고고학,NNG
경주 여행,348,시리즈,NNG
경주 여행,348,황윤,NNG
경주 여행,348,지음,NNG
경주 여행,348,고양이,NNG
경주 여행,348,재미있,VA
경주 여행,348,길잡이,NNG
경주 여행,348,입니다,VCP+EF
경주 여행,348,풍부,XR
경주 여행,348,이해,NNG
경주 여행,349,코스,NNG
경주 여행,349,베스트,NNG
경주 여행,349,추천,NNG
경주 여행,349,top,SL
경주 여행,349,10,SN
경주 여행,349,코스,NNG
경주 여행,349,베스트,NNG
경주 여행,349,추천,NNG
경주 여행,349,top,SL
경주 여행,349,10,SN
경주 여행,349,코스,NNG
경주 여행,349,베스트,NNG
경주 여행,349,추천,NNG
경주 여행,349,top,SL
경주 여행,349,10,SN
경주 여행,349,소개,NNG
경주 여행,349,합니다,XSV+EC
경주 여행,349,황리,NNG
경주 여행,349,상호,NNG
경주 여행,349,황리,NNG
경주 여행,349,주소,NNG
경주 여행,349,경상북도,NNP
경주 여행,349,황남동,NNP
경주 여행,349,280,SN
경주 여행,349,전화,NNG
경주 여행,349,번호,NNG
경주 여행,349,입력,NNG
경주 여행,349,관련,NNG
경주 여행,349,키워드,NNP
경주 여행,349,키워드,NNP
경주 여행,350,코스,NNG
경주 여행,350,뚜벅,MAG
경주 여행,350,불국사,NNP
경주 여행,350,석굴암,NNG
경주 여행,350,중교,NNG
경주 여행,350,naver,SL
경주 여행,350,com,SL
경주 여행,350,loveartlove,SL
경주 여행,350,223054447834,SN
경주 여행,350,다시,MAG
경주 여행,350,서울,NNP
경주 여행,350,올라갈,VV+ETM
경주 여행,350,불국사,NNP
경주 여행,350,불국사,NNP
경주 여행,350,국보,NNG
경주 여행,350,다보탑,NNG
경주 여행,350,석가탑,NNG
경주 여행,350,석굴암,NNG
경주 여행,350,입장료,NNG
경주 여행,351,불국사,NNG
경주 여행,351,스탬프,NNG
경주 여행,351,투어,NNG
경주 여행,351,이야기,NNG
경주 여행,351,불국사,NNP
경주 여행,351,석굴암,NNG
경주 여행,351,경북,NNP
경주 여행,351,스탬프,NNG
경주 여행,351,투어,NNG
경주 여행,351,가을,NNG
경주 여행,351,불국사,NNG
경주 여행,351,석굴암,NNG
경주 여행,351,동리,NNG
경주 여행,351,문학관,NNG
경주 여행,351,구경,NNG
경주 여행,351,마치,VV
경주 여행,351,다음,NNG
경주 여행,351,으로,JKB
경주 여행,351,장소,NNG
경주 여행,351,핵심,NNG
경주 여행,351,메카,NNP
경주 여행,351,바로,MAG
경주 여행,351,불국사,NNP
경주 여행,351,석굴암,NNG
경주 여행,352,황리,NNG
경주 여행,352,한옥,NNG
경주 여행,352,카페,NNG
경주 여행,352,추천,NNG
경주 여행,352,카페,NNP
경주 여행,352,아덴,NNP
경주 여행,352,카페,NNP
경주 여행,352,아덴,NNP
경주 여행,352,위치,NNG
경주 여행,352,경북,NNP
경주 여행,352,사정,NNG
경주 여행,352,57,SN
경주 여행,352,운영,NNG
경주 여행,352,시간,NNG
경주 여행,352,매일,MAG
경주 여행,352,10,SN
경주 여행,352,와서,VV+EC
경주 여행,352,으로,JKB
경주 여행,352,채울,VV+ETM
경주 여행,352,어서,EC
경주 여행,352,어요,EF
경주 여행,352,실시간,NNG
경주 여행,352,예보,NNG
경주 여행,352,너무,MAG
경주 여행,352,커피,NNG
경주 여행,352,아덴,NNP
경주 여행,352,시그,NNP
경주 여행,353,알라딘,NNP
경주 여행,353,100,SN
경주 여행,353,자평,NNG
경주 여행,353,일상,NNG
경주 여행,353,고고학,NNG
경주 여행,353,혼자,MAG
경주 여행,353,일상,NNG
경주 여행,353,고고학,NNG
경주 여행,353,혼자,MAG
경주 여행,353,개정,NNG
경주 여행,353,증보판,NNG
경주 여행,353,일상,NNG
경주 여행,353,고고학,NNG
경주 여행,353,시리즈,NNG
경주 여행,353,황윤,NNG
경주 여행,353,지음,NNG
경주 여행,353,고양이,NNG
경주 여행,353,2020,SN
경주 여행,353,10,SN
경주 여행,353,평점,NNG
경주 여행,353,대한,VV+ETM
경주 여행,353,아름다움,VA+ETN
경주 여행,353,느낄,VV+ETM
경주 여행,353,기대,NNG
경주 여행,353,됩니다,XSV+EC
경주 여행,354,알라딘,NNP
경주 여행,354,서재,NNP
경주 여행,354,필수,NNG
경주 여행,354,필요,NNG
경주 여행,354,지식,NNG
경주 여행,354,설명,NNG
경주 여행,354,이해,NNG
경주 여행,354,사진,NNG
경주 여행,354,정보,NNG
경주 여행,354,가득,MAG
경주 여행,354,서울,NNP
경주 여행,354,이어,MAG
경주 여행,354,역사,NNG
경주 여행,354,꿈꾸,VV
경주 여행,354,한옥,NNG
경주 여행,354,에서,JKB
경주 여행,354,독서,NNG
경주 여행,354,모임,NNG
경주 여행,354,다가,EC
경주 여행,354,바로,MAG
경주 여행,354,주문,NNG
경주 여행,354,역사,NNG
경주 여행,354,예정,NNG
경주 여행,355,에서,JKB
경주 여행,355,걸어서,VV+EC
경주 여행,355,대릉원,NNG
경주 여행,355,까지,JX
경주 여행,355,대릉원,NNG
경주 여행,355,담장,NNG
경주 여행,355,2018,SN
경주 여행,355,11,SN
경주 여행,355,이번,NNG
경주 여행,355,천천히,MAG
경주 여행,355,걸으며,VV+EC
경주 여행,355,가을,NNG
경주 여행,355,만끽,NNG
경주 여행,355,컨셉,NNG
경주 여행,355,마침,MAG
경주 여행,355,가을,NNG
경주 여행,355,분위기,NNG
경주 여행,355,한껏,MAG
경주 여행,355,고조,NNG
경주 여행,355,시켜,XSV+EC
경주 여행,355,벚나무,NNG
경주 여행,355,좌우,NNG
경주 여행,355,어서,EC
경주 여행,355,마다,JX
경주 여행,355,가지,VV
경주 여행,355,와서,VV+EC
경주 여행,356,Knowledge,SL
경주 여행,356,Box,SL
경주 여행,356,슈만,NNP
경주 여행,356,클라라,NNP
경주 여행,356,도착,NNG
경주 여행,356,제일,MAG
경주 여행,356,먼저,MAG
경주 여행,356,슈만,NNP
경주 여행,356,클라라,NNP
경주 여행,356,라는,VCP+ETM
경주 여행,356,cafe,SL
경주 여행,356,위치,NNG
경주 여행,356,요기,NP
경주 여행,356,여기,NP
경주 여행,356,버스,NNG
경주 여행,356,려고,EC
경주 여행,356,는데,EC
경주 여행,356,버스,NNG
경주 여행,356,너무,MAG
경주 여행,356,와서,VV+EC
경주 여행,356,택시,NNG
경주 여행,356,그러나,MAJ
경주 여행,356,다음,NNG
경주 여행,356,문제,NNG
경주 여행,356,계속,MAG
경주 여행,357,2303,SN
경주 여행,357,봄꽃,NNG
경주 여행,357,습니다,EF
경주 여행,357,벌써,MAG
경주 여행,357,마지막,NNG
경주 여행,357,월요일,NNG
경주 여행,357,찾아간,VV+ETM
경주 여행,357,벚꽃,NNG
경주 여행,357,상춘객,NNG
경주 여행,357,으로,JKB
경주 여행,357,많이,MAG
경주 여행,357,붐볐,VV+EP
경주 여행,357,습니다,EF
경주 여행,357,에서,JKB
경주 여행,357,점심,NNG
경주 여행,357,집사람,NNG
경주 여행,357,국도,NNG
경주 여행,357,천천히,MAG
경주 여행,357,올라가,VV
경주 여행,357,곳곳,NNG
경주 여행,357,벚꽃,NNG
경주 여행,357,자랑,NNG
경주 여행,357,열중,NNG
경주 여행,358,황리,NNG
경주 여행,358,맛집,NNG
경주 여행,358,여도,NNG
경주 여행,358,영업,NNG
경주 여행,358,종료,NNG
경주 여행,358,오늘,NNG
경주 여행,358,맛집,NNG
경주 여행,358,황리,NNG
경주 여행,358,맛집,NNG
경주 여행,358,여주,NNG
경주 여행,358,이야기,NNG
경주 여행,358,함께,MAG
경주 여행,358,해요,VV+EF
경주 여행,358,다만,MAJ
경주 여행,358,현재,MAG
경주 여행,358,여도,NNG
경주 여행,358,다는,ETM
경주 여행,358,저희,NP
경주 여행,358,기록,NNG
경주 여행,358,해서,VV+EC
경주 여행,358,그냥,MAG
경주 여행,358,포스팅,NNP
경주 여행,358,진행,NNG
경주 여행,358,참고,NNG
경주 여행,358,세요,EP+EF
경주 여행,358,한옥,NNP
경주 여행,358,외관,NNG
경주 여행,358,눈길,NNG
경주 여행,359,황리,NNG
경주 여행,359,주전부리,NNG
경주 여행,359,황금,NNG
경주 여행,359,황남,NNG
경주 여행,359,옥수수,NNG
경주 여행,359,청년,NNG
경주 여행,359,분식,NNG
경주 여행,359,황리,NNG
경주 여행,359,주전부리,NNG
경주 여행,359,저녁,NNG
경주 여행,359,출출,XR
경주 여행,359,해서,XSA+EC
경주 여행,359,황리,NNG
경주 여행,359,주전부리,NNG
경주 여행,359,우선,MAG
경주 여행,359,급한,VA+ETM
경주 여행,359,결론,NNG
경주 여행,359,부터,JX
경주 여행,359,자면,EC
경주 여행,359,청년,NNG
경주 여행,359,분식,NNG
경주 여행,359,황남,NNG
경주 여행,359,옥수수,NNG
경주 여행,359,모두,MAG
경주 여행,359,아쉽,VA
경주 여행,359,청년,NNG
경주 여행,359,분식,NNG
경주 여행,359,쥬얼,NNP
경주 여행,359,우릴,VV+ETM
경주 여행,359,유혹,NNG
경주 여행,359,뭔가,NP+VCP+EC
경주 여행,360,13,SN
경주 여행,360,성동,NNG
경주 여행,360,시장,NNG
경주 여행,360,구경,NNG
경주 여행,360,가을,NNG
경주 여행,360,기차,NNG
경주 여행,360,피날레,NNG
경주 여행,360,2018,SN
경주 여행,360,11,SN
경주 여행,360,즐거웠,VA+EP
경주 여행,360,가을,NNG
경주 여행,360,기차,NNG
경주 여행,360,단풍,NNG
경주 여행,360,맘껏,MAG
경주 여행,360,누리,VV
경주 여행,360,돌아가,VV
경주 여행,360,노란,VA+ETM
경주 여행,360,은행,NNG
경주 여행,360,낙엽,NNG
경주 여행,360,올려,VV+EC
경주 여행,360,어야,EC
경주 여행,360,는데,EC
경주 여행,360,언니,NNG
경주 여행,360,수고,NNG
경주 여행,360,어염,EF
경주 여행,360,숙소,NNG
경주 여행,360,변경,NNG
경주 여행,360,지도자,NNG
경주 여행,360,언니,NNG
경주 여행,360,짝짝,MAG
경주 여행,361,첨성대,NNG
경주 여행,361,대릉원,NNG
경주 여행,361,주차,NNG
경주 여행,361,주차장,NNG
경주 여행,361,대릉원,NNG
경주 여행,361,주차장,NNG
경주 여행,361,여기,NP
경주 여행,361,매표,NNG
경주 여행,361,해야,VV+EC
경주 여행,361,들어갈,VV+ETM
경주 여행,361,어서,EC
경주 여행,361,그냥,MAG
경주 여행,361,혼자,NNG
경주 여행,361,굳이,MAG
경주 여행,361,들어갈,VV+ETM
경주 여행,361,필요,NNG
경주 여행,361,느꼈,VV+EP
경주 여행,361,네요,EF
경주 여행,361,편하,VA
경주 여행,361,드라이브,NNG
경주 여행,361,둘러본,VV+ETM
경주 여행,361,그리고,MAJ
경주 여행,361,그곳,NP
경주 여행,361,에서,JKB
경주 여행,361,만난,VV+ETM
경주 여행,361,첨성대,NNG
경주 여행,362,안녕,IC
경주 여행,362,2014,SN
경주 여행,362,2014,SN
경주 여행,362,마지막,NNG
경주 여행,362,에서,JKB
경주 여행,362,멋진,VA+ETM
경주 여행,362,선물,NNG
경주 여행,362,눈발,NNG
경주 여행,362,날리,VV
경주 여행,362,시작,NNG
경주 여행,362,한다,XSV+EF
경주 여행,362,그리고,MAJ
경주 여행,362,금방,MAG
경주 여행,362,하얀,VA+ETM
경주 여행,362,세상,NNG
경주 여행,362,으로,JKB
경주 여행,362,변한다,VV+EC
경주 여행,362,눈길,NNG
경주 여행,362,산책,NNG
경주 여행,362,불국사,NNP
경주 여행,362,에서,JKB
경주 여행,362,기차,NNG
경주 여행,362,마무리,NNG
경주 여행,362,한다,XSV+EF
경주 여행,362,다시,MAG
경주 여행,362,화창,XR
경주 여행,362,해진,XSA+EC+VX+ETM
경주 여행,362,하늘,NNG
경주 여행,363,야경,NNG
경주 여행,363,다른,MM
경주 여행,363,매력,NNG
경주 여행,363,정교,NNG
경주 여행,363,분위기,NNG
경주 여행,363,저녁,NNG
경주 여행,363,정교,NNG
경주 여행,363,방문,NNG
경주 여행,363,추천,NNG
경주 여행,363,드립니다,VV+EF
경주 여행,363,켜진,VV+ETM
경주 여행,363,정교,NNG
경주 여행,363,신나,VV
경주 여행,363,사진,NNG
경주 여행,363,정교,NNG
경주 여행,363,야경,NNG
경주 여행,363,마지막,NNG
경주 여행,363,으로,JKB
경주 여행,363,떠나갑니다,VV+EF
경주 여행,363,여기,NP
경주 여행,363,신라,NNP
경주 여행,363,니까,VCP+EC
경주 여행,363,신라,NNP
경주 여행,363,해장국,NNG
경주 여행,363,즐거웠,VA+EP
경주 여행,363,습니다,EF
경주 여행,364,황남,NNG
경주 여행,364,맷돌,NNG
경주 여행,364,순두부,NNG
경주 여행,364,두부,NNG
경주 여행,364,보쌈,NNG
경주 여행,364,제육,NNG
경주 여행,364,순두부찌개,NNG
경주 여행,364,그리고,MAJ
경주 여행,364,황남,NNG
경주 여행,364,맷돌,NNG
경주 여행,364,순두부,NNG
경주 여행,364,영업시간,NNG
경주 여행,364,30,SN
경주 여행,364,까지,JX
경주 여행,364,황리,NNG
경주 여행,364,시작,NNG
경주 여행,364,으로,JKB
경주 여행,364,어지간,XR
경주 여행,364,밥집,NNG
경주 여행,364,영업,NNG
경주 여행,364,마감,NNG
경주 여행,364,진짜,MAG
경주 여행,364,고기,NNG
경주 여행,364,맛있,VA
경주 여행,364,두부,NNG
경주 여행,364,순두부찌개,NNG
경주 여행,364,맛나,VA
경주 여행,364,호랑이,NNG
경주 여행,364,막걸리,NNG
경주 여행,364,완전,MAG
경주 여행,364,맛있,VA
경주 여행,364,어서,EC
경주 여행,365,마치,VV
경주 여행,365,울주,NNP
경주 여행,365,새벽,NNG
경주 여행,365,다가,EC
경주 여행,365,그친다,VV+EC
경주 여행,365,하늘,NNG
경주 여행,365,예쁘다,NNP
경주 여행,365,월드,NNG
경주 여행,365,판다,NNG
경주 여행,365,에서,JKB
경주 여행,365,점심,NNG
경주 여행,365,맛있,VA
경주 여행,365,친절,NNG
경주 여행,365,떡갈비,NNG
경주 여행,365,맛나,VA
경주 여행,365,계란찜,NNG
경주 여행,365,풍경,NNG
경주 여행,365,예쁘,VA
경주 여행,365,행복,NNG
경주 여행,365,울주,NNP
경주 여행,366,서출지,NNG
경주 여행,366,23,SN
경주 여행,366,28,SN
경주 여행,366,더운,VA+ETM
경주 여행,366,날씨,NNG
경주 여행,366,촬영,NNG
경주 여행,366,임했,VV+EP
경주 여행,366,사진가,NNG
경주 여행,366,에게,JKB
경주 여행,366,미안,NNG
경주 여행,366,생각,NNG
경주 여행,366,더운,VA+ETM
경주 여행,366,날씨,NNG
경주 여행,366,여러,MM
경주 여행,366,촬영,NNG
경주 여행,366,대작,NNG
경주 여행,366,으시,EP
경주 여행,366,무사히,MAG
경주 여행,366,습니다,EF
경주 여행,367,알라딘,NNP
경주 여행,367,100,SN
경주 여행,367,자평,NNG
경주 여행,367,우리,NP
경주 여행,367,아이,IC
경주 여행,367,우리,NP
경주 여행,367,아이,IC
경주 여행,367,세계,NNG
경주 여행,367,문화유산,NNG
경주 여행,367,아서,EC
경주 여행,367,개정판,NNG
경주 여행,367,답사,NNG
경주 여행,367,바로,MAG
경주 여행,367,역사,NNG
경주 여행,367,바로,MAG
경주 여행,367,박광일,NNP
경주 여행,367,전향,NNG
경주 여행,367,이야기,NNG
경주 여행,367,기획,NNG
경주 여행,367,성당,NNG
경주 여행,367,2011,SN
경주 여행,367,평점,NNG
경주 여행,367,초등,NNG
경주 여행,367,학교,NNG
경주 여행,367,학생,NNG
경주 여행,367,수학,NNG
경주 여행,368,알라딘,NNP
경주 여행,368,100,SN
경주 여행,368,자평,NNG
경주 여행,368,일상,NNG
경주 여행,368,고고학,NNG
경주 여행,368,혼자,MAG
경주 여행,368,일상,NNG
경주 여행,368,고고학,NNG
경주 여행,368,혼자,MAG
경주 여행,368,개정,NNG
경주 여행,368,증보판,NNG
경주 여행,368,일상,NNG
경주 여행,368,고고학,NNG
경주 여행,368,시리즈,NNG
경주 여행,368,황윤,NNG
경주 여행,368,지음,NNG
경주 여행,368,고양이,NNG
경주 여행,368,묻힌,VV+ETM
경주 여행,368,타임캡슐,NNG
경주 여행,368,신라,NNG
경주 여행,368,특별,NNG
경주 여행,368,시간,NNG
경주 여행,368,네요,EC
경주 여행,369,오늘,NNG
경주 여행,369,날씨,NNG
경주 여행,369,더우니,VA+EC
경주 여행,369,마을,NNG
경주 여행,369,식당,NNG
경주 여행,369,에서,JKB
경주 여행,369,맛난,VA+ETM
경주 여행,369,양념,NNG
경주 여행,369,게장,NNG
경주 여행,369,점심,NNG
경주 여행,369,힐튼,NNP
경주 여행,369,호텔,NNG
경주 여행,369,에서,JKB
경주 여행,369,커피,NNG
경주 여행,369,한잔,NNG
경주 여행,369,보문,NNG
경주 여행,369,단지,MAG
경주 여행,369,푸른,VA+ETM
경주 여행,369,나무,NNG
경주 여행,369,감상,NNG
경주 여행,369,커피,NNG
경주 여행,369,한잔,NNG
경주 여행,369,스콘,NNP
경주 여행,369,행복,NNG
경주 여행,369,월드,NNG
경주 여행,369,관람,NNG
경주 여행,369,보인다,VV+EF
경주 여행,369,한번,MAG
경주 여행,369,볼까,EC+VX+EC
경주 여행,370,압지,NNG
경주 여행,370,야경,NNG
경주 여행,370,투어,NNG
경주 여행,370,방문,NNG
경주 여행,370,아마도,MAG
경주 여행,370,보름달,NNG
경주 여행,370,보다,JKB
경주 여행,370,하늘,NNG
경주 여행,370,황청,NNG
경주 여행,370,연못,NNG
경주 여행,370,빠져,VV+EC
경주 여행,370,야경,NNG
경주 여행,370,함께,MAG
경주 여행,370,정말,MAG
경주 여행,370,멋진,VA+ETM
경주 여행,370,야경,NNG
경주 여행,370,보여,VV+EC
경주 여행,370,이래서,VV+EC
경주 여행,370,마다,JX
경주 여행,370,이곳,NP
경주 여행,370,압지,NNG
경주 여행,370,하나,NR
경주 여행,370,보다,JKB
경주 여행,371,알라딘,NNP
경주 여행,371,100,SN
경주 여행,371,자평,NNG
경주 여행,371,우리,NP
경주 여행,371,아이,IC
경주 여행,371,우리,NP
경주 여행,371,아이,IC
경주 여행,371,에서,JKB
경주 여행,371,신라,NNG
경주 여행,371,답사,NNG
경주 여행,371,바로,MAG
경주 여행,371,역사,NNG
경주 여행,371,바로,MAG
경주 여행,371,13,SN
경주 여행,371,박광일,NNP
경주 여행,371,2004,SN
경주 여행,371,평점,NNG
경주 여행,371,구판,NNG
경주 여행,371,절판,NNG
경주 여행,371,아이,NNG
경주 여행,371,눈높이,NNG
경주 여행,371,맞춰진,VV+EC+VX+ETM
경주 여행,372,알라딘,NNP
경주 여행,372,100,SN
경주 여행,372,자평,NNG
경주 여행,372,일상,NNG
경주 여행,372,고고학,NNG
경주 여행,372,혼자,MAG
경주 여행,372,일상,NNG
경주 여행,372,고고학,NNG
경주 여행,372,혼자,MAG
경주 여행,372,개정,NNG
경주 여행,372,증보판,NNG
경주 여행,372,일상,NNG
경주 여행,372,고고학,NNG
경주 여행,372,시리즈,NNG
경주 여행,372,황윤,NNG
경주 여행,372,지음,NNG
경주 여행,372,고양이,NNG
경주 여행,372,2020,SN
경주 여행,372,10,SN
경주 여행,372,평점,NNG
경주 여행,372,유익,NNG
경주 여행,372,아요,EC
경주 여행,373,알라딘,NNP
경주 여행,373,역사,NNG
경주 여행,373,관심,NNG
경주 여행,373,시작,NNG
경주 여행,373,해서,XSV+EC
경주 여행,373,함께,MAG
경주 여행,373,어요,EF
경주 여행,373,길래,EC
경주 여행,373,생각,NNG
경주 여행,373,는데,EC
경주 여행,373,그리,VV
경주 여행,373,마음,NNG
경주 여행,373,접하,VV
경주 여행,373,어요,EF
경주 여행,373,기억,NNG
경주 여행,373,가지,VV
경주 여행,373,는데,EC
경주 여행,373,아이,NNG
경주 여행,373,신라,NNG
경주 여행,373,배운,VV+ETM
경주 여행,373,그런지,VA+EC
경주 여행,373,동안,NNG
경주 여행,373,배운,VV+ETM
경주 여행,373,내용,NNG
경주 여행,373,생각,NNG
경주 여행,373,유적지,NNG
경주 여행,374,매화,NNG
경주 여행,374,산수유,NNG
경주 여행,374,만발,NNG
경주 여행,374,보문,NNG
경주 여행,374,단지,MAG
경주 여행,374,호수,NNG
경주 여행,374,산책,NNG
경주 여행,374,행복,NNG
경주 여행,374,마무리,NNG
경주 여행,375,알라딘,NNP
경주 여행,375,100,SN
경주 여행,375,자평,NNG
경주 여행,375,일상,NNG
경주 여행,375,고고학,NNG
경주 여행,375,혼자,MAG
경주 여행,375,일상,NNG
경주 여행,375,고고학,NNG
경주 여행,375,혼자,MAG
경주 여행,375,일상,NNG
경주 여행,375,시리즈,NNG
경주 여행,375,황윤,NNG
경주 여행,375,지음,NNG
경주 여행,375,고양이,NNG
경주 여행,375,2020,SN
경주 여행,375,10,SN
경주 여행,375,평점,NNG
경주 여행,375,마니아,NNG
경주 여행,375,알려,VV+EC
경주 여행,375,탐방기,NNG
경주 여행,375,그런지,VA+EC
경주 여행,375,대한,VV+ETM
경주 여행,375,알찬,VA+ETM
경주 여행,375,설명,NNG
경주 여행,375,습니다,EF
경주 여행,376,알라딘,NNP
경주 여행,376,100,SN
경주 여행,376,자평,NNG
경주 여행,376,일상,NNG
경주 여행,376,고고학,NNG
경주 여행,376,혼자,MAG
경주 여행,376,일상,NNG
경주 여행,376,고고학,NNG
경주 여행,376,혼자,MAG
경주 여행,376,개정,NNG
경주 여행,376,증보판,NNG
경주 여행,376,일상,NNG
경주 여행,376,고고학,NNG
경주 여행,376,시리즈,NNG
경주 여행,376,황윤,NNG
경주 여행,376,지음,NNG
경주 여행,376,고양이,NNG
경주 여행,376,2020,SN
경주 여행,376,10,SN
경주 여행,376,평점,NNG
경주 여행,376,아름다운,VA+ETM
경주 여행,376,풍경,NNG
경주 여행,376,고고학,NNG
경주 여행,376,우리,NP
경주 여행,376,지적,NNG
경주 여행,376,힐링,NNG
경주 여행,376,안겨,VV+EC
경주 여행,376,줘서,VX+EC
경주 여행,377,주상,NNG
경주 여행,377,절리,NNG
경주 여행,377,스탬프,NNG
경주 여행,377,투어,NNG
경주 여행,377,목적지,NNG
경주 여행,377,주상,NNG
경주 여행,377,스탬프,NNG
경주 여행,377,투어,NNG
경주 여행,377,주상,NNG
경주 여행,377,절리,NNG
경주 여행,377,해변,NNG
경주 여행,377,둘레길,NNP
경주 여행,377,주상,NNG
경주 여행,377,절리,NNG
경주 여행,377,파도,NNG
경주 여행,377,소리,NNG
경주 여행,377,드디어,MAG
경주 여행,377,시작,NNG
경주 여행,377,대한,VV+ETM
경주 여행,377,때문,NNB
경주 여행,377,을까,EC
경주 여행,377,오랫만,NNG
경주 여행,377,밤잠,NNG
경주 여행,377,설치,VV
경주 여행,377,다가,EC
경주 여행,377,시계,NNG
경주 여행,377,조금,MAG
경주 여행,377,시간,NNG
경주 여행,378,FeRed,SL
경주 여행,378,Conundrum,SL
경주 여행,378,of,SL
경주 여행,378,Life,SL
경주 여행,378,불국사,NNP
경주 여행,378,황남빵,NNP
경주 여행,378,교리,NNG
경주 여행,378,김밥,NNG
경주 여행,378,내소,NNG
경주 여행,378,Theme,SL
경주 여행,378,불국사,NNP
경주 여행,378,황남빵,NNP
경주 여행,378,교리,NNG
경주 여행,378,김밥,NNG
경주 여행,378,산내,NNG
경주 여행,378,소고기,NNG
경주 여행,378,울산,NNP
경주 여행,378,Comments,SL
경주 여행,378,후배,NNG
경주 여행,378,녀석,NNB
경주 여행,378,같이,MAG
경주 여행,378,울산,NNP
경주 여행,378,불국사,NNG
경주 여행,378,에서,JKB
경주 여행,378,천마총,NNG
경주 여행,378,에서,JKB
경주 여행,378,첨성대,NNG
경주 여행,378,으로,JKB
경주 여행,378,내려오,VV
경주 여행,378,다가,EC
경주 여행,378,나무,NNG
경주 여행,378,그늘,NNG
경주 여행,378,내부,NNG
경주 여행,378,전경,NNG
경주 여행,379,알라딘,NNP
경주 여행,379,100,SN
경주 여행,379,자평,NNG
경주 여행,379,일상,NNG
경주 여행,379,고고학,NNG
경주 여행,379,혼자,MAG
경주 여행,379,개정,NNG
경주 여행,379,증보판,NNG
경주 여행,379,일상,NNG
경주 여행,379,고고학,NNG
경주 여행,379,시리즈,NNG
경주 여행,379,황윤,NNG
경주 여행,379,지음,NNG
경주 여행,379,고양이,NNG
경주 여행,379,2020,SN
경주 여행,379,10,SN
경주 여행,379,평점,NNG
경주 여행,379,어려서,VA+EC
경주 여행,379,그냥,MAG
경주 여행,379,학교,NNG
경주 여행,379,에서,JKB
경주 여행,379,지금,MAG
경주 여행,379,커서,VV+EC
경주 여행,379,공부,NNG
경주 여행,379,다른,MM
경주 여행,379,느낌,NNG
경주 여행,379,습니다,EF
경주 여행,379,가보세요,NNG
경주 여행,380,알라딘,NNP
경주 여행,380,100,SN
경주 여행,380,자평,NNG
경주 여행,380,일상,NNG
경주 여행,380,고고학,NNG
경주 여행,380,혼자,MAG
경주 여행,380,혼자,NNG
경주 여행,380,개정,NNG
경주 여행,380,증보판,NNG
경주 여행,380,일상,NNG
경주 여행,380,고고학,NNG
경주 여행,380,시리즈,NNG
경주 여행,380,황윤,NNG
경주 여행,380,지음,NNG
경주 여행,380,고양이,NNG
경주 여행,380,2020,SN
경주 여행,380,10,SN
경주 여행,380,평점,NNG
경주 여행,380,이야기,NNG
경주 여행,380,봐도,VV+EC
경주 여행,380,봐도,VX+EC
경주 여행,380,들어도,VV+EC
경주 여행,380,들어도,VV+EC
경주 여행,380,재미있,VA
경주 여행,380,습니다,EF
경주 여행,380,작가,NNG
경주 여행,380,혼자,NNG
경주 여행,380,기대,NNG
경주 여행,380,봅니다,VX+EC
경주 여행,381,매화꽃,NNG
경주 여행,381,산수유,NNG
경주 여행,381,예쁜,VA+ETM
경주 여행,381,간다,VV+EC
경주 여행,381,날씨,NNG
경주 여행,381,따뜻,XR
경주 여행,381,바람,NNG
경주 여행,381,많이,MAG
경주 여행,381,햇살,NNG
경주 여행,381,따뜻,XR
경주 여행,381,점심,NNG
경주 여행,381,궁금,XR
경주 여행,381,했었,VX+EP
경주 여행,381,황룡,NNG
경주 여행,381,돌아봤,VV+EP
경주 여행,381,동국,NNG
경주 여행,381,재단,NNG
경주 여행,381,에서,JKB
경주 여행,381,운영,NNG
경주 여행,381,연수원,NNG
경주 여행,381,인데,VCP+EC
경주 여행,381,웅장,XR
경주 여행,381,꾸며져,VV+EC+VX+EC
경주 여행,382,맷돌,NNG
경주 여행,382,순부,NNG
경주 여행,382,옆집,NNG
경주 여행,382,정화,NNG
경주 여행,382,송이,NNG
경주 여행,382,순두부,NNG
경주 여행,382,맛집,NNG
경주 여행,382,옆집,NNG
경주 여행,382,아니,VCN
경주 여행,382,라도,EC
경주 여행,382,가격,NNG
경주 여행,382,비싸,VA
경주 여행,382,니까,EC
경주 여행,382,기본,NNG
경주 여행,382,반찬,NNG
경주 여행,382,생선,NNG
경주 여행,382,구이,NNG
경주 여행,382,나와서,VV+EC
경주 여행,382,후배,NNG
경주 여행,382,맛있,VA
경주 여행,382,섬세,XR
경주 여행,382,발라,VV+EC
경주 여행,382,하얀,VA+ETM
경주 여행,382,순두부,NNG
경주 여행,382,다니,EC
경주 여행,382,순두부,NNG
경주 여행,382,처음,MAG
경주 여행,382,본다,VV+EC
경주 여행,382,파전,NNG
경주 여행,382,하나,NR
경주 여행,382,주문,NNG
경주 여행,382,새송이,NNP
경주 여행,382,탁주,NNG
경주 여행,382,주문,NNG
경주 여행,382,낮술,NNG
경주 여행,383,남산,NNP
경주 여행,383,칠불암,NNG
경주 여행,383,케이트,NNP
경주 여행,383,입니다,VCP+EF
경주 여행,383,진입,NNG
경주 여행,383,읍니다,EC
경주 여행,383,서라벌,NNP
경주 여행,383,휴게소,NNG
경주 여행,383,입니다,VCP+EF
경주 여행,383,통일전,NNP
경주 여행,383,주차장,NNG
경주 여행,383,주차,NNG
경주 여행,383,아니하,VX
경주 여행,383,염불,NNG
경주 여행,383,사지,NNG
경주 여행,383,삼층석탑,NNP
경주 여행,383,주차,NNG
경주 여행,383,여기,NP
경주 여행,383,일찍,MAG
경주 여행,383,도착,NNG
경주 여행,383,여야,EC
경주 여행,383,주차,NNG
경주 여행,383,아침,NNG
경주 여행,384,알라딘,NNP
경주 여행,384,100,SN
경주 여행,384,자평,NNG
경주 여행,384,일상,NNG
경주 여행,384,고고학,NNG
경주 여행,384,혼자,MAG
경주 여행,384,일상,NNG
경주 여행,384,고고학,NNG
경주 여행,384,혼자,MAG
경주 여행,384,개정,NNG
경주 여행,384,증보판,NNG
경주 여행,384,일상,NNG
경주 여행,384,고고학,NNG
경주 여행,384,시리즈,NNG
경주 여행,384,황윤,NNG
경주 여행,384,지음,NNG
경주 여행,384,고양이,NNG
경주 여행,384,2020,SN
경주 여행,384,10,SN
경주 여행,384,평점,NNG
경주 여행,384,이런,MM
경주 여행,384,너무,MAG
경주 여행,384,아함,IC+ETN
경주 여행,384,더구나,MAJ
경주 여행,384,라서,VCP+EC
경주 여행,384,너무,MAG
경주 여행,384,마음,NNG
경주 여행,384,중학교,NNG
경주 여행,384,수학,NNG
경주 여행,384,으로,JKB
경주 여행,385,국내,NNG
경주 여행,385,사진,NNG
경주 여행,385,국내,NNG
경주 여행,385,테마,NNG
경주 여행,385,Theodor,SL
경주 여행,385,2017,SN
경주 여행,385,18,SN
경주 여행,385,08,SN
경주 여행,385,11,SN
경주 여행,385,벚꽃,NNG
경주 여행,385,거의,MAG
경주 여행,385,떨어지,VV
경주 여행,385,시기,NNG
경주 여행,385,아쉬움,NNG
경주 여행,385,대능원,NNP
경주 여행,385,출입문,NNG
경주 여행,385,능원,NNG
경주 여행,385,소나무,NNG
경주 여행,385,천마총,NNG
경주 여행,385,안압지,NNP
경주 여행,385,분황사,NNG
경주 여행,385,모전,NNG
경주 여행,385,석탑,NNG
경주 여행,385,원래,NNG
경주 여행,386,힐튼,NNP
경주 여행,386,호텔,NNG
경주 여행,386,한국,NNP
경주 여행,386,서울,NNP
경주 여행,386,호텔,NNG
경주 여행,386,체인,NNG
경주 여행,386,이상,NNG
경주 여행,386,두산,NNP
경주 여행,386,참고,NNG
경주 여행,386,미국,NNP
경주 여행,386,저명,XR
경주 여행,386,모델,NNG
경주 여행,386,철저히,MAG
경주 여행,386,손님,NNG
경주 여행,386,배려,NNG
경주 여행,386,호텔,NNG
경주 여행,386,그래서,MAJ
경주 여행,386,즐거울,VA+ETM
경주 여행,386,밖에,JX
경주 여행,387,토함산,NNP
경주 여행,387,단풍,NNG
경주 여행,387,터널,NNG
경주 여행,387,자연,NNG
경주 여행,387,그려,VV+EC
경주 여행,387,수채화,NNG
경주 여행,387,17,SN
경주 여행,387,11,SN
경주 여행,387,17,SN
경주 여행,387,떠나,VV
경주 여행,387,단풍,NNG
경주 여행,387,그윽,XR
경주 여행,387,숲길,NNG
경주 여행,387,느긋이,MAG
경주 여행,387,불국사,NNP
경주 여행,387,석굴암,NNG
경주 여행,387,토함산,NNP
경주 여행,387,숲길,NNG
경주 여행,387,월산,NNG
경주 여행,387,고갯길,NNG
경주 여행,387,굳이,MAG
경주 여행,387,신라,NNP
경주 여행,387,역사,NNG
경주 여행,387,몰라도,VV+EC
경주 여행,387,시내,NNG
경주 여행,388,배롱나무,NNG
경주 여행,388,첨성대,NNG
경주 여행,388,야경,NNG
경주 여행,388,16,SN
경주 여행,388,18,SN
경주 여행,388,수학,NNG
경주 여행,388,다녀오,VV
경주 여행,388,사람,NNG
경주 여행,388,심지어,MAG
경주 여행,388,자녀,NNG
경주 여행,388,역사,NNG
경주 여행,388,유적,NNG
경주 여행,388,답사,NNG
경주 여행,388,동행,NNG
경주 여행,388,해서,XSV+EC
경주 여행,388,이런,MM
경주 여행,388,아무리,MAG
경주 여행,388,생각,NNG
경주 여행,388,해봐도,XSV+EC+VX+EC
경주 여행,388,국내,NNG
경주 여행,388,에선,JKB+JX
경주 여행,388,특징,NNG
경주 여행,388,하나,NR
경주 여행,388,평온,NNG
경주 여행,388,자연,NNG
경주 여행,389,황리,NNG
경주 여행,389,카페,NNG
경주 여행,389,카페,NNG
경주 여행,389,카페,NNG
경주 여행,389,황리,NNG
경주 여행,389,메인,VV+ETM
경주 여행,389,거리,NNG
경주 여행,389,위치,NNG
경주 여행,389,어서,EC
경주 여행,389,거리,NNG
경주 여행,389,둘러보,VV
경주 여행,389,뚜벅,MAG
경주 여행,389,입니다,VCP+EF
경주 여행,389,인테리어,NNG
경주 여행,389,예쁘,VA
경주 여행,389,어서,EC
경주 여행,389,더욱,MAG
경주 여행,389,눈길,NNG
경주 여행,389,카페,NNG
경주 여행,389,입니다,VCP+EF
경주 여행,389,황리,NNG
경주 여행,389,카페,NNG
경주 여행,389,카페,NNG
경주 여행,389,날씨,NNG
경주 여행,390,경북,NNP
경주 여행,390,국밥,NNG
경주 여행,390,맛집,NNG
경주 여행,390,수백,NR
경주 여행,390,보문,NNG
경주 여행,390,com,SL
경주 여행,390,633,SN
경주 여행,390,경북,NNP
경주 여행,390,교촌,NNP
경주 여행,390,마을,NNG
경주 여행,390,교촌,NNG
경주 여행,390,보관,NNG
경주 여행,390,아이,NNG
경주 여행,390,가족,NNG
경주 여행,390,2024,SN
경주 여행,390,31,SN
경주 여행,390,가족,NNG
경주 여행,390,함께,MAG
경주 여행,390,기록,NNG
경주 여행,390,오늘,NNG
경주 여행,390,가족,NNG
경주 여행,390,모임,NNG
경주 여행,390,어서,EC
경주 여행,390,경북,NNP
경주 여행,390,어요,EF
경주 여행,391,불국사역,NNP
경주 여행,391,에서,JKB
경주 여행,391,동대구,NNG
경주 여행,391,까지,JX
경주 여행,391,기차,NNG
경주 여행,391,무궁화호,NNP
경주 여행,391,시간,NNG
경주 여행,391,시외,NNG
경주 여행,391,고속,NNG
경주 여행,391,버스,NNG
경주 여행,391,터미널,NNG
경주 여행,391,모두,MAG
경주 여행,391,거리,NNG
경주 여행,391,어서,EC
경주 여행,391,어디,NP
경주 여행,391,따라,VV+EC
경주 여행,391,대중,NNG
경주 여행,391,교통,NNG
경주 여행,391,종류,NNG
경주 여행,391,달라지,VV
경주 여행,391,는데,EC
경주 여행,391,서울,NNP
경주 여행,391,이나,JC
경주 여행,391,대전,NNP
경주 여행,391,까지,JX
경주 여행,391,시간,NNBC
경주 여행,391,이상,NNG
경주 여행,391,걸리,VV
경주 여행,391,코스,NNG
경주 여행,391,라고,VCP+EC
경주 여행,392,알라딘,NNP
경주 여행,392,100,SN
경주 여행,392,자평,NNG
경주 여행,392,일상,NNG
경주 여행,392,고고학,NNG
경주 여행,392,혼자,MAG
경주 여행,392,지음,NNG
경주 여행,392,고양이,NNG
경주 여행,392,2020,SN
경주 여행,392,10,SN
경주 여행,392,평점,NNG
경주 여행,392,정말,MAG
경주 여행,392,도시,NNG
경주 여행,392,입니다,VCP+EF
경주 여행,392,시간,NNG
경주 여행,392,기분,NNG
경주 여행,392,어서,EC
경주 여행,392,행복,NNG
경주 여행,392,거든요,EF
경주 여행,392,코로나,NNP
경주 여행,392,때문,NNB
경주 여행,392,버렸,VX+EP
경주 여행,392,네요,EF
경주 여행,392,으로,JKB
경주 여행,392,혼자,MAG
경주 여행,392,네요,EC
경주 여행,393,파란,VA+ETM
경주 여행,393,하늘,NNG
경주 여행,393,구름,NNG
경주 여행,393,동동,MAG
경주 여행,393,아름다운,VA+ETM
경주 여행,393,신나,VV
경주 여행,393,고속도로,NNP
경주 여행,393,달려,VV+EC
경주 여행,393,간다,VV+EC
경주 여행,393,오늘,NNG
경주 여행,393,힐링,NNG
경주 여행,393,산송,NNG
경주 여행,393,한우구,NNP
경주 여행,393,언양,NNP
경주 여행,393,불고기,NNG
경주 여행,393,더덕구이,NNG
경주 여행,393,자알,MAG
경주 여행,393,이랑,JC
경주 여행,393,라떼,NNG
경주 여행,393,한잔,NNG
경주 여행,393,노천온천,NNP
경주 여행,393,으로,JKB
경주 여행,393,간다,VV+EC
경주 여행,393,파란,VA+ETM
경주 여행,393,하늘,NNG
경주 여행,394,알라딘,NNP
경주 여행,394,100,SN
경주 여행,394,자평,NNG
경주 여행,394,일상,NNG
경주 여행,394,고고학,NNG
경주 여행,394,혼자,MAG
경주 여행,394,2020,SN
경주 여행,394,10,SN
경주 여행,394,평점,NNG
경주 여행,394,매년,MAG
경주 여행,394,가을,NNG
경주 여행,394,꿈꾸,VV
경주 여행,394,지만,EC
경주 여행,394,아직,MAG
경주 여행,394,실천,NNG
경주 여행,394,사람,NNG
경주 여행,394,입니다,VCP+EF
경주 여행,394,알차,VA
경주 여행,394,느낄,VV+ETM
경주 여행,394,기대,NNG
경주 여행,394,열심히,MAG
경주 여행,394,습니다,EF
경주 여행,395,알라딘,NNP
경주 여행,395,100,SN
경주 여행,395,자평,NNG
경주 여행,395,일상,NNG
경주 여행,395,고고학,NNG
경주 여행,395,혼자,MAG
경주 여행,395,일상,NNG
경주 여행,395,고고학,NNG
경주 여행,395,혼자,MAG
경주 여행,395,개정,NNG
경주 여행,395,증보판,NNG
경주 여행,395,일상,NNG
경주 여행,395,고고학,NNG
경주 여행,395,시리즈,NNG
경주 여행,395,황윤,NNG
경주 여행,395,지음,NNG
경주 여행,395,고양이,NNG
경주 여행,395,2020,SN
경주 여행,395,10,SN
경주 여행,395,평점,NNG
경주 여행,395,지만,EC
경주 여행,395,제대로,MAG
경주 여행,395,구경,NNG
경주 여행,395,네요,EF
경주 여행,395,코로나,NNP
경주 여행,396,알라딘,NNP
경주 여행,396,100,SN
경주 여행,396,자평,NNG
경주 여행,396,일상,NNG
경주 여행,396,고고학,NNG
경주 여행,396,혼자,MAG
경주 여행,396,일상,NNG
경주 여행,396,고고학,NNG
경주 여행,396,혼자,MAG
경주 여행,396,개정,NNG
경주 여행,396,증보판,NNG
경주 여행,396,일상,NNG
경주 여행,396,고고학,NNG
경주 여행,396,시리즈,NNG
경주 여행,396,황윤,NNG
경주 여행,396,지음,NNG
경주 여행,396,고양이,NNG
경주 여행,396,2020,SN
경주 여행,396,10,SN
경주 여행,396,평점,NNG
경주 여행,396,수학,NNG
경주 여행,396,이후,NNG
경주 여행,396,못했,VX+EP
경주 여행,396,대해,VV+EC
경주 여행,396,다시,MAG
경주 여행,396,생각,NNG
경주 여행,396,네요,EC
경주 여행,397,나정,NNG
경주 여행,397,맛집,NNG
경주 여행,397,나정,NNG
경주 여행,397,라면,NNG
경주 여행,397,맛집,NNG
경주 여행,397,에도,NNP
경주 여행,397,바다,NNG
경주 여행,397,나정,NNG
경주 여행,397,스토리,NNG
경주 여행,397,올려,VV+EC
경주 여행,397,드릴께요,VX+EF
경주 여행,397,에도,NNP
경주 여행,397,바다,NNG
경주 여행,397,다는,ETM
경주 여행,397,사실,NNG
경주 여행,397,아시나,NNP
경주 여행,397,정하,VV
경주 여행,397,면서,EC
경주 여행,397,바다,NNG
경주 여행,397,남편,NNG
경주 여행,397,역사,NNG
경주 여행,397,좋아해서,VV+EC
경주 여행,397,유적지,NNG
경주 여행,397,어요,EF
경주 여행,397,그러,VV
경주 여행,398,가을,NNG
경주 여행,398,도착,NNG
경주 여행,398,오늘,NNG
경주 여행,398,작년,NNG
경주 여행,398,여름,NNG
경주 여행,398,코스,NNG
경주 여행,398,서출지,NNG
경주 여행,398,통일전,NNP
경주 여행,398,그리고,MAJ
경주 여행,398,산림,NNG
경주 여행,398,연구원,NNG
경주 여행,398,둘러보,VV
경주 여행,398,핑크,NNG
경주 여행,398,예쁜,VA+ETM
경주 여행,398,첨성대,NNG
경주 여행,398,주변,NNG
경주 여행,398,황리,NNG
경주 여행,398,구경,NNG
경주 여행,398,헉헉,MAG
경주 여행,398,점심,NNG
경주 여행,398,커피,NNG
경주 여행,398,면서,EC
경주 여행,398,돌린다,VV+EC
경주 여행,398,조금,NNG
경주 여행,398,가을,NNG
경주 여행,398,찾아오,VV
경주 여행,399,알라딘,NNP
경주 여행,399,100,SN
경주 여행,399,자평,NNG
경주 여행,399,일상,NNG
경주 여행,399,고고학,NNG
경주 여행,399,혼자,MAG
경주 여행,399,일상,NNG
경주 여행,399,고고학,NNG
경주 여행,399,혼자,MAG
경주 여행,399,개정,NNG
경주 여행,399,증보판,NNG
경주 여행,399,일상,NNG
경주 여행,399,고고학,NNG
경주 여행,399,시리즈,NNG
경주 여행,399,황윤,NNG
경주 여행,399,지음,NNG
경주 여행,399,고양이,NNG
경주 여행,399,2020,SN
경주 여행,399,10,SN
경주 여행,399,평점,NNG
경주 여행,399,수학,NNG
경주 여행,399,역사,NNG
경주 여행,399,의미,NNG
경주 여행,399,모르,VV
경주 여행,399,지나쳤,VV+EP
경주 여행,399,지만,EC
경주 여행,399,이제,NNG
경주 여행,399,풍경,NNG
경주 여행,399,하나,NR
경주 여행,399,하나,NR
경주 여행,399,에서,JKB
경주 여행,400,알라딘,NNP
경주 여행,400,100,SN
경주 여행,400,자평,NNG
경주 여행,400,일상,NNG
경주 여행,400,고고학,NNG
경주 여행,400,혼자,MAG
경주 여행,400,앞서,MAG
경주 여행,400,출간,NNG
경주 여행,400,일상,NNG
경주 여행,400,고고학,NNG
경주 여행,400,혼자,NNG
경주 여행,400,백제,NNG
경주 여행,400,이어,MAG
경주 여행,400,이번,NNG
경주 여행,400,입니다,VCP+EF
경주 여행,400,전작,NNG
경주 여행,400,백제,NNG
경주 여행,400,만족,NNG
경주 여행,400,스러웠,XSA+EP
경주 여행,400,라면,EC
경주 여행,400,이번,NNG
경주 여행,400,무조건,MAG
경주 여행,400,탑승,NNG
경주 여행,400,바랍니다,VV+EC
경주 여행,401,동궁,NNG
경주 여행,401,월지,NNG
경주 여행,401,첨성대,NNG
경주 여행,401,야경,NNG
경주 여행,401,연꽃,NNG
경주 여행,401,단지,MAG
경주 여행,401,분황사,NNG
경주 여행,401,방문,NNG
경주 여행,401,다시,MAG
경주 여행,401,남겨,VV+EC
경주 여행,401,이웃,NNG
경주 여행,401,지내,VV
경주 여행,401,나요,EF
경주 여행,401,지난주,NNG
경주 여행,401,blog,SL
경주 여행,401,naver,SL
경주 여행,401,com,SL
경주 여행,401,예전,NNG
경주 여행,401,사진,NNG
경주 여행,401,떠나,VV
경주 여행,401,진다,VX+EC
경주 여행,402,경북,NNP
경주 여행,402,천문,NNG
경주 여행,402,기상,NNG
경주 여행,402,관측대,NNG
경주 여행,402,첨성대,NNG
경주 여행,402,일자,NNG
경주 여행,402,2016,SN
경주 여행,402,인원,NNG
경주 여행,402,친구,NNG
경주 여행,402,함께,MAG
경주 여행,402,첨성대,NNG
경주 여행,402,경북,NNP
경주 여행,402,인왕동,NNP
경주 여행,402,839,SN
경주 여행,402,전화,NNG
경주 여행,402,054,SN
경주 여행,402,779,SN
경주 여행,402,8741,SN
경주 여행,402,첨성대,NNG
경주 여행,402,관람료,NNG
경주 여행,402,무료,NNG
경주 여행,402,경북,NNP
경주 여행,402,이야기,NNG
경주 여행,402,첨성대,NNG
경주 여행,402,에서,JKB
경주 여행,402,바라본,VV+ETM
경주 여행,402,대릉원,NNG
경주 여행,402,야경,NNG
경주 여행,403,데이,NNG
경주 여행,403,택시,NNG
경주 여행,403,투어,NNG
경주 여행,403,감사,NNG
경주 여행,403,합니다,XSV+EF
경주 여행,403,구매,NNG
경주 여행,403,https,SL
경주 여행,403,smartstore,SL
경주 여행,403,naver,SL
경주 여행,403,com,SL
경주 여행,403,dptour,SL
경주 여행,403,products,SL
경주 여행,403,5981873243,SN
경주 여행,403,플레이스,NNG
경주 여행,403,데이,NNG
경주 여행,403,택시,NNG
경주 여행,403,투어,NNG
경주 여행,403,돌고래,NNG
경주 여행,403,돌핀,NNG
경주 여행,403,스토어,NNG
경주 여행,403,플레이스,NNG
경주 여행,403,데이,NNG
경주 여행,403,택시,NNG
경주 여행,403,투어,NNG
경주 여행,403,smartstore,SL
경주 여행,403,naver,SL
경주 여행,403,com,SL
경주 여행,404,설레임,VV+ETN
경주 여행,404,패밀리,NNG
경주 여행,404,일상,NNG
경주 여행,404,오늘,NNG
경주 여행,404,목적지,NNG
경주 여행,404,회사,NNG
경주 여행,404,제휴,NNG
경주 여행,404,숙소,NNG
경주 여행,404,저렴,XR
경주 여행,404,예약,NNG
경주 여행,404,나선다,VV+EC
경주 여행,404,도착,NNG
경주 여행,404,자마자,EC
경주 여행,404,고파서,VA+EC
경주 여행,404,우리,NP
경주 여행,404,가족,NNG
경주 여행,404,국수집,NNG
경주 여행,404,본다,VV+EC
경주 여행,404,와이프,NNG
경주 여행,404,검색,NNG
경주 여행,404,해서,XSV+EC
경주 여행,404,찾아간,VV+ETM
경주 여행,404,갈비,NNG
경주 여행,404,국수,NNG
경주 여행,405,경북,NNP
경주 여행,405,불국사,NNG
경주 여행,405,단아,XR
경주 여행,405,정숙,XR
경주 여행,405,묻어나,VV
경주 여행,405,겹벚꽃,NNG
경주 여행,405,벚꽃,NNG
경주 여행,405,벚꽃,NNG
경주 여행,405,즐기,VV
경주 여행,405,고수,NNG
경주 여행,405,라면,VCP+EC
경주 여행,405,서둘러,VV+EC
경주 여행,405,티켓,NNG
경주 여행,405,예약,NNG
경주 여행,405,다시,MAG
경주 여행,405,들썩이,VV
경주 여행,405,지역,NNG
경주 여행,405,벚꽃,NNG
경주 여행,405,거의,MAG
경주 여행,405,떨어지,VV
경주 여행,405,불국사,NNG
경주 여행,405,겹벚꽃,NNG
경주 여행,405,으로,JKB
경주 여행,405,유명,XR
경주 여행,405,불국사,NNP
경주 여행,405,입구,NNG
경주 여행,406,보문,NNG
경주 여행,406,단지,MAG
경주 여행,406,벚꽃,NNG
경주 여행,406,보문호,NNP
경주 여행,406,반길,VV+ETM
경주 여행,406,화사,XR
경주 여행,406,선사,NNG
경주 여행,406,17,SN
경주 여행,406,최적,NNG
경주 여행,406,지이,NNG
경주 여행,406,도로,NNG
경주 여행,406,꽃길,NNG
경주 여행,406,이른,VA+ETM
경주 여행,406,시각,NNG
경주 여행,406,와야,VV+EC
경주 여행,406,제대로,MAG
경주 여행,406,힐링,NNG
경주 여행,406,만개,NNG
경주 여행,406,아름다운,VA+ETM
경주 여행,406,경관,NNG
경주 여행,406,이루,VV
경주 여행,406,보문,NNG
경주 여행,406,단지,NNG
경주 여행,406,시가지,NNG
경주 여행,406,에서,JKB
경주 여행,406,동쪽,NNG
경주 여행,406,으로,JKB
경주 여행,406,10,SN
경주 여행,406,정도,NNG
경주 여행,406,떨어진,VV+ETM
경주 여행,406,활산,NNP
경주 여행,406,성터,NNG
경주 여행,407,경북,NNP
경주 여행,407,하얀,VA+ETM
경주 여행,407,목련,NNG
경주 여행,407,대릉원,NNG
경주 여행,407,목련,NNG
경주 여행,407,풍경,NNG
경주 여행,407,최근,NNG
경주 여행,407,빼놓,VV
경주 여행,407,코스,NNG
경주 여행,407,다름,VA+ETN
경주 여행,407,아닌,VCN+ETM
경주 여행,407,야경,NNG
경주 여행,407,둘러보,VV
경주 여행,407,연인,NNG
경주 여행,407,함께,MAG
경주 여행,407,떠나,VV
경주 여행,407,당신,NP
경주 여행,407,위한,VV+ETM
경주 여행,407,야경,NNG
경주 여행,407,투어,NNG
경주 여행,407,코스,NNG
경주 여행,407,소개,NNG
경주 여행,407,한다,XSV+EC
경주 여행,407,준비,NNG
경주 여행,408,세계,NNG
경주 여행,408,문화유산,NNG
경주 여행,408,양동,NNP
경주 여행,408,마을,NNG
경주 여행,408,18,SN
경주 여행,408,29,SN
경주 여행,408,시간,NNG
경주 여행,408,떠나,VV
경주 여행,408,다면,EC
경주 여행,408,조상,NNG
경주 여행,408,모습,NNG
경주 여행,408,고스란히,MAG
경주 여행,408,간직,NNG
경주 여행,408,수백,NR
경주 여행,408,숨결,NNG
경주 여행,408,양동,NNP
경주 여행,408,마을,NNG
경주 여행,408,제격,NNG
경주 여행,408,아닐까,VCN+EC
경주 여행,408,경상북도,NNP
경주 여행,408,강동면,NNP
경주 여행,408,양동,NNP
경주 여행,408,마을,NNG
경주 여행,408,138,SN
경주 여행,408,18,SN
경주 여행,408,지번,NNG
경주 여행,408,경상북도,NNP
경주 여행,408,강동면,NNP
경주 여행,409,경북,NNP
경주 여행,409,다리,NNG
경주 여행,409,정교,NNG
경주 여행,409,18,SN
경주 여행,409,21,SN
경주 여행,409,잠시,MAG
경주 여행,409,교촌,NNG
경주 여행,409,마을,NNG
경주 여행,409,도착,NNG
경주 여행,409,행사,NNG
경주 여행,409,잠시,MAG
경주 여행,409,간다,VX+EC
경주 여행,409,최근,NNG
경주 여행,409,빼놓,VV
경주 여행,409,연인,NNG
경주 여행,409,함께,MAG
경주 여행,409,떠나,VV
경주 여행,409,당신,NP
경주 여행,409,위한,VV+ETM
경주 여행,409,야경,NNG
경주 여행,409,투어,NNG
경주 여행,409,코스,NNG
경주 여행,409,소개,NNG
경주 여행,409,한다,XSV+EC
경주 여행,409,준비,NNG
경주 여행,410,야경,NNG
경주 여행,410,이쁜,VA+ETM
경주 여행,410,안압지,NNP
경주 여행,410,첨성대,NNG
경주 여행,410,16,SN
경주 여행,410,31,SN
경주 여행,410,어울린다,VV+EC
경주 여행,410,에서,JKB
경주 여행,410,빠질,VV+ETM
경주 여행,410,관광지,NNG
경주 여행,410,하나,NR
경주 여행,410,첨성대,NNG
경주 여행,410,첨성대,NNG
경주 여행,410,신라,NNP
경주 여행,410,시대,NNG
경주 여행,410,관측,NNG
경주 여행,410,최근,NNG
경주 여행,410,빼놓,VV
경주 여행,410,코스,NNG
경주 여행,410,다름,VA+ETN
경주 여행,410,아닌,VCN+ETM
경주 여행,410,야경,NNG
경주 여행,410,둘러보,VV
경주 여행,411,에서,JKB
경주 여행,411,사람,NNG
경주 여행,411,지나치,VV
경주 여행,411,몇몇,MM
경주 여행,411,지인,NNG
경주 여행,411,경험,NNG
경주 여행,411,생각,NNG
경주 여행,411,에서,JKB
경주 여행,411,주목,NNG
경주 여행,411,장소,NNG
경주 여행,411,정리,NNG
경주 여행,411,고즈넉,XR
경주 여행,411,산사,NNG
경주 여행,411,옥천사,NNG
경주 여행,411,수학,NNG
경주 여행,411,성지,NNG
경주 여행,411,역사,NNG
경주 여행,411,탐방,NNG
경주 여행,411,중심지,NNG
경주 여행,411,알려져,VV+EC+VX+EC
경주 여행,411,지만,EC
경주 여행,411,주변,NNG
경주 여행,411,으로,JKB
경주 여행,412,14,SN
경주 여행,412,개월,NNBC
경주 여행,412,아기,NNG
경주 여행,412,후기,NNG
경주 여행,412,정글,NNG
경주 여행,412,법칙,NNG
경주 여행,412,미디어,NNG
경주 여행,412,파크,NNG
경주 여행,412,버드,NNP
경주 여행,412,파크,NNG
경주 여행,412,그래도,VV+EC
경주 여행,412,일정,NNG
경주 여행,412,온다면,VV+EC
경주 여행,412,다녀오,VV
경주 여행,412,버드,NNP
경주 여행,412,파크,NNG
경주 여행,412,위치,NNG
경주 여행,412,경북,NNP
경주 여행,412,보문,NNG
경주 여행,412,74,SN
경주 여행,412,14,SN
경주 여행,412,북군동,NNP
경주 여행,412,185,SN
경주 여행,412,전화,NNG
경주 여행,412,054,SN
경주 여행,412,777,SN
경주 여행,412,7200,SN
경주 여행,412,운영,NNG
경주 여행,412,시간,NNG
경주 여행,412,10,SN
경주 여행,412,00,SN
경주 여행,412,19,SN
경주 여행,412,00,SN
경주 여행,412,입장료,NNG
경주 여행,412,대인,NNG
경주 여행,412,20,SN
경주 여행,412,000,SN
경주 여행,412,소인,NNG
경주 여행,412,15,SN
경주 여행,412,000,SN
경주 여행,413,울산,NNP
경주 여행,413,Part,SL
경주 여행,413,동궁,NNG
경주 여행,413,월지,NNG
경주 여행,413,누리,NNG
경주 여행,413,정원,NNG
경주 여행,413,성호,NNG
경주 여행,413,리조트,NNG
경주 여행,413,장생포,NNG
경주 여행,413,고래,NNG
경주 여행,413,문화,NNG
경주 여행,413,특구,NNP
경주 여행,413,라는,VCP+ETM
경주 여행,413,이름,NNG
경주 여행,413,으로,JKB
경주 여행,413,고래,NNG
경주 여행,413,주제,NNG
경주 여행,413,다채,XR
경주 여행,413,로운,XSA+ETM
경주 여행,413,관광지,NNG
경주 여행,413,형성,NNG
경주 여행,413,는데,EC
경주 여행,413,사실,MAG
경주 여행,413,고래,MAG
경주 여행,413,박물관,NNG
경주 여행,413,이나,JC
경주 여행,413,생태,NNG
경주 여행,413,jinstistory,SL
경주 여행,413,tistory,SL
경주 여행,413,com,SL
경주 여행,413,2023,SN
경주 여행,413,08,SN
경주 여행,413,16,SN
경주 여행,413,국내,NNG
경주 여행,413,울산,NNP
경주 여행,413,Part,SL
경주 여행,414,루비,NNG
경주 여행,414,정원,NNG
경주 여행,414,연휴,NNG
경주 여행,414,에서,JKB
경주 여행,414,시작,NNG
경주 여행,414,세요,EP+EF
경주 여행,414,신청,NNG
경주 여행,414,센터,NNG
경주 여행,414,광활,XR
경주 여행,414,부지,NNG
경주 여행,414,자리,NNG
경주 여행,414,역사,NNG
경주 여행,414,마당,NNG
경주 여행,414,엄청나,VA
경주 여행,414,너른,VA+ETM
경주 여행,414,연휴,NNG
경주 여행,414,계획,NNG
경주 여행,414,계신,VX+ETM
경주 여행,414,KTX,SL
경주 여행,414,이용,NNG
경주 여행,414,어떠,XR
경주 여행,414,신지,JKS+EP+EC
경주 여행,414,Copyright,SL
경주 여행,414,2011,SN
경주 여행,414,루비,NNG
경주 여행,414,All,SL
경주 여행,414,pictures,SL
경주 여행,415,출장,NNG
경주 여행,415,깨끗,XR
경주 여행,415,조식,NNG
경주 여행,415,제공,NNG
경주 여행,415,에이치,NNG
경주 여행,415,비뉴,NNG
경주 여행,415,호텔,NNG
경주 여행,415,불국사,NNP
경주 여행,415,까지,JX
경주 여행,415,도보,NNG
경주 여행,415,15,SN
경주 여행,415,거리,NNG
경주 여행,415,어서,EC
경주 여행,415,피로,NNG
경주 여행,415,조금,NNG
경주 여행,415,이나마,JX
경주 여행,415,습니다,EF
경주 여행,415,아침,NNG
경주 여행,415,일찍,MAG
경주 여행,415,불국사,NNG
경주 여행,415,방문,NNG
경주 여행,415,한적,XR
경주 여행,415,고요,NNG
경주 여행,415,분위기,NNG
경주 여행,415,에서,JKB
경주 여행,415,산책,NNG
경주 여행,415,즐기,VV
경주 여행,415,최적,NNG
경주 여행,415,위치,NNG
경주 여행,415,습니다,EF
경주 여행,415,스테이,NNG
경주 여행,416,알라딘,NNP
경주 여행,416,100,SN
경주 여행,416,자평,NNG
경주 여행,416,일상,NNG
경주 여행,416,고고학,NNG
경주 여행,416,혼자,MAG
경주 여행,416,일상,NNG
경주 여행,416,고고학,NNG
경주 여행,416,혼자,MAG
경주 여행,416,개정,NNG
경주 여행,416,증보판,NNG
경주 여행,416,일상,NNG
경주 여행,416,고고학,NNG
경주 여행,416,시리즈,NNG
경주 여행,416,황윤,NNG
경주 여행,416,지음,NNG
경주 여행,416,고양이,NNG
경주 여행,416,2020,SN
경주 여행,416,10,SN
경주 여행,416,평점,NNG
경주 여행,416,역사,NNG
경주 여행,416,사랑,NNG
경주 여행,416,사람,NNG
경주 여행,416,으로,JKB
경주 여행,416,바라본,VV+ETM
경주 여행,416,만큼,NNB
경주 여행,416,보이,VV
경주 여행,416,사랑,NNG
경주 여행,417,20200727,SN
경주 여행,417,08,SN
경주 여행,417,02,SN
경주 여행,417,20200728,SN
경주 여행,417,2020,SN
경주 여행,417,08,SN
경주 여행,417,02,SN
경주 여행,417,20200727,SN
경주 여행,417,2020,SN
경주 여행,417,08,SN
경주 여행,417,02,SN
경주 여행,417,평화,NNG
경주 여행,417,2020,SN
경주 여행,417,07,SN
경주 여행,417,13,SN
경주 여행,417,강릉,NNP
경주 여행,417,서나,NNG
경주 여행,417,2020,SN
경주 여행,417,07,SN
경주 여행,417,08,SN
경주 여행,417,강릉,NNP
경주 여행,417,2020,SN
경주 여행,417,07,SN
경주 여행,417,08,SN
경주 여행,418,한옥,NNG
경주 여행,418,숙소,NNG
경주 여행,418,소설,NNG
경주 여행,418,첨성,NNG
경주 여행,418,대점,NNG
경주 여행,418,비향,NNP
경주 여행,418,15,SN
경주 여행,418,한옥,NNG
경주 여행,418,숙소,NNG
경주 여행,418,이름,NNG
경주 여행,418,특이,XR
경주 여행,418,소설,NNG
경주 여행,418,첨성,NNG
경주 여행,418,대점,NNG
경주 여행,418,첨성대,NNG
경주 여행,418,진짜,MAG
경주 여행,418,가까워서,VA+EC
경주 여행,418,첨성,NNG
경주 여행,418,대점,NNG
경주 여행,418,이쁘,VA
경주 여행,418,이쁜,VA+ETM
경주 여행,418,한옥,NNG
경주 여행,418,소설,NNG
경주 여행,418,너무너무,MAG
경주 여행,418,너무,MAG
경주 여행,418,인기,NNG
경주 여행,418,라서,EC
경주 여행,418,주말,NNG
경주 여행,418,으려면,EC
경주 여행,419,알라딘,NNP
경주 여행,419,황금,NNG
경주 여행,419,호두,NNG
경주 여행,419,열리,VV
경주 여행,419,무웅,NNP
경주 여행,419,함께,MAG
경주 여행,419,떠나,VV
경주 여행,419,코스,NNG
경주 여행,419,인데,VCP+EC
경주 여행,419,새로운,VA+ETM
경주 여행,419,느낌,NNG
경주 여행,419,자꾸,MAG
경주 여행,419,새로운,VA+ETM
경주 여행,419,느낌,NNG
경주 여행,419,빠져,VV+EC
경주 여행,419,는데,EC
경주 여행,419,신라,NNP
경주 여행,419,에서,JKB
경주 여행,419,아이,NNG
경주 여행,419,함께,MAG
경주 여행,419,새롭,VA
경주 여행,419,다가왔,VV+EP
경주 여행,419,한참,MAG
경주 여행,419,티비,NNG
경주 여행,419,에서,JKB
경주 여행,420,까지,JX
경주 여행,420,이동은,NNP
경주 여행,420,기차,NNG
경주 여행,420,에서,JKB
경주 여행,420,자전거,NNG
경주 여행,420,도보,NNG
경주 여행,420,버스,NNG
경주 여행,420,투어,NNG
경주 여행,420,모두,MAG
경주 여행,420,가능,NNG
경주 여행,420,코스,NNG
경주 여행,420,시내,NNG
경주 여행,420,천마총,NNG
경주 여행,420,왕릉,NNG
경주 여행,420,첨성대,NNG
경주 여행,420,계림,NNG
경주 여행,420,포석정,NNP
경주 여행,420,안압지,NNP
경주 여행,421,알라딘,NNP
경주 여행,421,100,SN
경주 여행,421,자평,NNG
경주 여행,421,일상,NNG
경주 여행,421,고고학,NNG
경주 여행,421,혼자,MAG
경주 여행,421,일상,NNG
경주 여행,421,고고학,NNG
경주 여행,421,혼자,MAG
경주 여행,421,개정,NNG
경주 여행,421,증보판,NNG
경주 여행,421,일상,NNG
경주 여행,421,고고학,NNG
경주 여행,421,시리즈,NNG
경주 여행,421,황윤,NNG
경주 여행,421,지음,NNG
경주 여행,421,고양이,NNG
경주 여행,421,한참,MAG
경주 여행,421,는데,EC
경주 여행,421,오랜만,NNG
경주 여행,421,저자,NNG
경주 여행,421,함께,MAG
경주 여행,421,걸으며,VV+EC
경주 여행,421,역사,NNG
경주 여행,421,느낌,NNG
경주 여행,421,네요,EC
경주 여행,422,감포,NNP
경주 여행,422,대말,NNG
경주 여행,422,체험,NNG
경주 여행,422,전시관,NNG
경주 여행,422,위치,NNG
경주 여행,422,경북,NNP
경주 여행,422,척사,NNG
경주 여행,422,18,SN
경주 여행,422,94,SN
경주 여행,422,운영,NNG
경주 여행,422,시간,NNG
경주 여행,422,09,SN
경주 여행,422,00,SN
경주 여행,422,18,SN
경주 여행,422,00,SN
경주 여행,422,연중무휴,NNG
경주 여행,422,대표,NNG
경주 여행,422,전화,NNG
경주 여행,422,054,SN
경주 여행,422,744,SN
경주 여행,422,3233,SN
경주 여행,422,입장료,NNG
경주 여행,422,무료,NNG
경주 여행,422,대말,NNG
경주 여행,422,체험,NNG
경주 여행,422,아이,NNG
경주 여행,422,함께,MAG
경주 여행,422,점심,NNG
경주 여행,422,시간,NNG
경주 여행,422,12,SN
경주 여행,422,00,SN
경주 여행,422,13,SN
경주 여행,422,00,SN
경주 여행,422,운영,NNG
경주 여행,423,코스,NNG
경주 여행,423,읍천항,NNP
경주 여행,423,주상,NNG
경주 여행,423,절리,NNG
경주 여행,423,파도,NNG
경주 여행,423,소리,NNG
경주 여행,423,주상,NNG
경주 여행,423,절리,NNG
경주 여행,423,제주도,NNP
경주 여행,423,만큼,JKB
경주 여행,423,이나,JX
경주 여행,423,이쁜,VA+ETM
경주 여행,423,게다가,MAG
경주 여행,423,조용,XR
경주 여행,423,읍천항,NNP
경주 여행,423,코스,NNG
경주 여행,423,읍천항,NNP
경주 여행,423,자리,NNG
경주 여행,423,주상,NNG
경주 여행,423,절리,NNG
경주 여행,423,파도,NNG
경주 여행,423,소리,NNG
경주 여행,423,주차장,NNG
경주 여행,423,갖추,VV
경주 여행,423,따라,VV+EC
경주 여행,423,등대,NNG
경주 여행,423,까지,JX
경주 여행,424,교리,NNG
경주 여행,424,김밥,NNG
경주 여행,424,맛집,NNG
경주 여행,424,면서,EC
경주 여행,424,들린,VV+ETM
경주 여행,424,김밥,NNG
경주 여행,424,남산,NNG
경주 여행,424,등산,NNG
경주 여행,424,포함,NNG
경주 여행,424,해서,XSV+EC
경주 여행,424,당일,NNG
경주 여행,424,계획,NNG
경주 여행,424,다녀왔,VV+EP
경주 여행,424,습니다,EF
경주 여행,424,코스,NNG
경주 여행,424,에선,JKB+JX
경주 여행,424,여하튼,MAJ
경주 여행,424,처럼,JKB
경주 여행,424,정도,NNG
경주 여행,424,라는,ETM
경주 여행,424,생각,NNG
경주 여행,424,네요,EF
경주 여행,424,특히나,MAG
경주 여행,424,남산,NNG
경주 여행,425,놀부,NNG
경주 여행,425,보쌈,NNG
경주 여행,425,황오,NNP
경주 여행,425,배달,NNG
경주 여행,425,후기,NNG
경주 여행,425,숙소,NNG
경주 여행,425,황남,NNG
경주 여행,425,머물,VV
경주 여행,425,어요,EF
경주 여행,425,저녁,NNG
경주 여행,425,아이,NNG
경주 여행,425,지치,VV
경주 여행,425,배민,NNG
경주 여행,425,놀부,NNG
경주 여행,425,보쌈,NNG
경주 여행,425,검색,NNG
경주 여행,425,황오,NNP
경주 여행,425,에서,JKB
경주 여행,425,배달,NNG
경주 여행,425,가능,NNG
경주 여행,425,다고,EC
경주 여행,425,나오,VV
경주 여행,425,네요,EF
경주 여행,425,저희,NP
경주 여행,425,황남,NNG
경주 여행,425,머물,VV
경주 여행,425,때문,NNB
경주 여행,426,안녕,IC
경주 여행,426,2014,SN
경주 여행,426,2014,SN
경주 여행,426,그냥,MAG
경주 여행,426,보내,VV
경주 여행,426,아쉬워서,VA+EC
경주 여행,426,기차,NNG
경주 여행,426,떠났,VV+EP
경주 여행,426,일전,NNG
경주 여행,426,크리스마스,NNG
경주 여행,426,오늘,NNG
경주 여행,426,안녕,NNG
경주 여행,426,2014,SN
경주 여행,426,이번,NNG
경주 여행,426,럭셔리,XR
경주 여행,426,컨셉,NNG
경주 여행,426,으로,JKB
경주 여행,426,호텔,NNG
경주 여행,426,에서,JKB
경주 여행,427,알라딘,NNP
경주 여행,427,서재,NNP
경주 여행,427,이야기,NNG
경주 여행,427,일상,NNG
경주 여행,427,고고학,NNG
경주 여행,427,혼자,MAG
경주 여행,427,무대,NNG
경주 여행,427,에세이,NNG
경주 여행,427,만날,VV+ETM
경주 여행,427,으로,JKB
경주 여행,427,에서,JKB
경주 여행,427,유명,XR
경주 여행,427,문화재,NNG
경주 여행,427,대한,VV+ETM
경주 여행,427,사전,NNG
경주 여행,427,지식,NNG
경주 여행,427,줄줄,MAG
경주 여행,427,얼마,NNG
경주 여행,427,든지,VCP+EC
경주 여행,427,재미있,VA
경주 여행,427,의미,NNG
경주 여행,428,알라딘,NNP
경주 여행,428,100,SN
경주 여행,428,자평,NNG
경주 여행,428,일상,NNG
경주 여행,428,고고학,NNG
경주 여행,428,혼자,MAG
경주 여행,428,일상,NNG
경주 여행,428,고고학,NNG
경주 여행,428,혼자,MAG
경주 여행,428,개정,NNG
경주 여행,428,증보판,NNG
경주 여행,428,일상,NNG
경주 여행,428,고고학,NNG
경주 여행,428,시리즈,NNG
경주 여행,428,황윤,NNG
경주 여행,428,지음,NNG
경주 여행,428,고양이,NNG
경주 여행,428,대한,VV+ETM
경주 여행,428,깊이,MAG
경주 여행,428,이야기,NNG
경주 여행,428,호기심,NNG
경주 여행,428,해줍니다,XSV+EC+VX+EF
경주 여행,428,100,SN
경주 여행,428,다니,EC
경주 여행,428,정말,MAG
경주 여행,428,대단,XR
경주 여행,428,습니다,EF
경주 여행,429,알라딘,NNP
경주 여행,429,100,SN
경주 여행,429,자평,NNG
경주 여행,429,일상,NNG
경주 여행,429,고고학,NNG
경주 여행,429,혼자,MAG
경주 여행,429,일상,NNG
경주 여행,429,고고학,NNG
경주 여행,429,혼자,MAG
경주 여행,429,개정,NNG
경주 여행,429,증보판,NNG
경주 여행,429,일상,NNG
경주 여행,429,고고학,NNG
경주 여행,429,시리즈,NNG
경주 여행,429,황윤,NNG
경주 여행,429,지음,NNG
경주 여행,429,고양이,NNG
경주 여행,429,2020,SN
경주 여행,429,10,SN
경주 여행,429,평점,NNG
경주 여행,429,신라,NNP
경주 여행,429,마니아,NNG
경주 여행,429,로부터,JKB
경주 여행,429,기라,NNG
경주 여행,429,관심,NNG
경주 여행,429,가요,NNG
경주 여행,429,고고학,NNG
경주 여행,429,관점,NNG
경주 여행,429,으로,JKB
경주 여행,430,석빙고,NNG
경주 여행,430,색다른,VA+ETM
경주 여행,430,볼거리,NNG
경주 여행,430,근처,NNG
경주 여행,430,안압,NNG
경주 여행,430,색다른,VA+ETM
경주 여행,430,볼거리,NNG
경주 여행,430,석빙고,NNG
경주 여행,430,이번,NNG
경주 여행,430,에서,JKB
경주 여행,430,다녀온,VV+ETM
경주 여행,430,석빙고,NNG
경주 여행,430,입니다,VCP+EF
경주 여행,430,석빙고,NNG
경주 여행,430,영조,NNG
경주 여행,430,만들,VV
경주 여행,430,일종,NNG
경주 여행,430,얼음,NNG
경주 여행,430,창고,NNG
경주 여행,430,근처,NNG
경주 여행,430,첨성대,NNG
경주 여행,430,비롯,XR
경주 여행,430,몰려,VV+EC
경주 여행,430,어서,EC
경주 여행,430,함께,MAG
경주 여행,431,가본,NNG
경주 여행,431,동궁,NNG
경주 여행,431,예쁜,VA+ETM
경주 여행,431,만나,VV
경주 여행,431,커피,NNG
경주 여행,431,열매,NNG
경주 여행,431,으면서,EC
경주 여행,431,노천온천,NNP
경주 여행,431,행복,NNG
경주 여행,432,황리,NNG
경주 여행,432,보문,NNG
경주 여행,432,단지,MAG
경주 여행,432,왕릉,NNG
경주 여행,432,탐방,NNG
경주 여행,432,데이트,NNG
경주 여행,432,코스,NNG
경주 여행,432,https,SL
경주 여행,432,youtu,SL
경주 여행,432,be,SL
경주 여행,432,nZzijKooIk,SL
경주 여행,432,황리,NNG
경주 여행,432,예쁘,VA
경주 여행,432,마음,NNG
경주 여행,432,낭만,NNG
경주 여행,432,으로,JKB
경주 여행,432,차오르,VV
경주 여행,432,경상도,NNP
경주 여행,432,에서,JKB
경주 여행,432,흔치,VA+EC
경주 여행,432,거리,NNG
경주 여행,432,바로,MAG
경주 여행,432,유적지,NNG
경주 여행,432,오래,MAG
경주 여행,432,한옥,NNG
경주 여행,432,고도,NNG
경주 여행,432,사뭇,MAG
경주 여행,432,어울리,VV
경주 여행,432,면서도,EC
경주 여행,433,밀면,NNP
경주 여행,433,에서,JKB
경주 여행,433,맛보,VV
경주 여행,433,가격,NNG
경주 여행,433,착해,VA+EC
경주 여행,433,5000,SN
경주 여행,433,비빔,NNG
경주 여행,433,물밀,VV
경주 여행,433,5000,SN
경주 여행,433,떡갈비,NNG
경주 여행,433,2000,SN
경주 여행,433,12,SN
경주 여행,433,000,SN
경주 여행,433,밥상,NNG
경주 여행,433,그리고,MAJ
경주 여행,433,뜨거운,VA+ETM
경주 여행,433,육수,NNG
경주 여행,433,까지,JX
경주 여행,433,평가,NNG
경주 여행,433,입맛,NNG
경주 여행,433,따라,VV+EC
경주 여행,433,취향,NNG
경주 여행,433,따루,MAG
경주 여행,433,따루,MAG
경주 여행,434,엑스,NNG
경주 여행,434,포대,NNG
경주 여행,434,공원,NNG
경주 여행,434,2025,SN
경주 여행,434,08,SN
경주 여행,434,16,SN
경주 여행,434,푸른,VA+ETM
경주 여행,434,애벌레,NNG
경주 여행,434,둘째,NR
경주 여행,434,보문호,NNP
경주 여행,434,주변,NNG
경주 여행,434,10,SN
경주 여행,434,엑스,NNG
경주 여행,434,포대,NNG
경주 여행,434,공원,NNG
경주 여행,434,입장,NNG
경주 여행,434,엑스포,NNG
경주 여행,434,기념관,NNG
경주 여행,434,천마,NNG
경주 여행,434,궁전,NNG
경주 여행,434,타워,NNG
경주 여행,434,솔거,NNG
경주 여행,434,미술관,NNG
경주 여행,434,자연사,NNG
경주 여행,434,박물관,NNG
경주 여행,435,2020,SN
경주 여행,435,동방역,NNP
경주 여행,435,능소화,NNG
경주 여행,435,서출지,NNG
경주 여행,435,경북,NNP
경주 여행,435,산림,NNG
경주 여행,435,연구원,NNG
경주 여행,435,2020,SN
경주 여행,435,25,SN
경주 여행,435,동방역,NNP
경주 여행,435,능소화,NNG
경주 여행,435,서출지,NNG
경주 여행,435,경북,NNP
경주 여행,435,산림,NNG
경주 여행,435,연구원,NNG
경주 여행,436,모녀,NNG
경주 여행,436,함께,MAG
경주 여행,436,바보,NNG
경주 여행,436,블로그,NNG
경주 여행,436,모녀,NNG
경주 여행,436,함께,MAG
경주 여행,436,2019,SN
경주 여행,436,10,SN
경주 여행,436,15,SN
경주 여행,436,첨성대,NNG
경주 여행,436,야생,NNG
경주 여행,436,단지,MAG
경주 여행,436,계림,NNG
경주 여행,436,월지,NNG
경주 여행,436,안압지,NNP
경주 여행,436,계림,NNP
경주 여행,436,월지,NNP
경주 여행,436,안압지,NNP
경주 여행,436,야경,NNG
경주 여행,436,박물관,NNG
경주 여행,436,10,SN
경주 여행,436,16,SN
경주 여행,436,김유신,NNP
경주 여행,436,장군,NNG
경주 여행,437,석굴암,NNG
경주 여행,437,2018,SN
경주 여행,437,10,SN
경주 여행,438,알라딘,NNP
경주 여행,438,100,SN
경주 여행,438,자평,NNG
경주 여행,438,일상,NNG
경주 여행,438,고고학,NNG
경주 여행,438,혼자,MAG
경주 여행,438,일상,NNG
경주 여행,438,고고학,NNG
경주 여행,438,혼자,MAG
경주 여행,438,개정,NNG
경주 여행,438,증보판,NNG
경주 여행,438,일상,NNG
경주 여행,438,고고학,NNG
경주 여행,438,시리즈,NNG
경주 여행,438,황윤,NNG
경주 여행,438,지음,NNG
경주 여행,438,고양이,NNG
경주 여행,438,2020,SN
경주 여행,438,10,SN
경주 여행,438,평점,NNG
경주 여행,438,삼국,NNG
경주 여행,438,시대,NNG
경주 여행,438,관한,VV+ETM
경주 여행,438,거의,MAG
경주 여행,438,모든,MM
경주 여행,438,자료,NNG
경주 여행,438,섭렵,NNG
경주 여행,438,소장,NNG
경주 여행,438,역사,NNG
경주 여행,438,학자,NNG
경주 여행,438,순수,NNG
경주 여행,438,시각,NNG
경주 여행,438,생생,XR
경주 여행,439,알라딘,NNP
경주 여행,439,일상,NNG
경주 여행,439,고고학,NNG
경주 여행,439,혼자,MAG
경주 여행,439,일상,NNG
경주 여행,439,고고학,NNG
경주 여행,439,혼자,MAG
경주 여행,439,개정,NNG
경주 여행,439,증보판,NNG
경주 여행,439,일상,NNG
경주 여행,439,고고학,NNG
경주 여행,439,시리즈,NNG
경주 여행,439,황윤,NNG
경주 여행,439,지음,NNG
경주 여행,439,고양이,NNG
경주 여행,439,2020,SN
경주 여행,439,10,SN
경주 여행,439,평점,NNG
경주 여행,439,수학,NNG
경주 여행,439,으로,JKB
경주 여행,439,추억,NNG
경주 여행,439,다시,MAG
경주 여행,439,한번,MAG
경주 여행,439,역사,NNG
경주 여행,439,그렇,VA
경주 여행,439,수록,EC
경주 여행,440,경비,NNG
경주 여행,440,혼자,NNG
경주 여행,440,떠난,VV+ETM
경주 여행,440,이동,NNG
경주 여행,440,수단,NNG
경주 여행,440,시외버스,NNG
경주 여행,440,버스,NNG
경주 여행,440,택시,NNG
경주 여행,440,시티투어,NNP
경주 여행,440,버스,NNG
경주 여행,440,Total,SL
경주 여행,440,13,SN
경주 여행,440,140,SN
경주 여행,440,기타,NNG
경주 여행,440,생필품,NNG
경주 여행,440,샴푸,NNG
경주 여행,440,린스,NNG
경주 여행,440,바디,NNG
경주 여행,440,워시,NNP
경주 여행,440,버블,NNG
경주 여행,440,490,SN
경주 여행,440,Total,SL
경주 여행,440,경비,NNG
경주 여행,440,148,SN
경주 여행,440,080,SN
경주 여행,441,경북,NNP
경주 여행,441,현대,NNG
경주 여행,441,호텔,NNG
경주 여행,441,현대,NNP
경주 여행,441,호텔,NNG
경주 여행,441,현대,NNG
경주 여행,441,호텔,NNG
경주 여행,441,보문,NNP
경주 여행,441,수상,NNG
경주 여행,441,공연장,NNG
경주 여행,441,보문관광단지,NNP
경주 여행,441,보문호,NNP
경주 여행,441,반길,VV+ETM
경주 여행,441,신라,NNP
경주 여행,441,컨트리클럽,NNG
경주 여행,441,숙박,NNG
경주 여행,441,현대,NNG
경주 여행,441,호텔,NNG
경주 여행,441,방문,NNG
경주 여행,441,일자,NNG
경주 여행,441,2016,SN
경주 여행,441,현대,NNG
경주 여행,441,호텔,NNG
경주 여행,441,경북,NNP
경주 여행,441,신평동,NNP
경주 여행,442,석굴암,NNG
경주 여행,442,불국사,NNG
경주 여행,442,09,SN
경주 여행,442,43,SN
경주 여행,442,석굴암,NNG
경주 여행,442,불국사,NNG
경주 여행,442,일시,NNG
경주 여행,442,2011,SN
경주 여행,442,22,SN
경주 여행,442,24,SN
경주 여행,442,장소,NNG
경주 여행,442,세째,NR
경주 여행,442,24,SN
경주 여행,442,석굴암,NNG
경주 여행,442,불국사,NNG
경주 여행,442,참여,NNG
경주 여행,442,우리,NP
경주 여행,442,가족,NNG
경주 여행,442,송국영,NNP
경주 여행,442,안종,NNP
경주 여행,442,송진주,NNP
경주 여행,442,김홍식,NNP
경주 여행,442,김연우,NNP
경주 여행,442,연주,NNP
경주 여행,442,조광민,NNP
경주 여행,443,대릉원,NNG
경주 여행,443,스탬프,NNG
경주 여행,443,투어,NNG
경주 여행,443,다섯,NR
경주 여행,443,이야기,NNG
경주 여행,443,대릉원,NNG
경주 여행,443,천마,NNG
경주 여행,443,경북,NNP
경주 여행,443,스탬프,NNG
경주 여행,443,투어,NNG
경주 여행,443,오릉,NNG
경주 여행,443,대릉원,NNG
경주 여행,443,천마총,NNG
경주 여행,443,오릉,NNG
경주 여행,443,교촌,NNG
경주 여행,443,마을,NNG
경주 여행,443,투어,NNG
경주 여행,443,마치,VV
경주 여행,443,다음,NNG
경주 여행,443,으로,JKB
경주 여행,443,찾아간,VV+ETM
경주 여행,443,바로,MAG
경주 여행,443,오릉,NNG
경주 여행,443,교촌,NNG
경주 여행,443,마을,NNG
경주 여행,443,면서,EC
경주 여행,443,조금,MAG
경주 여행,443,지치,VV
경주 여행,443,느낌,NNG
경주 여행,443,는데,EC
경주 여행,444,유적지,NNG
경주 여행,444,트레,NNP
경주 여행,444,대상지,NNG
경주 여행,444,유적지,NNG
경주 여행,444,트레,NNP
경주 여행,444,소재지,NNG
경주 여행,444,경북,NNP
경주 여행,444,2023,SN
경주 여행,444,10,SN
경주 여행,444,동궁,NNG
경주 여행,444,월지,NNG
경주 여행,444,반월,NNG
경주 여행,444,교촌,NNG
경주 여행,444,대릉원,NNG
경주 여행,444,44,SN
경주 여행,444,고분,NNG
경주 여행,444,분황사,NNG
경주 여행,444,황룡사,NNG
경주 여행,444,역사,NNG
경주 여행,444,문화원,NNG
경주 여행,444,동궁,NNG
경주 여행,444,월지,NNG
경주 여행,444,주차장,NNG
경주 여행,444,Km,SL
경주 여행,444,반월,NNG
경주 여행,444,에서,JKB
경주 여행,445,동궁,NNG
경주 여행,445,월지,NNG
경주 여행,445,안압지,NNP
경주 여행,445,야경,NNG
경주 여행,445,해외,NNG
경주 여행,445,이야기,NNG
경주 여행,445,후기,NNG
경주 여행,445,동궁,NNG
경주 여행,445,월지,NNG
경주 여행,445,안압지,NNP
경주 여행,445,야경,NNG
경주 여행,445,훌리아,NNP
경주 여행,445,2020,SN
경주 여행,445,25,SN
경주 여행,445,15,SN
경주 여행,445,17,SN
경주 여행,445,2019,SN
경주 여행,445,여름,NNG
경주 여행,445,사진,NNG
경주 여행,445,보관,NNG
경주 여행,445,구독,NNG
경주 여행,445,해외,NNG
경주 여행,445,이야기,NNG
경주 여행,445,후기,NNG
경주 여행,445,Related,SL
경주 여행,445,Articles,SL
경주 여행,446,2020,SN
경주 여행,446,06,SN
경주 여행,446,13,SN
경주 여행,446,14,SN
경주 여행,446,일요일,NNG
경주 여행,446,오전,NNG
경주 여행,446,오후,NNG
경주 여행,446,에서,JKB
경주 여행,446,고향,NNG
경주 여행,446,친구,NNG
경주 여행,446,함께,MAG
경주 여행,446,신라,NNP
경주 여행,446,대종,NNG
경주 여행,446,장맛비,NNG
경주 여행,446,시작,NNG
경주 여행,446,육월,NNP
경주 여행,446,중순,NNG
경주 여행,446,고향,NNG
경주 여행,446,친구,NNG
경주 여행,446,함께,MAG
경주 여행,446,에서,JKB
경주 여행,446,즐거운,VA+ETM
경주 여행,446,대릉원,NNG
경주 여행,446,돌담길,NNP
경주 여행,446,황리,NNG
경주 여행,447,이야기,NNG
경주 여행,447,계명,NNG
경주 여행,447,대학교,NNG
경주 여행,447,동산,NNG
경주 여행,447,병원,NNG
경주 여행,447,라고,EC
경주 여행,447,일자,NNG
경주 여행,447,2016,SN
경주 여행,447,인원,NNG
경주 여행,447,친구,NNG
경주 여행,447,함께,MAG
경주 여행,447,시외버스,NNG
경주 여행,447,터미널,NNG
경주 여행,447,경북,NNP
경주 여행,447,노서동,NNP
경주 여행,447,160,SN
경주 여행,447,전화,NNG
경주 여행,447,1666,SN
경주 여행,447,5599,SN
경주 여행,447,시외버스,NNG
경주 여행,447,터미널,NNG
경주 여행,448,알라딘,NNP
경주 여행,448,100,SN
경주 여행,448,자평,NNG
경주 여행,448,일상,NNG
경주 여행,448,고고학,NNG
경주 여행,448,혼자,MAG
경주 여행,448,일상,NNG
경주 여행,448,고고학,NNG
경주 여행,448,혼자,MAG
경주 여행,448,개정,NNG
경주 여행,448,증보판,NNG
경주 여행,448,일상,NNG
경주 여행,448,고고학,NNG
경주 여행,448,시리즈,NNG
경주 여행,448,황윤,NNG
경주 여행,448,지음,NNG
경주 여행,448,고양이,NNG
경주 여행,448,재미있,VA
경주 여행,448,길잡이,NNG
경주 여행,448,입니다,VCP+EF
경주 여행,448,풍부,XR
경주 여행,448,이해,NNG
경주 여행,449,코스,NNG
경주 여행,449,베스트,NNG
경주 여행,449,추천,NNG
경주 여행,449,top,SL
경주 여행,449,10,SN
경주 여행,449,코스,NNG
경주 여행,449,베스트,NNG
경주 여행,449,추천,NNG
경주 여행,449,top,SL
경주 여행,449,10,SN
경주 여행,449,코스,NNG
경주 여행,449,베스트,NNG
경주 여행,449,추천,NNG
경주 여행,449,top,SL
경주 여행,449,10,SN
경주 여행,449,소개,NNG
경주 여행,449,합니다,XSV+EC
경주 여행,449,황리,NNG
경주 여행,449,상호,NNG
경주 여행,449,황리,NNG
경주 여행,449,주소,NNG
경주 여행,449,경상북도,NNP
경주 여행,449,황남동,NNP
경주 여행,449,280,SN
경주 여행,449,전화,NNG
경주 여행,449,번호,NNG
경주 여행,449,입력,NNG
경주 여행,449,관련,NNG
경주 여행,449,키워드,NNP
경주 여행,449,키워드,NNP
경주 여행,450,코스,NNG
경주 여행,450,뚜벅,MAG
경주 여행,450,불국사,NNP
경주 여행,450,석굴암,NNG
경주 여행,450,중교,NNG
경주 여행,450,naver,SL
경주 여행,450,com,SL
경주 여행,450,loveartlove,SL
경주 여행,450,223054447834,SN
경주 여행,450,다시,MAG
경주 여행,450,서울,NNP
경주 여행,450,올라갈,VV+ETM
경주 여행,450,불국사,NNP
경주 여행,450,불국사,NNP
경주 여행,450,국보,NNG
경주 여행,450,다보탑,NNG
경주 여행,450,석가탑,NNG
경주 여행,450,석굴암,NNG
경주 여행,450,입장료,NNG
경주 여행,451,불국사,NNG
경주 여행,451,스탬프,NNG
경주 여행,451,투어,NNG
경주 여행,451,이야기,NNG
경주 여행,451,불국사,NNP
경주 여행,451,석굴암,NNG
경주 여행,451,경북,NNP
경주 여행,451,스탬프,NNG
경주 여행,451,투어,NNG
경주 여행,451,가을,NNG
경주 여행,451,불국사,NNG
경주 여행,451,석굴암,NNG
경주 여행,451,동리,NNG
경주 여행,451,문학관,NNG
경주 여행,451,구경,NNG
경주 여행,451,마치,VV
경주 여행,451,다음,NNG
경주 여행,451,으로,JKB
경주 여행,451,장소,NNG
경주 여행,451,핵심,NNG
경주 여행,451,메카,NNP
경주 여행,451,바로,MAG
경주 여행,451,불국사,NNP
경주 여행,451,석굴암,NNG
경주 여행,452,황리,NNG
경주 여행,452,한옥,NNG
경주 여행,452,카페,NNG
경주 여행,452,추천,NNG
경주 여행,452,카페,NNP
경주 여행,452,아덴,NNP
경주 여행,452,카페,NNP
경주 여행,452,아덴,NNP
경주 여행,452,위치,NNG
경주 여행,452,경북,NNP
경주 여행,452,사정,NNG
경주 여행,452,57,SN
경주 여행,452,운영,NNG
경주 여행,452,시간,NNG
경주 여행,452,매일,MAG
경주 여행,452,10,SN
경주 여행,452,와서,VV+EC
경주 여행,452,으로,JKB
경주 여행,452,채울,VV+ETM
경주 여행,452,어서,EC
경주 여행,452,어요,EF
경주 여행,452,실시간,NNG
경주 여행,452,예보,NNG
경주 여행,452,너무,MAG
경주 여행,452,커피,NNG
경주 여행,452,아덴,NNP
경주 여행,452,시그,NNP
경주 여행,453,알라딘,NNP
경주 여행,453,100,SN
경주 여행,453,자평,NNG
경주 여행,453,일상,NNG
경주 여행,453,고고학,NNG
경주 여행,453,혼자,MAG
경주 여행,453,일상,NNG
경주 여행,453,고고학,NNG
경주 여행,453,혼자,MAG
경주 여행,453,개정,NNG
경주 여행,453,증보판,NNG
경주 여행,453,일상,NNG
경주 여행,453,고고학,NNG
경주 여행,453,시리즈,NNG
경주 여행,453,황윤,NNG
경주 여행,453,지음,NNG
경주 여행,453,고양이,NNG
경주 여행,453,2020,SN
경주 여행,453,10,SN
경주 여행,453,평점,NNG
경주 여행,453,대한,VV+ETM
경주 여행,453,아름다움,VA+ETN
경주 여행,453,느낄,VV+ETM
경주 여행,453,기대,NNG
경주 여행,453,됩니다,XSV+EC
경주 여행,454,알라딘,NNP
경주 여행,454,서재,NNP
경주 여행,454,필수,NNG
경주 여행,454,필요,NNG
경주 여행,454,지식,NNG
경주 여행,454,설명,NNG
경주 여행,454,이해,NNG
경주 여행,454,사진,NNG
경주 여행,454,정보,NNG
경주 여행,454,가득,MAG
경주 여행,454,서울,NNP
경주 여행,454,이어,MAG
경주 여행,454,역사,NNG
경주 여행,454,꿈꾸,VV
경주 여행,454,한옥,NNG
경주 여행,454,에서,JKB
경주 여행,454,독서,NNG
경주 여행,454,모임,NNG
경주 여행,454,다가,EC
경주 여행,454,바로,MAG
경주 여행,454,주문,NNG
경주 여행,454,역사,NNG
경주 여행,454,예정,NNG
경주 여행,455,에서,JKB
경주 여행,455,걸어서,VV+EC
경주 여행,455,대릉원,NNG
경주 여행,455,까지,JX
경주 여행,455,대릉원,NNG
경주 여행,455,담장,NNG
경주 여행,455,2018,SN
경주 여행,455,11,SN
경주 여행,455,이번,NNG
경주 여행,455,천천히,MAG
경주 여행,455,걸으며,VV+EC
경주 여행,455,가을,NNG
경주 여행,455,만끽,NNG
경주 여행,455,컨셉,NNG
경주 여행,455,마침,MAG
경주 여행,455,가을,NNG
경주 여행,455,분위기,NNG
경주 여행,455,한껏,MAG
경주 여행,455,고조,NNG
경주 여행,455,시켜,XSV+EC
경주 여행,455,벚나무,NNG
경주 여행,455,좌우,NNG
경주 여행,455,어서,EC
경주 여행,455,마다,JX
경주 여행,455,가지,VV
경주 여행,455,와서,VV+EC
경주 여행,456,Knowledge,SL
경주 여행,456,Box,SL
경주 여행,456,슈만,NNP
경주 여행,456,클라라,NNP
경주 여행,456,도착,NNG
경주 여행,456,제일,MAG
경주 여행,456,먼저,MAG
경주 여행,456,슈만,NNP
경주 여행,456,클라라,NNP
경주 여행,456,라는,VCP+ETM
경주 여행,456,cafe,SL
경주 여행,456,위치,NNG
경주 여행,456,요기,NP
경주 여행,456,여기,NP
경주 여행,456,버스,NNG
경주 여행,456,려고,EC
경주 여행,456,는데,EC
경주 여행,456,버스,NNG
경주 여행,456,너무,MAG
경주 여행,456,와서,VV+EC
경주 여행,456,택시,NNG
경주 여행,456,그러나,MAJ
경주 여행,456,다음,NNG
경주 여행,456,문제,NNG
경주 여행,456,계속,MAG
경주 여행,457,2303,SN
경주 여행,457,봄꽃,NNG
경주 여행,457,습니다,EF
경주 여행,457,벌써,MAG
경주 여행,457,마지막,NNG
경주 여행,457,월요일,NNG
경주 여행,457,찾아간,VV+ETM
경주 여행,457,벚꽃,NNG
경주 여행,457,상춘객,NNG
경주 여행,457,으로,JKB
경주 여행,457,많이,MAG
경주 여행,457,붐볐,VV+EP
경주 여행,457,습니다,EF
경주 여행,457,에서,JKB
경주 여행,457,점심,NNG
경주 여행,457,집사람,NNG
경주 여행,457,국도,NNG
경주 여행,457,천천히,MAG
경주 여행,457,올라가,VV
경주 여행,457,곳곳,NNG
경주 여행,457,벚꽃,NNG
경주 여행,457,자랑,NNG
경주 여행,457,열중,NNG
경주 여행,458,황리,NNG
경주 여행,458,맛집,NNG
경주 여행,458,여도,NNG
경주 여행,458,영업,NNG
경주 여행,458,종료,NNG
경주 여행,458,오늘,NNG
경주 여행,458,맛집,NNG
경주 여행,458,황리,NNG
경주 여행,458,맛집,NNG
경주 여행,458,여주,NNG
경주 여행,458,이야기,NNG
경주 여행,458,함께,MAG
경주 여행,458,해요,VV+EF
경주 여행,458,다만,MAJ
경주 여행,458,현재,MAG
경주 여행,458,여도,NNG
경주 여행,458,다는,ETM
경주 여행,458,저희,NP
경주 여행,458,기록,NNG
경주 여행,458,해서,VV+EC
경주 여행,458,그냥,MAG
경주 여행,458,포스팅,NNP
경주 여행,458,진행,NNG
경주 여행,458,참고,NNG
경주 여행,458,세요,EP+EF
경주 여행,458,한옥,NNP
경주 여행,458,외관,NNG
경주 여행,458,눈길,NNG
경주 여행,459,황리,NNG
경주 여행,459,주전부리,NNG
경주 여행,459,황금,NNG
경주 여행,459,황남,NNG
경주 여행,459,옥수수,NNG
경주 여행,459,청년,NNG
경주 여행,459,분식,NNG
경주 여행,459,황리,NNG
경주 여행,459,주전부리,NNG
경주 여행,459,저녁,NNG
경주 여행,459,출출,XR
경주 여행,459,해서,XSA+EC
경주 여행,459,황리,NNG
경주 여행,459,주전부리,NNG
경주 여행,459,우선,MAG
경주 여행,459,급한,VA+ETM
경주 여행,459,결론,NNG
경주 여행,459,부터,JX
경주 여행,459,자면,EC
경주 여행,459,청년,NNG
경주 여행,459,분식,NNG
경주 여행,459,황남,NNG
경주 여행,459,옥수수,NNG
경주 여행,459,모두,MAG
경주 여행,459,아쉽,VA
경주 여행,459,청년,NNG
경주 여행,459,분식,NNG
경주 여행,459,쥬얼,NNP
경주 여행,459,우릴,VV+ETM
경주 여행,459,유혹,NNG
경주 여행,459,뭔가,NP+VCP+EC
경주 여행,460,13,SN
경주 여행,460,성동,NNG
경주 여행,460,시장,NNG
경주 여행,460,구경,NNG
경주 여행,460,가을,NNG
경주 여행,460,기차,NNG
경주 여행,460,피날레,NNG
경주 여행,460,2018,SN
경주 여행,460,11,SN
경주 여행,460,즐거웠,VA+EP
경주 여행,460,가을,NNG
경주 여행,460,기차,NNG
경주 여행,460,단풍,NNG
경주 여행,460,맘껏,MAG
경주 여행,460,누리,VV
경주 여행,460,돌아가,VV
경주 여행,460,노란,VA+ETM
경주 여행,460,은행,NNG
경주 여행,460,낙엽,NNG
경주 여행,460,올려,VV+EC
경주 여행,460,어야,EC
경주 여행,460,는데,EC
경주 여행,460,언니,NNG
경주 여행,460,수고,NNG
경주 여행,460,어염,EF
경주 여행,460,숙소,NNG
경주 여행,460,변경,NNG
경주 여행,460,지도자,NNG
경주 여행,460,언니,NNG
경주 여행,460,짝짝,MAG
경주 여행,461,첨성대,NNG
경주 여행,461,대릉원,NNG
경주 여행,461,주차,NNG
경주 여행,461,주차장,NNG
경주 여행,461,대릉원,NNG
경주 여행,461,주차장,NNG
경주 여행,461,여기,NP
경주 여행,461,매표,NNG
경주 여행,461,해야,VV+EC
경주 여행,461,들어갈,VV+ETM
경주 여행,461,어서,EC
경주 여행,461,그냥,MAG
경주 여행,461,혼자,NNG
경주 여행,461,굳이,MAG
경주 여행,461,들어갈,VV+ETM
경주 여행,461,필요,NNG
경주 여행,461,느꼈,VV+EP
경주 여행,461,네요,EF
경주 여행,461,편하,VA
경주 여행,461,드라이브,NNG
경주 여행,461,둘러본,VV+ETM
경주 여행,461,그리고,MAJ
경주 여행,461,그곳,NP
경주 여행,461,에서,JKB
경주 여행,461,만난,VV+ETM
경주 여행,461,첨성대,NNG
경주 여행,462,안녕,IC
경주 여행,462,2014,SN
경주 여행,462,2014,SN
경주 여행,462,마지막,NNG
경주 여행,462,에서,JKB
경주 여행,462,멋진,VA+ETM
경주 여행,462,선물,NNG
경주 여행,462,눈발,NNG
경주 여행,462,날리,VV
경주 여행,462,시작,NNG
경주 여행,462,한다,XSV+EF
경주 여행,462,그리고,MAJ
경주 여행,462,금방,MAG
경주 여행,462,하얀,VA+ETM
경주 여행,462,세상,NNG
경주 여행,462,으로,JKB
경주 여행,462,변한다,VV+EC
경주 여행,462,눈길,NNG
경주 여행,462,산책,NNG
경주 여행,462,불국사,NNP
경주 여행,462,에서,JKB
경주 여행,462,기차,NNG
경주 여행,462,마무리,NNG
경주 여행,462,한다,XSV+EF
경주 여행,462,다시,MAG
경주 여행,462,화창,XR
경주 여행,462,해진,XSA+EC+VX+ETM
경주 여행,462,하늘,NNG
경주 여행,463,야경,NNG
경주 여행,463,다른,MM
경주 여행,463,매력,NNG
경주 여행,463,정교,NNG
경주 여행,463,분위기,NNG
경주 여행,463,저녁,NNG
경주 여행,463,정교,NNG
경주 여행,463,방문,NNG
경주 여행,463,추천,NNG
경주 여행,463,드립니다,VV+EF
경주 여행,463,켜진,VV+ETM
경주 여행,463,정교,NNG
경주 여행,463,신나,VV
경주 여행,463,사진,NNG
경주 여행,463,정교,NNG
경주 여행,463,야경,NNG
경주 여행,463,마지막,NNG
경주 여행,463,으로,JKB
경주 여행,463,떠나갑니다,VV+EF
경주 여행,463,여기,NP
경주 여행,463,신라,NNP
경주 여행,463,니까,VCP+EC
경주 여행,463,신라,NNP
경주 여행,463,해장국,NNG
경주 여행,463,즐거웠,VA+EP
경주 여행,463,습니다,EF
경주 여행,464,황남,NNG
경주 여행,464,맷돌,NNG
경주 여행,464,순두부,NNG
경주 여행,464,두부,NNG
경주 여행,464,보쌈,NNG
경주 여행,464,제육,NNG
경주 여행,464,순두부찌개,NNG
경주 여행,464,그리고,MAJ
경주 여행,464,황남,NNG
경주 여행,464,맷돌,NNG
경주 여행,464,순두부,NNG
경주 여행,464,영업시간,NNG
경주 여행,464,30,SN
경주 여행,464,까지,JX
경주 여행,464,황리,NNG
경주 여행,464,시작,NNG
경주 여행,464,으로,JKB
경주 여행,464,어지간,XR
경주 여행,464,밥집,NNG
경주 여행,464,영업,NNG
경주 여행,464,마감,NNG
경주 여행,464,진짜,MAG
경주 여행,464,고기,NNG
경주 여행,464,맛있,VA
경주 여행,464,두부,NNG
경주 여행,464,순두부찌개,NNG
경주 여행,464,맛나,VA
경주 여행,464,호랑이,NNG
경주 여행,464,막걸리,NNG
경주 여행,464,완전,MAG
경주 여행,464,맛있,VA
경주 여행,464,어서,EC
경주 여행,465,마치,VV
경주 여행,465,울주,NNP
경주 여행,465,새벽,NNG
경주 여행,465,다가,EC
경주 여행,465,그친다,VV+EC
경주 여행,465,하늘,NNG
경주 여행,465,예쁘다,NNP
경주 여행,465,월드,NNG
경주 여행,465,판다,NNG
경주 여행,465,에서,JKB
경주 여행,465,점심,NNG
경주 여행,465,맛있,VA
경주 여행,465,친절,NNG
경주 여행,465,떡갈비,NNG
경주 여행,465,맛나,VA
경주 여행,465,계란찜,NNG
경주 여행,465,풍경,NNG
경주 여행,465,예쁘,VA
경주 여행,465,행복,NNG
경주 여행,465,울주,NNP
경주 여행,466,서출지,NNG
경주 여행,466,23,SN
경주 여행,466,28,SN
경주 여행,466,더운,VA+ETM
경주 여행,466,날씨,NNG
경주 여행,466,촬영,NNG
경주 여행,466,임했,VV+EP
경주 여행,466,사진가,NNG
경주 여행,466,에게,JKB
경주 여행,466,미안,NNG
경주 여행,466,생각,NNG
경주 여행,466,더운,VA+ETM
경주 여행,466,날씨,NNG
경주 여행,466,여러,MM
경주 여행,466,촬영,NNG
경주 여행,466,대작,NNG
경주 여행,466,으시,EP
경주 여행,466,무사히,MAG
경주 여행,466,습니다,EF
경주 여행,467,알라딘,NNP
경주 여행,467,100,SN
경주 여행,467,자평,NNG
경주 여행,467,우리,NP
경주 여행,467,아이,IC
경주 여행,467,우리,NP
경주 여행,467,아이,IC
경주 여행,467,세계,NNG
경주 여행,467,문화유산,NNG
경주 여행,467,아서,EC
경주 여행,467,개정판,NNG
경주 여행,467,답사,NNG
경주 여행,467,바로,MAG
경주 여행,467,역사,NNG
경주 여행,467,바로,MAG
경주 여행,467,박광일,NNP
경주 여행,467,전향,NNG
경주 여행,467,이야기,NNG
경주 여행,467,기획,NNG
경주 여행,467,성당,NNG
경주 여행,467,2011,SN
경주 여행,467,평점,NNG
경주 여행,467,초등,NNG
경주 여행,467,학교,NNG
경주 여행,467,학생,NNG
경주 여행,467,수학,NNG
경주 여행,468,알라딘,NNP
경주 여행,468,100,SN
경주 여행,468,자평,NNG
경주 여행,468,일상,NNG
경주 여행,468,고고학,NNG
경주 여행,468,혼자,MAG
경주 여행,468,일상,NNG
경주 여행,468,고고학,NNG
경주 여행,468,혼자,MAG
경주 여행,468,개정,NNG
경주 여행,468,증보판,NNG
경주 여행,468,일상,NNG
경주 여행,468,고고학,NNG
경주 여행,468,시리즈,NNG
경주 여행,468,황윤,NNG
경주 여행,468,지음,NNG
경주 여행,468,고양이,NNG
경주 여행,468,묻힌,VV+ETM
경주 여행,468,타임캡슐,NNG
경주 여행,468,신라,NNG
경주 여행,468,특별,NNG
경주 여행,468,시간,NNG
경주 여행,468,네요,EC
경주 여행,469,오늘,NNG
경주 여행,469,날씨,NNG
경주 여행,469,더우니,VA+EC
경주 여행,469,마을,NNG
경주 여행,469,식당,NNG
경주 여행,469,에서,JKB
경주 여행,469,맛난,VA+ETM
경주 여행,469,양념,NNG
경주 여행,469,게장,NNG
경주 여행,469,점심,NNG
경주 여행,469,힐튼,NNP
경주 여행,469,호텔,NNG
경주 여행,469,에서,JKB
경주 여행,469,커피,NNG
경주 여행,469,한잔,NNG
경주 여행,469,보문,NNG
경주 여행,469,단지,MAG
경주 여행,469,푸른,VA+ETM
경주 여행,469,나무,NNG
경주 여행,469,감상,NNG
경주 여행,469,커피,NNG
경주 여행,469,한잔,NNG
경주 여행,469,스콘,NNP
경주 여행,469,행복,NNG
경주 여행,469,월드,NNG
경주 여행,469,관람,NNG
경주 여행,469,보인다,VV+EF
경주 여행,469,한번,MAG
경주 여행,469,볼까,EC+VX+EC
경주 여행,470,압지,NNG
경주 여행,470,야경,NNG
경주 여행,470,투어,NNG
경주 여행,470,방문,NNG
경주 여행,470,아마도,MAG
경주 여행,470,보름달,NNG
경주 여행,470,보다,JKB
경주 여행,470,하늘,NNG
경주 여행,470,황청,NNG
경주 여행,470,연못,NNG
경주 여행,470,빠져,VV+EC
경주 여행,470,야경,NNG
경주 여행,470,함께,MAG
경주 여행,470,정말,MAG
경주 여행,470,멋진,VA+ETM
경주 여행,470,야경,NNG
경주 여행,470,보여,VV+EC
경주 여행,470,이래서,VV+EC
경주 여행,470,마다,JX
경주 여행,470,이곳,NP
경주 여행,470,압지,NNG
경주 여행,470,하나,NR
경주 여행,470,보다,JKB
경주 여행,471,알라딘,NNP
경주 여행,471,100,SN
경주 여행,471,자평,NNG
경주 여행,471,우리,NP
경주 여행,471,아이,IC
경주 여행,471,우리,NP
경주 여행,471,아이,IC
경주 여행,471,에서,JKB
경주 여행,471,신라,NNG
경주 여행,471,답사,NNG
경주 여행,471,바로,MAG
경주 여행,471,역사,NNG
경주 여행,471,바로,MAG
경주 여행,471,13,SN
경주 여행,471,박광일,NNP
경주 여행,471,2004,SN
경주 여행,471,평점,NNG
경주 여행,471,구판,NNG
경주 여행,471,절판,NNG
경주 여행,471,아이,NNG
경주 여행,471,눈높이,NNG
경주 여행,471,맞춰진,VV+EC+VX+ETM
경주 여행,472,알라딘,NNP
경주 여행,472,100,SN
경주 여행,472,자평,NNG
경주 여행,472,일상,NNG
경주 여행,472,고고학,NNG
경주 여행,472,혼자,MAG
경주 여행,472,일상,NNG
경주 여행,472,고고학,NNG
경주 여행,472,혼자,MAG
경주 여행,472,개정,NNG
경주 여행,472,증보판,NNG
경주 여행,472,일상,NNG
경주 여행,472,고고학,NNG
경주 여행,472,시리즈,NNG
경주 여행,472,황윤,NNG
경주 여행,472,지음,NNG
경주 여행,472,고양이,NNG
경주 여행,472,2020,SN
경주 여행,472,10,SN
경주 여행,472,평점,NNG
경주 여행,472,유익,NNG
경주 여행,472,아요,EC
경주 여행,473,알라딘,NNP
경주 여행,473,역사,NNG
경주 여행,473,관심,NNG
경주 여행,473,시작,NNG
경주 여행,473,해서,XSV+EC
경주 여행,473,함께,MAG
경주 여행,473,어요,EF
경주 여행,473,길래,EC
경주 여행,473,생각,NNG
경주 여행,473,는데,EC
경주 여행,473,그리,VV
경주 여행,473,마음,NNG
경주 여행,473,접하,VV
경주 여행,473,어요,EF
경주 여행,473,기억,NNG
경주 여행,473,가지,VV
경주 여행,473,는데,EC
경주 여행,473,아이,NNG
경주 여행,473,신라,NNG
경주 여행,473,배운,VV+ETM
경주 여행,473,그런지,VA+EC
경주 여행,473,동안,NNG
경주 여행,473,배운,VV+ETM
경주 여행,473,내용,NNG
경주 여행,473,생각,NNG
경주 여행,473,유적지,NNG
경주 여행,474,매화,NNG
경주 여행,474,산수유,NNG
경주 여행,474,만발,NNG
경주 여행,474,보문,NNG
경주 여행,474,단지,MAG
경주 여행,474,호수,NNG
경주 여행,474,산책,NNG
경주 여행,474,행복,NNG
경주 여행,474,마무리,NNG
경주 여행,475,알라딘,NNP
경주 여행,475,100,SN
경주 여행,475,자평,NNG
경주 여행,475,일상,NNG
경주 여행,475,고고학,NNG
경주 여행,475,혼자,MAG
경주 여행,475,일상,NNG
경주 여행,475,고고학,NNG
경주 여행,475,혼자,MAG
경주 여행,475,일상,NNG
경주 여행,475,시리즈,NNG
경주 여행,475,황윤,NNG
경주 여행,475,지음,NNG
경주 여행,475,고양이,NNG
경주 여행,475,2020,SN
경주 여행,475,10,SN
경주 여행,475,평점,NNG
경주 여행,475,마니아,NNG
경주 여행,475,알려,VV+EC
경주 여행,475,탐방기,NNG
경주 여행,475,그런지,VA+EC
경주 여행,475,대한,VV+ETM
경주 여행,475,알찬,VA+ETM
경주 여행,475,설명,NNG
경주 여행,475,습니다,EF
경주 여행,476,알라딘,NNP
경주 여행,476,100,SN
경주 여행,476,자평,NNG
경주 여행,476,일상,NNG
경주 여행,476,고고학,NNG
경주 여행,476,혼자,MAG
경주 여행,476,일상,NNG
경주 여행,476,고고학,NNG
경주 여행,476,혼자,MAG
경주 여행,476,개정,NNG
경주 여행,476,증보판,NNG
경주 여행,476,일상,NNG
경주 여행,476,고고학,NNG
경주 여행,476,시리즈,NNG
경주 여행,476,황윤,NNG
경주 여행,476,지음,NNG
경주 여행,476,고양이,NNG
경주 여행,476,2020,SN
경주 여행,476,10,SN
경주 여행,476,평점,NNG
경주 여행,476,아름다운,VA+ETM
경주 여행,476,풍경,NNG
경주 여행,476,고고학,NNG
경주 여행,476,우리,NP
경주 여행,476,지적,NNG
경주 여행,476,힐링,NNG
경주 여행,476,안겨,VV+EC
경주 여행,476,줘서,VX+EC
경주 여행,477,주상,NNG
경주 여행,477,절리,NNG
경주 여행,477,스탬프,NNG
경주 여행,477,투어,NNG
경주 여행,477,목적지,NNG
경주 여행,477,주상,NNG
경주 여행,477,스탬프,NNG
경주 여행,477,투어,NNG
경주 여행,477,주상,NNG
경주 여행,477,절리,NNG
경주 여행,477,해변,NNG
경주 여행,477,둘레길,NNP
경주 여행,477,주상,NNG
경주 여행,477,절리,NNG
경주 여행,477,파도,NNG
경주 여행,477,소리,NNG
경주 여행,477,드디어,MAG
경주 여행,477,시작,NNG
경주 여행,477,대한,VV+ETM
경주 여행,477,때문,NNB
경주 여행,477,을까,EC
경주 여행,477,오랫만,NNG
경주 여행,477,밤잠,NNG
경주 여행,477,설치,VV
경주 여행,477,다가,EC
경주 여행,477,시계,NNG
경주 여행,477,조금,MAG
경주 여행,477,시간,NNG
경주 여행,478,FeRed,SL
경주 여행,478,Conundrum,SL
경주 여행,478,of,SL
경주 여행,478,Life,SL
경주 여행,478,불국사,NNP
경주 여행,478,황남빵,NNP
경주 여행,478,교리,NNG
경주 여행,478,김밥,NNG
경주 여행,478,내소,NNG
경주 여행,478,Theme,SL
경주 여행,478,불국사,NNP
경주 여행,478,황남빵,NNP
경주 여행,478,교리,NNG
경주 여행,478,김밥,NNG
경주 여행,478,산내,NNG
경주 여행,478,소고기,NNG
경주 여행,478,울산,NNP
경주 여행,478,Comments,SL
경주 여행,478,후배,NNG
경주 여행,478,녀석,NNB
경주 여행,478,같이,MAG
경주 여행,478,울산,NNP
경주 여행,478,불국사,NNG
경주 여행,478,에서,JKB
경주 여행,478,천마총,NNG
경주 여행,478,에서,JKB
경주 여행,478,첨성대,NNG
경주 여행,478,으로,JKB
경주 여행,478,내려오,VV
경주 여행,478,다가,EC
경주 여행,478,나무,NNG
경주 여행,478,그늘,NNG
경주 여행,478,내부,NNG
경주 여행,478,전경,NNG
경주 여행,479,알라딘,NNP
경주 여행,479,100,SN
경주 여행,479,자평,NNG
경주 여행,479,일상,NNG
경주 여행,479,고고학,NNG
경주 여행,479,혼자,MAG
경주 여행,479,개정,NNG
경주 여행,479,증보판,NNG
경주 여행,479,일상,NNG
경주 여행,479,고고학,NNG
경주 여행,479,시리즈,NNG
경주 여행,479,황윤,NNG
경주 여행,479,지음,NNG
경주 여행,479,고양이,NNG
경주 여행,479,2020,SN
경주 여행,479,10,SN
경주 여행,479,평점,NNG
경주 여행,479,어려서,VA+EC
경주 여행,479,그냥,MAG
경주 여행,479,학교,NNG
경주 여행,479,에서,JKB
경주 여행,479,지금,MAG
경주 여행,479,커서,VV+EC
경주 여행,479,공부,NNG
경주 여행,479,다른,MM
경주 여행,479,느낌,NNG
경주 여행,479,습니다,EF
경주 여행,479,가보세요,NNG
경주 여행,480,알라딘,NNP
경주 여행,480,100,SN
경주 여행,480,자평,NNG
경주 여행,480,일상,NNG
경주 여행,480,고고학,NNG
경주 여행,480,혼자,MAG
경주 여행,480,혼자,NNG
경주 여행,480,개정,NNG
경주 여행,480,증보판,NNG
경주 여행,480,일상,NNG
경주 여행,480,고고학,NNG
경주 여행,480,시리즈,NNG
경주 여행,480,황윤,NNG
경주 여행,480,지음,NNG
경주 여행,480,고양이,NNG
경주 여행,480,2020,SN
경주 여행,480,10,SN
경주 여행,480,평점,NNG
경주 여행,480,이야기,NNG
경주 여행,480,봐도,VV+EC
경주 여행,480,봐도,VX+EC
경주 여행,480,들어도,VV+EC
경주 여행,480,들어도,VV+EC
경주 여행,480,재미있,VA
경주 여행,480,습니다,EF
경주 여행,480,작가,NNG
경주 여행,480,혼자,NNG
경주 여행,480,기대,NNG
경주 여행,480,봅니다,VX+EC
경주 여행,481,매화꽃,NNG
경주 여행,481,산수유,NNG
경주 여행,481,예쁜,VA+ETM
경주 여행,481,간다,VV+EC
경주 여행,481,날씨,NNG
경주 여행,481,따뜻,XR
경주 여행,481,바람,NNG
경주 여행,481,많이,MAG
경주 여행,481,햇살,NNG
경주 여행,481,따뜻,XR
경주 여행,481,점심,NNG
경주 여행,481,궁금,XR
경주 여행,481,했었,VX+EP
경주 여행,481,황룡,NNG
경주 여행,481,돌아봤,VV+EP
경주 여행,481,동국,NNG
경주 여행,481,재단,NNG
경주 여행,481,에서,JKB
경주 여행,481,운영,NNG
경주 여행,481,연수원,NNG
경주 여행,481,인데,VCP+EC
경주 여행,481,웅장,XR
경주 여행,481,꾸며져,VV+EC+VX+EC
경주 여행,482,맷돌,NNG
경주 여행,482,순부,NNG
경주 여행,482,옆집,NNG
경주 여행,482,정화,NNG
경주 여행,482,송이,NNG
경주 여행,482,순두부,NNG
경주 여행,482,맛집,NNG
경주 여행,482,옆집,NNG
경주 여행,482,아니,VCN
경주 여행,482,라도,EC
경주 여행,482,가격,NNG
경주 여행,482,비싸,VA
경주 여행,482,니까,EC
경주 여행,482,기본,NNG
경주 여행,482,반찬,NNG
경주 여행,482,생선,NNG
경주 여행,482,구이,NNG
경주 여행,482,나와서,VV+EC
경주 여행,482,후배,NNG
경주 여행,482,맛있,VA
경주 여행,482,섬세,XR
경주 여행,482,발라,VV+EC
경주 여행,482,하얀,VA+ETM
경주 여행,482,순두부,NNG
경주 여행,482,다니,EC
경주 여행,482,순두부,NNG
경주 여행,482,처음,MAG
경주 여행,482,본다,VV+EC
경주 여행,482,파전,NNG
경주 여행,482,하나,NR
경주 여행,482,주문,NNG
경주 여행,482,새송이,NNP
경주 여행,482,탁주,NNG
경주 여행,482,주문,NNG
경주 여행,482,낮술,NNG
경주 여행,483,남산,NNP
경주 여행,483,칠불암,NNG
경주 여행,483,케이트,NNP
경주 여행,483,입니다,VCP+EF
경주 여행,483,진입,NNG
경주 여행,483,읍니다,EC
경주 여행,483,서라벌,NNP
경주 여행,483,휴게소,NNG
경주 여행,483,입니다,VCP+EF
경주 여행,483,통일전,NNP
경주 여행,483,주차장,NNG
경주 여행,483,주차,NNG
경주 여행,483,아니하,VX
경주 여행,483,염불,NNG
경주 여행,483,사지,NNG
경주 여행,483,삼층석탑,NNP
경주 여행,483,주차,NNG
경주 여행,483,여기,NP
경주 여행,483,일찍,MAG
경주 여행,483,도착,NNG
경주 여행,483,여야,EC
경주 여행,483,주차,NNG
경주 여행,483,아침,NNG
경주 여행,484,알라딘,NNP
경주 여행,484,100,SN
경주 여행,484,자평,NNG
경주 여행,484,일상,NNG
경주 여행,484,고고학,NNG
경주 여행,484,혼자,MAG
경주 여행,484,일상,NNG
경주 여행,484,고고학,NNG
경주 여행,484,혼자,MAG
경주 여행,484,개정,NNG
경주 여행,484,증보판,NNG
경주 여행,484,일상,NNG
경주 여행,484,고고학,NNG
경주 여행,484,시리즈,NNG
경주 여행,484,황윤,NNG
경주 여행,484,지음,NNG
경주 여행,484,고양이,NNG
경주 여행,484,2020,SN
경주 여행,484,10,SN
경주 여행,484,평점,NNG
경주 여행,484,이런,MM
경주 여행,484,너무,MAG
경주 여행,484,아함,IC+ETN
경주 여행,484,더구나,MAJ
경주 여행,484,라서,VCP+EC
경주 여행,484,너무,MAG
경주 여행,484,마음,NNG
경주 여행,484,중학교,NNG
경주 여행,484,수학,NNG
경주 여행,484,으로,JKB
경주 여행,485,국내,NNG
경주 여행,485,사진,NNG
경주 여행,485,국내,NNG
경주 여행,485,테마,NNG
경주 여행,485,Theodor,SL
경주 여행,485,2017,SN
경주 여행,485,18,SN
경주 여행,485,08,SN
경주 여행,485,11,SN
경주 여행,485,벚꽃,NNG
경주 여행,485,거의,MAG
경주 여행,485,떨어지,VV
경주 여행,485,시기,NNG
경주 여행,485,아쉬움,NNG
경주 여행,485,대능원,NNP
경주 여행,485,출입문,NNG
경주 여행,485,능원,NNG
경주 여행,485,소나무,NNG
경주 여행,485,천마총,NNG
경주 여행,485,안압지,NNP
경주 여행,485,분황사,NNG
경주 여행,485,모전,NNG
경주 여행,485,석탑,NNG
경주 여행,485,원래,NNG
경주 여행,486,힐튼,NNP
경주 여행,486,호텔,NNG
경주 여행,486,한국,NNP
경주 여행,486,서울,NNP
경주 여행,486,호텔,NNG
경주 여행,486,체인,NNG
경주 여행,486,이상,NNG
경주 여행,486,두산,NNP
경주 여행,486,참고,NNG
경주 여행,486,미국,NNP
경주 여행,486,저명,XR
경주 여행,486,모델,NNG
경주 여행,486,철저히,MAG
경주 여행,486,손님,NNG
경주 여행,486,배려,NNG
경주 여행,486,호텔,NNG
경주 여행,486,그래서,MAJ
경주 여행,486,즐거울,VA+ETM
경주 여행,486,밖에,JX
경주 여행,487,토함산,NNP
경주 여행,487,단풍,NNG
경주 여행,487,터널,NNG
경주 여행,487,자연,NNG
경주 여행,487,그려,VV+EC
경주 여행,487,수채화,NNG
경주 여행,487,17,SN
경주 여행,487,11,SN
경주 여행,487,17,SN
경주 여행,487,떠나,VV
경주 여행,487,단풍,NNG
경주 여행,487,그윽,XR
경주 여행,487,숲길,NNG
경주 여행,487,느긋이,MAG
경주 여행,487,불국사,NNP
경주 여행,487,석굴암,NNG
경주 여행,487,토함산,NNP
경주 여행,487,숲길,NNG
경주 여행,487,월산,NNG
경주 여행,487,고갯길,NNG
경주 여행,487,굳이,MAG
경주 여행,487,신라,NNP
경주 여행,487,역사,NNG
경주 여행,487,몰라도,VV+EC
경주 여행,487,시내,NNG
경주 여행,488,배롱나무,NNG
경주 여행,488,첨성대,NNG
경주 여행,488,야경,NNG
경주 여행,488,16,SN
경주 여행,488,18,SN
경주 여행,488,수학,NNG
경주 여행,488,다녀오,VV
경주 여행,488,사람,NNG
경주 여행,488,심지어,MAG
경주 여행,488,자녀,NNG
경주 여행,488,역사,NNG
경주 여행,488,유적,NNG
경주 여행,488,답사,NNG
경주 여행,488,동행,NNG
경주 여행,488,해서,XSV+EC
경주 여행,488,이런,MM
경주 여행,488,아무리,MAG
경주 여행,488,생각,NNG
경주 여행,488,해봐도,XSV+EC+VX+EC
경주 여행,488,국내,NNG
경주 여행,488,에선,JKB+JX
경주 여행,488,특징,NNG
경주 여행,488,하나,NR
경주 여행,488,평온,NNG
경주 여행,488,자연,NNG
경주 여행,489,황리,NNG
경주 여행,489,카페,NNG
경주 여행,489,카페,NNG
경주 여행,489,카페,NNG
경주 여행,489,황리,NNG
경주 여행,489,메인,VV+ETM
경주 여행,489,거리,NNG
경주 여행,489,위치,NNG
경주 여행,489,어서,EC
경주 여행,489,거리,NNG
경주 여행,489,둘러보,VV
경주 여행,489,뚜벅,MAG
경주 여행,489,입니다,VCP+EF
경주 여행,489,인테리어,NNG
경주 여행,489,예쁘,VA
경주 여행,489,어서,EC
경주 여행,489,더욱,MAG
경주 여행,489,눈길,NNG
경주 여행,489,카페,NNG
경주 여행,489,입니다,VCP+EF
경주 여행,489,황리,NNG
경주 여행,489,카페,NNG
경주 여행,489,카페,NNG
경주 여행,489,날씨,NNG
경주 여행,490,경북,NNP
경주 여행,490,국밥,NNG
경주 여행,490,맛집,NNG
경주 여행,490,수백,NR
경주 여행,490,보문,NNG
경주 여행,490,com,SL
경주 여행,490,633,SN
경주 여행,490,경북,NNP
경주 여행,490,교촌,NNP
경주 여행,490,마을,NNG
경주 여행,490,교촌,NNG
경주 여행,490,보관,NNG
경주 여행,490,아이,NNG
경주 여행,490,가족,NNG
경주 여행,490,2024,SN
경주 여행,490,31,SN
경주 여행,490,가족,NNG
경주 여행,490,함께,MAG
경주 여행,490,기록,NNG
경주 여행,490,오늘,NNG
경주 여행,490,가족,NNG
경주 여행,490,모임,NNG
경주 여행,490,어서,EC
경주 여행,490,경북,NNP
경주 여행,490,어요,EF
경주 여행,491,불국사역,NNP
경주 여행,491,에서,JKB
경주 여행,491,동대구,NNG
경주 여행,491,까지,JX
경주 여행,491,기차,NNG
경주 여행,491,무궁화호,NNP
경주 여행,491,시간,NNG
경주 여행,491,시외,NNG
경주 여행,491,고속,NNG
경주 여행,491,버스,NNG
경주 여행,491,터미널,NNG
경주 여행,491,모두,MAG
경주 여행,491,거리,NNG
경주 여행,491,어서,EC
경주 여행,491,어디,NP
경주 여행,491,따라,VV+EC
경주 여행,491,대중,NNG
경주 여행,491,교통,NNG
경주 여행,491,종류,NNG
경주 여행,491,달라지,VV
경주 여행,491,는데,EC
경주 여행,491,서울,NNP
경주 여행,491,이나,JC
경주 여행,491,대전,NNP
경주 여행,491,까지,JX
경주 여행,491,시간,NNBC
경주 여행,491,이상,NNG
경주 여행,491,걸리,VV
경주 여행,491,코스,NNG
경주 여행,491,라고,VCP+EC
경주 여행,492,알라딘,NNP
경주 여행,492,100,SN
경주 여행,492,자평,NNG
경주 여행,492,일상,NNG
경주 여행,492,고고학,NNG
경주 여행,492,혼자,MAG
경주 여행,492,지음,NNG
경주 여행,492,고양이,NNG
경주 여행,492,2020,SN
경주 여행,492,10,SN
경주 여행,492,평점,NNG
경주 여행,492,정말,MAG
경주 여행,492,도시,NNG
경주 여행,492,입니다,VCP+EF
경주 여행,492,시간,NNG
경주 여행,492,기분,NNG
경주 여행,492,어서,EC
경주 여행,492,행복,NNG
경주 여행,492,거든요,EF
경주 여행,492,코로나,NNP
경주 여행,492,때문,NNB
경주 여행,492,버렸,VX+EP
경주 여행,492,네요,EF
경주 여행,492,으로,JKB
경주 여행,492,혼자,MAG
경주 여행,492,네요,EC
경주 여행,493,파란,VA+ETM
경주 여행,493,하늘,NNG
경주 여행,493,구름,NNG
경주 여행,493,동동,MAG
경주 여행,493,아름다운,VA+ETM
경주 여행,493,신나,VV
경주 여행,493,고속도로,NNP
경주 여행,493,달려,VV+EC
경주 여행,493,간다,VV+EC
경주 여행,493,오늘,NNG
경주 여행,493,힐링,NNG
경주 여행,493,산송,NNG
경주 여행,493,한우구,NNP
경주 여행,493,언양,NNP
경주 여행,493,불고기,NNG
경주 여행,493,더덕구이,NNG
경주 여행,493,자알,MAG
경주 여행,493,이랑,JC
경주 여행,493,라떼,NNG
경주 여행,493,한잔,NNG
경주 여행,493,노천온천,NNP
경주 여행,493,으로,JKB
경주 여행,493,간다,VV+EC
경주 여행,493,파란,VA+ETM
경주 여행,493,하늘,NNG
경주 여행,494,알라딘,NNP
경주 여행,494,100,SN
경주 여행,494,자평,NNG
경주 여행,494,일상,NNG
경주 여행,494,고고학,NNG
경주 여행,494,혼자,MAG
경주 여행,494,2020,SN
경주 여행,494,10,SN
경주 여행,494,평점,NNG
경주 여행,494,매년,MAG
경주 여행,494,가을,NNG
경주 여행,494,꿈꾸,VV
경주 여행,494,지만,EC
경주 여행,494,아직,MAG
경주 여행,494,실천,NNG
경주 여행,494,사람,NNG
경주 여행,494,입니다,VCP+EF
경주 여행,494,알차,VA
경주 여행,494,느낄,VV+ETM
경주 여행,494,기대,NNG
경주 여행,494,열심히,MAG
경주 여행,494,습니다,EF
경주 여행,495,알라딘,NNP
경주 여행,495,100,SN
경주 여행,495,자평,NNG
경주 여행,495,일상,NNG
경주 여행,495,고고학,NNG
경주 여행,495,혼자,MAG
경주 여행,495,일상,NNG
경주 여행,495,고고학,NNG
경주 여행,495,혼자,MAG
경주 여행,495,개정,NNG
경주 여행,495,증보판,NNG
경주 여행,495,일상,NNG
경주 여행,495,고고학,NNG
경주 여행,495,시리즈,NNG
경주 여행,495,황윤,NNG
경주 여행,495,지음,NNG
경주 여행,495,고양이,NNG
경주 여행,495,2020,SN
경주 여행,495,10,SN
경주 여행,495,평점,NNG
경주 여행,495,지만,EC
경주 여행,495,제대로,MAG
경주 여행,495,구경,NNG
경주 여행,495,네요,EF
경주 여행,495,코로나,NNP
경주 여행,496,알라딘,NNP
경주 여행,496,100,SN
경주 여행,496,자평,NNG
경주 여행,496,일상,NNG
경주 여행,496,고고학,NNG
경주 여행,496,혼자,MAG
경주 여행,496,일상,NNG
경주 여행,496,고고학,NNG
경주 여행,496,혼자,MAG
경주 여행,496,개정,NNG
경주 여행,496,증보판,NNG
경주 여행,496,일상,NNG
경주 여행,496,고고학,NNG
경주 여행,496,시리즈,NNG
경주 여행,496,황윤,NNG
경주 여행,496,지음,NNG
경주 여행,496,고양이,NNG
경주 여행,496,2020,SN
경주 여행,496,10,SN
경주 여행,496,평점,NNG
경주 여행,496,수학,NNG
경주 여행,496,이후,NNG
경주 여행,496,못했,VX+EP
경주 여행,496,대해,VV+EC
경주 여행,496,다시,MAG
경주 여행,496,생각,NNG
경주 여행,496,네요,EC
경주 여행,497,나정,NNG
경주 여행,497,맛집,NNG
경주 여행,497,나정,NNG
경주 여행,497,라면,NNG
경주 여행,497,맛집,NNG
경주 여행,497,에도,NNP
경주 여행,497,바다,NNG
경주 여행,497,나정,NNG
경주 여행,497,스토리,NNG
경주 여행,497,올려,VV+EC
경주 여행,497,드릴께요,VX+EF
경주 여행,497,에도,NNP
경주 여행,497,바다,NNG
경주 여행,497,다는,ETM
경주 여행,497,사실,NNG
경주 여행,497,아시나,NNP
경주 여행,497,정하,VV
경주 여행,497,면서,EC
경주 여행,497,바다,NNG
경주 여행,497,남편,NNG
경주 여행,497,역사,NNG
경주 여행,497,좋아해서,VV+EC
경주 여행,497,유적지,NNG
경주 여행,497,어요,EF
경주 여행,497,그러,VV
경주 여행,498,가을,NNG
경주 여행,498,도착,NNG
경주 여행,498,오늘,NNG
경주 여행,498,작년,NNG
경주 여행,498,여름,NNG
경주 여행,498,코스,NNG
경주 여행,498,서출지,NNG
경주 여행,498,통일전,NNP
경주 여행,498,그리고,MAJ
경주 여행,498,산림,NNG
경주 여행,498,연구원,NNG
경주 여행,498,둘러보,VV
경주 여행,498,핑크,NNG
경주 여행,498,예쁜,VA+ETM
경주 여행,498,첨성대,NNG
경주 여행,498,주변,NNG
경주 여행,498,황리,NNG
경주 여행,498,구경,NNG
경주 여행,498,헉헉,MAG
경주 여행,498,점심,NNG
경주 여행,498,커피,NNG
경주 여행,498,면서,EC
경주 여행,498,돌린다,VV+EC
경주 여행,498,조금,NNG
경주 여행,498,가을,NNG
경주 여행,498,찾아오,VV
경주 여행,499,알라딘,NNP
경주 여행,499,100,SN
경주 여행,499,자평,NNG
경주 여행,499,일상,NNG
경주 여행,499,고고학,NNG
경주 여행,499,혼자,MAG
경주 여행,499,일상,NNG
경주 여행,499,고고학,NNG
경주 여행,499,혼자,MAG
경주 여행,499,개정,NNG
경주 여행,499,증보판,NNG
경주 여행,499,일상,NNG
경주 여행,499,고고학,NNG
경주 여행,499,시리즈,NNG
경주 여행,499,황윤,NNG
경주 여행,499,지음,NNG
경주 여행,499,고양이,NNG
경주 여행,499,2020,SN
경주 여행,499,10,SN
경주 여행,499,평점,NNG
경주 여행,499,수학,NNG
경주 여행,499,역사,NNG
경주 여행,499,의미,NNG
경주 여행,499,모르,VV
경주 여행,499,지나쳤,VV+EP
경주 여행,499,지만,EC
경주 여행,499,이제,NNG
경주 여행,499,풍경,NNG
경주 여행,499,하나,NR
경주 여행,499,하나,NR
경주 여행,499,에서,JKB
경주 여행,500,알라딘,NNP
경주 여행,500,100,SN
경주 여행,500,자평,NNG
경주 여행,500,일상,NNG
경주 여행,500,고고학,NNG
경주 여행,500,혼자,MAG
경주 여행,500,앞서,MAG
경주 여행,500,출간,NNG
경주 여행,500,일상,NNG
경주 여행,500,고고학,NNG
경주 여행,500,혼자,NNG
경주 여행,500,백제,NNG
경주 여행,500,이어,MAG
경주 여행,500,이번,NNG
경주 여행,500,입니다,VCP+EF
경주 여행,500,전작,NNG
경주 여행,500,백제,NNG
경주 여행,500,만족,NNG
경주 여행,500,스러웠,XSA+EP
경주 여행,500,라면,EC
경주 여행,500,이번,NNG
경주 여행,500,무조건,MAG
경주 여행,500,탑승,NNG
경주 여행,500,바랍니다,VV+EC
전주 여행,1,동궁,NNG
전주 여행,1,월지,NNG
전주 여행,1,첨성대,NNG
전주 여행,1,야경,NNG
전주 여행,1,연꽃,NNG
전주 여행,1,단지,MAG
전주 여행,1,분황사,NNG
전주 여행,1,방문,NNG
전주 여행,1,다시,MAG
전주 여행,1,남겨,VV+EC
전주 여행,1,이웃,NNG
전주 여행,1,지내,VV
전주 여행,1,나요,EF
전주 여행,1,지난주,NNG
전주 여행,1,blog,SL
전주 여행,1,naver,SL
전주 여행,1,com,SL
전주 여행,1,예전,NNG
전주 여행,1,사진,NNG
전주 여행,1,떠나,VV
전주 여행,1,진다,VX+EC
전주 여행,2,경북,NNP
전주 여행,2,천문,NNG
전주 여행,2,기상,NNG
전주 여행,2,관측대,NNG
전주 여행,2,첨성대,NNG
전주 여행,2,일자,NNG
전주 여행,2,2016,SN
전주 여행,2,인원,NNG
전주 여행,2,친구,NNG
전주 여행,2,함께,MAG
전주 여행,2,첨성대,NNG
전주 여행,2,경북,NNP
전주 여행,2,인왕동,NNP
전주 여행,2,839,SN
전주 여행,2,전화,NNG
전주 여행,2,054,SN
전주 여행,2,779,SN
전주 여행,2,8741,SN
전주 여행,2,첨성대,NNG
전주 여행,2,관람료,NNG
전주 여행,2,무료,NNG
전주 여행,2,경북,NNP
전주 여행,2,이야기,NNG
전주 여행,2,첨성대,NNG
전주 여행,2,에서,JKB
전주 여행,2,바라본,VV+ETM
전주 여행,2,대릉원,NNG
전주 여행,2,야경,NNG
전주 여행,3,데이,NNG
전주 여행,3,택시,NNG
전주 여행,3,투어,NNG
전주 여행,3,감사,NNG
전주 여행,3,합니다,XSV+EF
전주 여행,3,구매,NNG
전주 여행,3,https,SL
전주 여행,3,smartstore,SL
전주 여행,3,naver,SL
전주 여행,3,com,SL
전주 여행,3,dptour,SL
전주 여행,3,products,SL
전주 여행,3,5981873243,SN
전주 여행,3,플레이스,NNG
전주 여행,3,데이,NNG
전주 여행,3,택시,NNG
전주 여행,3,투어,NNG
전주 여행,3,돌고래,NNG
전주 여행,3,돌핀,NNG
전주 여행,3,스토어,NNG
전주 여행,3,플레이스,NNG
전주 여행,3,데이,NNG
전주 여행,3,택시,NNG
전주 여행,3,투어,NNG
전주 여행,3,smartstore,SL
전주 여행,3,naver,SL
전주 여행,3,com,SL
전주 여행,4,설레임,VV+ETN
전주 여행,4,패밀리,NNG
전주 여행,4,일상,NNG
전주 여행,4,오늘,NNG
전주 여행,4,목적지,NNG
전주 여행,4,회사,NNG
전주 여행,4,제휴,NNG
전주 여행,4,숙소,NNG
전주 여행,4,저렴,XR
전주 여행,4,예약,NNG
전주 여행,4,나선다,VV+EC
전주 여행,4,도착,NNG
전주 여행,4,자마자,EC
전주 여행,4,고파서,VA+EC
전주 여행,4,우리,NP
전주 여행,4,가족,NNG
전주 여행,4,국수집,NNG
전주 여행,4,본다,VV+EC
전주 여행,4,와이프,NNG
전주 여행,4,검색,NNG
전주 여행,4,해서,XSV+EC
전주 여행,4,찾아간,VV+ETM
전주 여행,4,갈비,NNG
전주 여행,4,국수,NNG
전주 여행,5,경북,NNP
전주 여행,5,불국사,NNG
전주 여행,5,단아,XR
전주 여행,5,정숙,XR
전주 여행,5,묻어나,VV
전주 여행,5,겹벚꽃,NNG
전주 여행,5,벚꽃,NNG
전주 여행,5,벚꽃,NNG
전주 여행,5,즐기,VV
전주 여행,5,고수,NNG
전주 여행,5,라면,VCP+EC
전주 여행,5,서둘러,VV+EC
전주 여행,5,티켓,NNG
전주 여행,5,예약,NNG
전주 여행,5,다시,MAG
전주 여행,5,들썩이,VV
전주 여행,5,지역,NNG
전주 여행,5,벚꽃,NNG
전주 여행,5,거의,MAG
전주 여행,5,떨어지,VV
전주 여행,5,불국사,NNG
전주 여행,5,겹벚꽃,NNG
전주 여행,5,으로,JKB
전주 여행,5,유명,XR
전주 여행,5,불국사,NNP
전주 여행,5,입구,NNG
전주 여행,6,보문,NNG
전주 여행,6,단지,MAG
전주 여행,6,벚꽃,NNG
전주 여행,6,보문호,NNP
전주 여행,6,반길,VV+ETM
전주 여행,6,화사,XR
전주 여행,6,선사,NNG
전주 여행,6,17,SN
전주 여행,6,최적,NNG
전주 여행,6,지이,NNG
전주 여행,6,도로,NNG
전주 여행,6,꽃길,NNG
전주 여행,6,이른,VA+ETM
전주 여행,6,시각,NNG
전주 여행,6,와야,VV+EC
전주 여행,6,제대로,MAG
전주 여행,6,힐링,NNG
전주 여행,6,만개,NNG
전주 여행,6,아름다운,VA+ETM
전주 여행,6,경관,NNG
전주 여행,6,이루,VV
전주 여행,6,보문,NNG
전주 여행,6,단지,NNG
전주 여행,6,시가지,NNG
전주 여행,6,에서,JKB
전주 여행,6,동쪽,NNG
전주 여행,6,으로,JKB
전주 여행,6,10,SN
전주 여행,6,정도,NNG
전주 여행,6,떨어진,VV+ETM
전주 여행,6,활산,NNP
전주 여행,6,성터,NNG
전주 여행,7,경북,NNP
전주 여행,7,하얀,VA+ETM
전주 여행,7,목련,NNG
전주 여행,7,대릉원,NNG
전주 여행,7,목련,NNG
전주 여행,7,풍경,NNG
전주 여행,7,최근,NNG
전주 여행,7,빼놓,VV
전주 여행,7,코스,NNG
전주 여행,7,다름,VA+ETN
전주 여행,7,아닌,VCN+ETM
전주 여행,7,야경,NNG
전주 여행,7,둘러보,VV
전주 여행,7,연인,NNG
전주 여행,7,함께,MAG
전주 여행,7,떠나,VV
전주 여행,7,당신,NP
전주 여행,7,위한,VV+ETM
전주 여행,7,야경,NNG
전주 여행,7,투어,NNG
전주 여행,7,코스,NNG
전주 여행,7,소개,NNG
전주 여행,7,한다,XSV+EC
전주 여행,7,준비,NNG
전주 여행,8,세계,NNG
전주 여행,8,문화유산,NNG
전주 여행,8,양동,NNP
전주 여행,8,마을,NNG
전주 여행,8,18,SN
전주 여행,8,29,SN
전주 여행,8,시간,NNG
전주 여행,8,떠나,VV
전주 여행,8,다면,EC
전주 여행,8,조상,NNG
전주 여행,8,모습,NNG
전주 여행,8,고스란히,MAG
전주 여행,8,간직,NNG
전주 여행,8,수백,NR
전주 여행,8,숨결,NNG
전주 여행,8,양동,NNP
전주 여행,8,마을,NNG
전주 여행,8,제격,NNG
전주 여행,8,아닐까,VCN+EC
전주 여행,8,경상북도,NNP
전주 여행,8,강동면,NNP
전주 여행,8,양동,NNP
전주 여행,8,마을,NNG
전주 여행,8,138,SN
전주 여행,8,18,SN
전주 여행,8,지번,NNG
전주 여행,8,경상북도,NNP
전주 여행,8,강동면,NNP
전주 여행,9,경북,NNP
전주 여행,9,다리,NNG
전주 여행,9,정교,NNG
전주 여행,9,18,SN
전주 여행,9,21,SN
전주 여행,9,잠시,MAG
전주 여행,9,교촌,NNG
전주 여행,9,마을,NNG
전주 여행,9,도착,NNG
전주 여행,9,행사,NNG
전주 여행,9,잠시,MAG
전주 여행,9,간다,VX+EC
전주 여행,9,최근,NNG
전주 여행,9,빼놓,VV
전주 여행,9,연인,NNG
전주 여행,9,함께,MAG
전주 여행,9,떠나,VV
전주 여행,9,당신,NP
전주 여행,9,위한,VV+ETM
전주 여행,9,야경,NNG
전주 여행,9,투어,NNG
전주 여행,9,코스,NNG
전주 여행,9,소개,NNG
전주 여행,9,한다,XSV+EC
전주 여행,9,준비,NNG
전주 여행,10,야경,NNG
전주 여행,10,이쁜,VA+ETM
전주 여행,10,안압지,NNP
전주 여행,10,첨성대,NNG
전주 여행,10,16,SN
전주 여행,10,31,SN
전주 여행,10,어울린다,VV+EC
전주 여행,10,에서,JKB
전주 여행,10,빠질,VV+ETM
전주 여행,10,관광지,NNG
전주 여행,10,하나,NR
전주 여행,10,첨성대,NNG
전주 여행,10,첨성대,NNG
전주 여행,10,신라,NNP
전주 여행,10,시대,NNG
전주 여행,10,관측,NNG
전주 여행,10,최근,NNG
전주 여행,10,빼놓,VV
전주 여행,10,코스,NNG
전주 여행,10,다름,VA+ETN
전주 여행,10,아닌,VCN+ETM
전주 여행,10,야경,NNG
전주 여행,10,둘러보,VV
전주 여행,11,에서,JKB
전주 여행,11,사람,NNG
전주 여행,11,지나치,VV
전주 여행,11,몇몇,MM
전주 여행,11,지인,NNG
전주 여행,11,경험,NNG
전주 여행,11,생각,NNG
전주 여행,11,에서,JKB
전주 여행,11,주목,NNG
전주 여행,11,장소,NNG
전주 여행,11,정리,NNG
전주 여행,11,고즈넉,XR
전주 여행,11,산사,NNG
전주 여행,11,옥천사,NNG
전주 여행,11,수학,NNG
전주 여행,11,성지,NNG
전주 여행,11,역사,NNG
전주 여행,11,탐방,NNG
전주 여행,11,중심지,NNG
전주 여행,11,알려져,VV+EC+VX+EC
전주 여행,11,지만,EC
전주 여행,11,주변,NNG
전주 여행,11,으로,JKB
전주 여행,12,14,SN
전주 여행,12,개월,NNBC
전주 여행,12,아기,NNG
전주 여행,12,후기,NNG
전주 여행,12,정글,NNG
전주 여행,12,법칙,NNG
전주 여행,12,미디어,NNG
전주 여행,12,파크,NNG
전주 여행,12,버드,NNP
전주 여행,12,파크,NNG
전주 여행,12,그래도,VV+EC
전주 여행,12,일정,NNG
전주 여행,12,온다면,VV+EC
전주 여행,12,다녀오,VV
전주 여행,12,버드,NNP
전주 여행,12,파크,NNG
전주 여행,12,위치,NNG
전주 여행,12,경북,NNP
전주 여행,12,보문,NNG
전주 여행,12,74,SN
전주 여행,12,14,SN
전주 여행,12,북군동,NNP
전주 여행,12,185,SN
전주 여행,12,전화,NNG
전주 여행,12,054,SN
전주 여행,12,777,SN
전주 여행,12,7200,SN
전주 여행,12,운영,NNG
전주 여행,12,시간,NNG
전주 여행,12,10,SN
전주 여행,12,00,SN
전주 여행,12,19,SN
전주 여행,12,00,SN
전주 여행,12,입장료,NNG
전주 여행,12,대인,NNG
전주 여행,12,20,SN
전주 여행,12,000,SN
전주 여행,12,소인,NNG
전주 여행,12,15,SN
전주 여행,12,000,SN
전주 여행,13,울산,NNP
전주 여행,13,Part,SL
전주 여행,13,동궁,NNG
전주 여행,13,월지,NNG
전주 여행,13,누리,NNG
전주 여행,13,정원,NNG
전주 여행,13,성호,NNG
전주 여행,13,리조트,NNG
전주 여행,13,장생포,NNG
전주 여행,13,고래,NNG
전주 여행,13,문화,NNG
전주 여행,13,특구,NNP
전주 여행,13,라는,VCP+ETM
전주 여행,13,이름,NNG
전주 여행,13,으로,JKB
전주 여행,13,고래,NNG
전주 여행,13,주제,NNG
전주 여행,13,다채,XR
전주 여행,13,로운,XSA+ETM
전주 여행,13,관광지,NNG
전주 여행,13,형성,NNG
전주 여행,13,는데,EC
전주 여행,13,사실,MAG
전주 여행,13,고래,MAG
전주 여행,13,박물관,NNG
전주 여행,13,이나,JC
전주 여행,13,생태,NNG
전주 여행,13,jinstistory,SL
전주 여행,13,tistory,SL
전주 여행,13,com,SL
전주 여행,13,2023,SN
전주 여행,13,08,SN
전주 여행,13,16,SN
전주 여행,13,국내,NNG
전주 여행,13,울산,NNP
전주 여행,13,Part,SL
전주 여행,14,루비,NNG
전주 여행,14,정원,NNG
전주 여행,14,연휴,NNG
전주 여행,14,에서,JKB
전주 여행,14,시작,NNG
전주 여행,14,세요,EP+EF
전주 여행,14,신청,NNG
전주 여행,14,센터,NNG
전주 여행,14,광활,XR
전주 여행,14,부지,NNG
전주 여행,14,자리,NNG
전주 여행,14,역사,NNG
전주 여행,14,마당,NNG
전주 여행,14,엄청나,VA
전주 여행,14,너른,VA+ETM
전주 여행,14,연휴,NNG
전주 여행,14,계획,NNG
전주 여행,14,계신,VX+ETM
전주 여행,14,KTX,SL
전주 여행,14,이용,NNG
전주 여행,14,어떠,XR
전주 여행,14,신지,JKS+EP+EC
전주 여행,14,Copyright,SL
전주 여행,14,2011,SN
전주 여행,14,루비,NNG
전주 여행,14,All,SL
전주 여행,14,pictures,SL
전주 여행,15,출장,NNG
전주 여행,15,깨끗,XR
전주 여행,15,조식,NNG
전주 여행,15,제공,NNG
전주 여행,15,에이치,NNG
전주 여행,15,비뉴,NNG
전주 여행,15,호텔,NNG
전주 여행,15,불국사,NNP
전주 여행,15,까지,JX
전주 여행,15,도보,NNG
전주 여행,15,15,SN
전주 여행,15,거리,NNG
전주 여행,15,어서,EC
전주 여행,15,피로,NNG
전주 여행,15,조금,NNG
전주 여행,15,이나마,JX
전주 여행,15,습니다,EF
전주 여행,15,아침,NNG
전주 여행,15,일찍,MAG
전주 여행,15,불국사,NNG
전주 여행,15,방문,NNG
전주 여행,15,한적,XR
전주 여행,15,고요,NNG
전주 여행,15,분위기,NNG
전주 여행,15,에서,JKB
전주 여행,15,산책,NNG
전주 여행,15,즐기,VV
전주 여행,15,최적,NNG
전주 여행,15,위치,NNG
전주 여행,15,습니다,EF
전주 여행,15,스테이,NNG
전주 여행,16,알라딘,NNP
전주 여행,16,100,SN
전주 여행,16,자평,NNG
전주 여행,16,일상,NNG
전주 여행,16,고고학,NNG
전주 여행,16,혼자,MAG
전주 여행,16,일상,NNG
전주 여행,16,고고학,NNG
전주 여행,16,혼자,MAG
전주 여행,16,개정,NNG
전주 여행,16,증보판,NNG
전주 여행,16,일상,NNG
전주 여행,16,고고학,NNG
전주 여행,16,시리즈,NNG
전주 여행,16,황윤,NNG
전주 여행,16,지음,NNG
전주 여행,16,고양이,NNG
전주 여행,16,2020,SN
전주 여행,16,10,SN
전주 여행,16,평점,NNG
전주 여행,16,역사,NNG
전주 여행,16,사랑,NNG
전주 여행,16,사람,NNG
전주 여행,16,으로,JKB
전주 여행,16,바라본,VV+ETM
전주 여행,16,만큼,NNB
전주 여행,16,보이,VV
전주 여행,16,사랑,NNG
전주 여행,17,20200727,SN
전주 여행,17,08,SN
전주 여행,17,02,SN
전주 여행,17,20200728,SN
전주 여행,17,2020,SN
전주 여행,17,08,SN
전주 여행,17,02,SN
전주 여행,17,20200727,SN
전주 여행,17,2020,SN
전주 여행,17,08,SN
전주 여행,17,02,SN
전주 여행,17,평화,NNG
전주 여행,17,2020,SN
전주 여행,17,07,SN
전주 여행,17,13,SN
전주 여행,17,강릉,NNP
전주 여행,17,서나,NNG
전주 여행,17,2020,SN
전주 여행,17,07,SN
전주 여행,17,08,SN
전주 여행,17,강릉,NNP
전주 여행,17,2020,SN
전주 여행,17,07,SN
전주 여행,17,08,SN
전주 여행,18,한옥,NNG
전주 여행,18,숙소,NNG
전주 여행,18,소설,NNG
전주 여행,18,첨성,NNG
전주 여행,18,대점,NNG
전주 여행,18,비향,NNP
전주 여행,18,15,SN
전주 여행,18,한옥,NNG
전주 여행,18,숙소,NNG
전주 여행,18,이름,NNG
전주 여행,18,특이,XR
전주 여행,18,소설,NNG
전주 여행,18,첨성,NNG
전주 여행,18,대점,NNG
전주 여행,18,첨성대,NNG
전주 여행,18,진짜,MAG
전주 여행,18,가까워서,VA+EC
전주 여행,18,첨성,NNG
전주 여행,18,대점,NNG
전주 여행,18,이쁘,VA
전주 여행,18,이쁜,VA+ETM
전주 여행,18,한옥,NNG
전주 여행,18,소설,NNG
전주 여행,18,너무너무,MAG
전주 여행,18,너무,MAG
전주 여행,18,인기,NNG
전주 여행,18,라서,EC
전주 여행,18,주말,NNG
전주 여행,18,으려면,EC
전주 여행,19,알라딘,NNP
전주 여행,19,황금,NNG
전주 여행,19,호두,NNG
전주 여행,19,열리,VV
전주 여행,19,무웅,NNP
전주 여행,19,함께,MAG
전주 여행,19,떠나,VV
전주 여행,19,코스,NNG
전주 여행,19,인데,VCP+EC
전주 여행,19,새로운,VA+ETM
전주 여행,19,느낌,NNG
전주 여행,19,자꾸,MAG
전주 여행,19,새로운,VA+ETM
전주 여행,19,느낌,NNG
전주 여행,19,빠져,VV+EC
전주 여행,19,는데,EC
전주 여행,19,신라,NNP
전주 여행,19,에서,JKB
전주 여행,19,아이,NNG
전주 여행,19,함께,MAG
전주 여행,19,새롭,VA
전주 여행,19,다가왔,VV+EP
전주 여행,19,한참,MAG
전주 여행,19,티비,NNG
전주 여행,19,에서,JKB
전주 여행,20,까지,JX
전주 여행,20,이동은,NNP
전주 여행,20,기차,NNG
전주 여행,20,에서,JKB
전주 여행,20,자전거,NNG
전주 여행,20,도보,NNG
전주 여행,20,버스,NNG
전주 여행,20,투어,NNG
전주 여행,20,모두,MAG
전주 여행,20,가능,NNG
전주 여행,20,코스,NNG
전주 여행,20,시내,NNG
전주 여행,20,천마총,NNG
전주 여행,20,왕릉,NNG
전주 여행,20,첨성대,NNG
전주 여행,20,계림,NNG
전주 여행,20,포석정,NNP
전주 여행,20,안압지,NNP
전주 여행,21,알라딘,NNP
전주 여행,21,100,SN
전주 여행,21,자평,NNG
전주 여행,21,일상,NNG
전주 여행,21,고고학,NNG
전주 여행,21,혼자,MAG
전주 여행,21,일상,NNG
전주 여행,21,고고학,NNG
전주 여행,21,혼자,MAG
전주 여행,21,개정,NNG
전주 여행,21,증보판,NNG
전주 여행,21,일상,NNG
전주 여행,21,고고학,NNG
전주 여행,21,시리즈,NNG
전주 여행,21,황윤,NNG
전주 여행,21,지음,NNG
전주 여행,21,고양이,NNG
전주 여행,21,한참,MAG
전주 여행,21,는데,EC
전주 여행,21,오랜만,NNG
전주 여행,21,저자,NNG
전주 여행,21,함께,MAG
전주 여행,21,걸으며,VV+EC
전주 여행,21,역사,NNG
전주 여행,21,느낌,NNG
전주 여행,21,네요,EC
전주 여행,22,감포,NNP
전주 여행,22,대말,NNG
전주 여행,22,체험,NNG
전주 여행,22,전시관,NNG
전주 여행,22,위치,NNG
전주 여행,22,경북,NNP
전주 여행,22,척사,NNG
전주 여행,22,18,SN
전주 여행,22,94,SN
전주 여행,22,운영,NNG
전주 여행,22,시간,NNG
전주 여행,22,09,SN
전주 여행,22,00,SN
전주 여행,22,18,SN
전주 여행,22,00,SN
전주 여행,22,연중무휴,NNG
전주 여행,22,대표,NNG
전주 여행,22,전화,NNG
전주 여행,22,054,SN
전주 여행,22,744,SN
전주 여행,22,3233,SN
전주 여행,22,입장료,NNG
전주 여행,22,무료,NNG
전주 여행,22,대말,NNG
전주 여행,22,체험,NNG
전주 여행,22,아이,NNG
전주 여행,22,함께,MAG
전주 여행,22,점심,NNG
전주 여행,22,시간,NNG
전주 여행,22,12,SN
전주 여행,22,00,SN
전주 여행,22,13,SN
전주 여행,22,00,SN
전주 여행,22,운영,NNG
전주 여행,23,코스,NNG
전주 여행,23,읍천항,NNP
전주 여행,23,주상,NNG
전주 여행,23,절리,NNG
전주 여행,23,파도,NNG
전주 여행,23,소리,NNG
전주 여행,23,주상,NNG
전주 여행,23,절리,NNG
전주 여행,23,제주도,NNP
전주 여행,23,만큼,JKB
전주 여행,23,이나,JX
전주 여행,23,이쁜,VA+ETM
전주 여행,23,게다가,MAG
전주 여행,23,조용,XR
전주 여행,23,읍천항,NNP
전주 여행,23,코스,NNG
전주 여행,23,읍천항,NNP
전주 여행,23,자리,NNG
전주 여행,23,주상,NNG
전주 여행,23,절리,NNG
전주 여행,23,파도,NNG
전주 여행,23,소리,NNG
전주 여행,23,주차장,NNG
전주 여행,23,갖추,VV
전주 여행,23,따라,VV+EC
전주 여행,23,등대,NNG
전주 여행,23,까지,JX
전주 여행,24,교리,NNG
전주 여행,24,김밥,NNG
전주 여행,24,맛집,NNG
전주 여행,24,면서,EC
전주 여행,24,들린,VV+ETM
전주 여행,24,김밥,NNG
전주 여행,24,남산,NNG
전주 여행,24,등산,NNG
전주 여행,24,포함,NNG
전주 여행,24,해서,XSV+EC
전주 여행,24,당일,NNG
전주 여행,24,계획,NNG
전주 여행,24,다녀왔,VV+EP
전주 여행,24,습니다,EF
전주 여행,24,코스,NNG
전주 여행,24,에선,JKB+JX
전주 여행,24,여하튼,MAJ
전주 여행,24,처럼,JKB
전주 여행,24,정도,NNG
전주 여행,24,라는,ETM
전주 여행,24,생각,NNG
전주 여행,24,네요,EF
전주 여행,24,특히나,MAG
전주 여행,24,남산,NNG
전주 여행,25,놀부,NNG
전주 여행,25,보쌈,NNG
전주 여행,25,황오,NNP
전주 여행,25,배달,NNG
전주 여행,25,후기,NNG
전주 여행,25,숙소,NNG
전주 여행,25,황남,NNG
전주 여행,25,머물,VV
전주 여행,25,어요,EF
전주 여행,25,저녁,NNG
전주 여행,25,아이,NNG
전주 여행,25,지치,VV
전주 여행,25,배민,NNG
전주 여행,25,놀부,NNG
전주 여행,25,보쌈,NNG
전주 여행,25,검색,NNG
전주 여행,25,황오,NNP
전주 여행,25,에서,JKB
전주 여행,25,배달,NNG
전주 여행,25,가능,NNG
전주 여행,25,다고,EC
전주 여행,25,나오,VV
전주 여행,25,네요,EF
전주 여행,25,저희,NP
전주 여행,25,황남,NNG
전주 여행,25,머물,VV
전주 여행,25,때문,NNB
전주 여행,26,안녕,IC
전주 여행,26,2014,SN
전주 여행,26,2014,SN
전주 여행,26,그냥,MAG
전주 여행,26,보내,VV
전주 여행,26,아쉬워서,VA+EC
전주 여행,26,기차,NNG
전주 여행,26,떠났,VV+EP
전주 여행,26,일전,NNG
전주 여행,26,크리스마스,NNG
전주 여행,26,오늘,NNG
전주 여행,26,안녕,NNG
전주 여행,26,2014,SN
전주 여행,26,이번,NNG
전주 여행,26,럭셔리,XR
전주 여행,26,컨셉,NNG
전주 여행,26,으로,JKB
전주 여행,26,호텔,NNG
전주 여행,26,에서,JKB
전주 여행,27,알라딘,NNP
전주 여행,27,서재,NNP
전주 여행,27,이야기,NNG
전주 여행,27,일상,NNG
전주 여행,27,고고학,NNG
전주 여행,27,혼자,MAG
전주 여행,27,무대,NNG
전주 여행,27,에세이,NNG
전주 여행,27,만날,VV+ETM
전주 여행,27,으로,JKB
전주 여행,27,에서,JKB
전주 여행,27,유명,XR
전주 여행,27,문화재,NNG
전주 여행,27,대한,VV+ETM
전주 여행,27,사전,NNG
전주 여행,27,지식,NNG
전주 여행,27,줄줄,MAG
전주 여행,27,얼마,NNG
전주 여행,27,든지,VCP+EC
전주 여행,27,재미있,VA
전주 여행,27,의미,NNG
전주 여행,28,알라딘,NNP
전주 여행,28,100,SN
전주 여행,28,자평,NNG
전주 여행,28,일상,NNG
전주 여행,28,고고학,NNG
전주 여행,28,혼자,MAG
전주 여행,28,일상,NNG
전주 여행,28,고고학,NNG
전주 여행,28,혼자,MAG
전주 여행,28,개정,NNG
전주 여행,28,증보판,NNG
전주 여행,28,일상,NNG
전주 여행,28,고고학,NNG
전주 여행,28,시리즈,NNG
전주 여행,28,황윤,NNG
전주 여행,28,지음,NNG
전주 여행,28,고양이,NNG
전주 여행,28,대한,VV+ETM
전주 여행,28,깊이,MAG
전주 여행,28,이야기,NNG
전주 여행,28,호기심,NNG
전주 여행,28,해줍니다,XSV+EC+VX+EF
전주 여행,28,100,SN
전주 여행,28,다니,EC
전주 여행,28,정말,MAG
전주 여행,28,대단,XR
전주 여행,28,습니다,EF
전주 여행,29,알라딘,NNP
전주 여행,29,100,SN
전주 여행,29,자평,NNG
전주 여행,29,일상,NNG
전주 여행,29,고고학,NNG
전주 여행,29,혼자,MAG
전주 여행,29,일상,NNG
전주 여행,29,고고학,NNG
전주 여행,29,혼자,MAG
전주 여행,29,개정,NNG
전주 여행,29,증보판,NNG
전주 여행,29,일상,NNG
전주 여행,29,고고학,NNG
전주 여행,29,시리즈,NNG
전주 여행,29,황윤,NNG
전주 여행,29,지음,NNG
전주 여행,29,고양이,NNG
전주 여행,29,2020,SN
전주 여행,29,10,SN
전주 여행,29,평점,NNG
전주 여행,29,신라,NNP
전주 여행,29,마니아,NNG
전주 여행,29,로부터,JKB
전주 여행,29,기라,NNG
전주 여행,29,관심,NNG
전주 여행,29,가요,NNG
전주 여행,29,고고학,NNG
전주 여행,29,관점,NNG
전주 여행,29,으로,JKB
전주 여행,30,석빙고,NNG
전주 여행,30,색다른,VA+ETM
전주 여행,30,볼거리,NNG
전주 여행,30,근처,NNG
전주 여행,30,안압,NNG
전주 여행,30,색다른,VA+ETM
전주 여행,30,볼거리,NNG
전주 여행,30,석빙고,NNG
전주 여행,30,이번,NNG
전주 여행,30,에서,JKB
전주 여행,30,다녀온,VV+ETM
전주 여행,30,석빙고,NNG
전주 여행,30,입니다,VCP+EF
전주 여행,30,석빙고,NNG
전주 여행,30,영조,NNG
전주 여행,30,만들,VV
전주 여행,30,일종,NNG
전주 여행,30,얼음,NNG
전주 여행,30,창고,NNG
전주 여행,30,근처,NNG
전주 여행,30,첨성대,NNG
전주 여행,30,비롯,XR
전주 여행,30,몰려,VV+EC
전주 여행,30,어서,EC
전주 여행,30,함께,MAG
전주 여행,31,가본,NNG
전주 여행,31,동궁,NNG
전주 여행,31,예쁜,VA+ETM
전주 여행,31,만나,VV
전주 여행,31,커피,NNG
전주 여행,31,열매,NNG
전주 여행,31,으면서,EC
전주 여행,31,노천온천,NNP
전주 여행,31,행복,NNG
전주 여행,32,황리,NNG
전주 여행,32,보문,NNG
전주 여행,32,단지,MAG
전주 여행,32,왕릉,NNG
전주 여행,32,탐방,NNG
전주 여행,32,데이트,NNG
전주 여행,32,코스,NNG
전주 여행,32,https,SL
전주 여행,32,youtu,SL
전주 여행,32,be,SL
전주 여행,32,nZzijKooIk,SL
전주 여행,32,황리,NNG
전주 여행,32,예쁘,VA
전주 여행,32,마음,NNG
전주 여행,32,낭만,NNG
전주 여행,32,으로,JKB
전주 여행,32,차오르,VV
전주 여행,32,경상도,NNP
전주 여행,32,에서,JKB
전주 여행,32,흔치,VA+EC
전주 여행,32,거리,NNG
전주 여행,32,바로,MAG
전주 여행,32,유적지,NNG
전주 여행,32,오래,MAG
전주 여행,32,한옥,NNG
전주 여행,32,고도,NNG
전주 여행,32,사뭇,MAG
전주 여행,32,어울리,VV
전주 여행,32,면서도,EC
전주 여행,33,밀면,NNP
전주 여행,33,에서,JKB
전주 여행,33,맛보,VV
전주 여행,33,가격,NNG
전주 여행,33,착해,VA+EC
전주 여행,33,5000,SN
전주 여행,33,비빔,NNG
전주 여행,33,물밀,VV
전주 여행,33,5000,SN
전주 여행,33,떡갈비,NNG
전주 여행,33,2000,SN
전주 여행,33,12,SN
전주 여행,33,000,SN
전주 여행,33,밥상,NNG
전주 여행,33,그리고,MAJ
전주 여행,33,뜨거운,VA+ETM
전주 여행,33,육수,NNG
전주 여행,33,까지,JX
전주 여행,33,평가,NNG
전주 여행,33,입맛,NNG
전주 여행,33,따라,VV+EC
전주 여행,33,취향,NNG
전주 여행,33,따루,MAG
전주 여행,33,따루,MAG
전주 여행,34,엑스,NNG
전주 여행,34,포대,NNG
전주 여행,34,공원,NNG
전주 여행,34,2025,SN
전주 여행,34,08,SN
전주 여행,34,16,SN
전주 여행,34,푸른,VA+ETM
전주 여행,34,애벌레,NNG
전주 여행,34,둘째,NR
전주 여행,34,보문호,NNP
전주 여행,34,주변,NNG
전주 여행,34,10,SN
전주 여행,34,엑스,NNG
전주 여행,34,포대,NNG
전주 여행,34,공원,NNG
전주 여행,34,입장,NNG
전주 여행,34,엑스포,NNG
전주 여행,34,기념관,NNG
전주 여행,34,천마,NNG
전주 여행,34,궁전,NNG
전주 여행,34,타워,NNG
전주 여행,34,솔거,NNG
전주 여행,34,미술관,NNG
전주 여행,34,자연사,NNG
전주 여행,34,박물관,NNG
전주 여행,35,2020,SN
전주 여행,35,동방역,NNP
전주 여행,35,능소화,NNG
전주 여행,35,서출지,NNG
전주 여행,35,경북,NNP
전주 여행,35,산림,NNG
전주 여행,35,연구원,NNG
전주 여행,35,2020,SN
전주 여행,35,25,SN
전주 여행,35,동방역,NNP
전주 여행,35,능소화,NNG
전주 여행,35,서출지,NNG
전주 여행,35,경북,NNP
전주 여행,35,산림,NNG
전주 여행,35,연구원,NNG
전주 여행,36,모녀,NNG
전주 여행,36,함께,MAG
전주 여행,36,바보,NNG
전주 여행,36,블로그,NNG
전주 여행,36,모녀,NNG
전주 여행,36,함께,MAG
전주 여행,36,2019,SN
전주 여행,36,10,SN
전주 여행,36,15,SN
전주 여행,36,첨성대,NNG
전주 여행,36,야생,NNG
전주 여행,36,단지,MAG
전주 여행,36,계림,NNG
전주 여행,36,월지,NNG
전주 여행,36,안압지,NNP
전주 여행,36,계림,NNP
전주 여행,36,월지,NNP
전주 여행,36,안압지,NNP
전주 여행,36,야경,NNG
전주 여행,36,박물관,NNG
전주 여행,36,10,SN
전주 여행,36,16,SN
전주 여행,36,김유신,NNP
전주 여행,36,장군,NNG
전주 여행,37,석굴암,NNG
전주 여행,37,2018,SN
전주 여행,37,10,SN
전주 여행,38,알라딘,NNP
전주 여행,38,100,SN
전주 여행,38,자평,NNG
전주 여행,38,일상,NNG
전주 여행,38,고고학,NNG
전주 여행,38,혼자,MAG
전주 여행,38,일상,NNG
전주 여행,38,고고학,NNG
전주 여행,38,혼자,MAG
전주 여행,38,개정,NNG
전주 여행,38,증보판,NNG
전주 여행,38,일상,NNG
전주 여행,38,고고학,NNG
전주 여행,38,시리즈,NNG
전주 여행,38,황윤,NNG
전주 여행,38,지음,NNG
전주 여행,38,고양이,NNG
전주 여행,38,2020,SN
전주 여행,38,10,SN
전주 여행,38,평점,NNG
전주 여행,38,삼국,NNG
전주 여행,38,시대,NNG
전주 여행,38,관한,VV+ETM
전주 여행,38,거의,MAG
전주 여행,38,모든,MM
전주 여행,38,자료,NNG
전주 여행,38,섭렵,NNG
전주 여행,38,소장,NNG
전주 여행,38,역사,NNG
전주 여행,38,학자,NNG
전주 여행,38,순수,NNG
전주 여행,38,시각,NNG
전주 여행,38,생생,XR
전주 여행,39,알라딘,NNP
전주 여행,39,일상,NNG
전주 여행,39,고고학,NNG
전주 여행,39,혼자,MAG
전주 여행,39,일상,NNG
전주 여행,39,고고학,NNG
전주 여행,39,혼자,MAG
전주 여행,39,개정,NNG
전주 여행,39,증보판,NNG
전주 여행,39,일상,NNG
전주 여행,39,고고학,NNG
전주 여행,39,시리즈,NNG
전주 여행,39,황윤,NNG
전주 여행,39,지음,NNG
전주 여행,39,고양이,NNG
전주 여행,39,2020,SN
전주 여행,39,10,SN
전주 여행,39,평점,NNG
전주 여행,39,수학,NNG
전주 여행,39,으로,JKB
전주 여행,39,추억,NNG
전주 여행,39,다시,MAG
전주 여행,39,한번,MAG
전주 여행,39,역사,NNG
전주 여행,39,그렇,VA
전주 여행,39,수록,EC
전주 여행,40,경비,NNG
전주 여행,40,혼자,NNG
전주 여행,40,떠난,VV+ETM
전주 여행,40,이동,NNG
전주 여행,40,수단,NNG
전주 여행,40,시외버스,NNG
전주 여행,40,버스,NNG
전주 여행,40,택시,NNG
전주 여행,40,시티투어,NNP
전주 여행,40,버스,NNG
전주 여행,40,Total,SL
전주 여행,40,13,SN
전주 여행,40,140,SN
전주 여행,40,기타,NNG
전주 여행,40,생필품,NNG
전주 여행,40,샴푸,NNG
전주 여행,40,린스,NNG
전주 여행,40,바디,NNG
전주 여행,40,워시,NNP
전주 여행,40,버블,NNG
전주 여행,40,490,SN
전주 여행,40,Total,SL
전주 여행,40,경비,NNG
전주 여행,40,148,SN
전주 여행,40,080,SN
전주 여행,41,경북,NNP
전주 여행,41,현대,NNG
전주 여행,41,호텔,NNG
전주 여행,41,현대,NNP
전주 여행,41,호텔,NNG
전주 여행,41,현대,NNG
전주 여행,41,호텔,NNG
전주 여행,41,보문,NNP
전주 여행,41,수상,NNG
전주 여행,41,공연장,NNG
전주 여행,41,보문관광단지,NNP
전주 여행,41,보문호,NNP
전주 여행,41,반길,VV+ETM
전주 여행,41,신라,NNP
전주 여행,41,컨트리클럽,NNG
전주 여행,41,숙박,NNG
전주 여행,41,현대,NNG
전주 여행,41,호텔,NNG
전주 여행,41,방문,NNG
전주 여행,41,일자,NNG
전주 여행,41,2016,SN
전주 여행,41,현대,NNG
전주 여행,41,호텔,NNG
전주 여행,41,경북,NNP
전주 여행,41,신평동,NNP
전주 여행,42,석굴암,NNG
전주 여행,42,불국사,NNG
전주 여행,42,09,SN
전주 여행,42,43,SN
전주 여행,42,석굴암,NNG
전주 여행,42,불국사,NNG
전주 여행,42,일시,NNG
전주 여행,42,2011,SN
전주 여행,42,22,SN
전주 여행,42,24,SN
전주 여행,42,장소,NNG
전주 여행,42,세째,NR
전주 여행,42,24,SN
전주 여행,42,석굴암,NNG
전주 여행,42,불국사,NNG
전주 여행,42,참여,NNG
전주 여행,42,우리,NP
전주 여행,42,가족,NNG
전주 여행,42,송국영,NNP
전주 여행,42,안종,NNP
전주 여행,42,송진주,NNP
전주 여행,42,김홍식,NNP
전주 여행,42,김연우,NNP
전주 여행,42,연주,NNP
전주 여행,42,조광민,NNP
전주 여행,43,대릉원,NNG
전주 여행,43,스탬프,NNG
전주 여행,43,투어,NNG
전주 여행,43,다섯,NR
전주 여행,43,이야기,NNG
전주 여행,43,대릉원,NNG
전주 여행,43,천마,NNG
전주 여행,43,경북,NNP
전주 여행,43,스탬프,NNG
전주 여행,43,투어,NNG
전주 여행,43,오릉,NNG
전주 여행,43,대릉원,NNG
전주 여행,43,천마총,NNG
전주 여행,43,오릉,NNG
전주 여행,43,교촌,NNG
전주 여행,43,마을,NNG
전주 여행,43,투어,NNG
전주 여행,43,마치,VV
전주 여행,43,다음,NNG
전주 여행,43,으로,JKB
전주 여행,43,찾아간,VV+ETM
전주 여행,43,바로,MAG
전주 여행,43,오릉,NNG
전주 여행,43,교촌,NNG
전주 여행,43,마을,NNG
전주 여행,43,면서,EC
전주 여행,43,조금,MAG
전주 여행,43,지치,VV
전주 여행,43,느낌,NNG
전주 여행,43,는데,EC
전주 여행,44,유적지,NNG
전주 여행,44,트레,NNP
전주 여행,44,대상지,NNG
전주 여행,44,유적지,NNG
전주 여행,44,트레,NNP
전주 여행,44,소재지,NNG
전주 여행,44,경북,NNP
전주 여행,44,2023,SN
전주 여행,44,10,SN
전주 여행,44,동궁,NNG
전주 여행,44,월지,NNG
전주 여행,44,반월,NNG
전주 여행,44,교촌,NNG
전주 여행,44,대릉원,NNG
전주 여행,44,44,SN
전주 여행,44,고분,NNG
전주 여행,44,분황사,NNG
전주 여행,44,황룡사,NNG
전주 여행,44,역사,NNG
전주 여행,44,문화원,NNG
전주 여행,44,동궁,NNG
전주 여행,44,월지,NNG
전주 여행,44,주차장,NNG
전주 여행,44,Km,SL
전주 여행,44,반월,NNG
전주 여행,44,에서,JKB
전주 여행,45,동궁,NNG
전주 여행,45,월지,NNG
전주 여행,45,안압지,NNP
전주 여행,45,야경,NNG
전주 여행,45,해외,NNG
전주 여행,45,이야기,NNG
전주 여행,45,후기,NNG
전주 여행,45,동궁,NNG
전주 여행,45,월지,NNG
전주 여행,45,안압지,NNP
전주 여행,45,야경,NNG
전주 여행,45,훌리아,NNP
전주 여행,45,2020,SN
전주 여행,45,25,SN
전주 여행,45,15,SN
전주 여행,45,17,SN
전주 여행,45,2019,SN
전주 여행,45,여름,NNG
전주 여행,45,사진,NNG
전주 여행,45,보관,NNG
전주 여행,45,구독,NNG
전주 여행,45,해외,NNG
전주 여행,45,이야기,NNG
전주 여행,45,후기,NNG
전주 여행,45,Related,SL
전주 여행,45,Articles,SL
전주 여행,46,2020,SN
전주 여행,46,06,SN
전주 여행,46,13,SN
전주 여행,46,14,SN
전주 여행,46,일요일,NNG
전주 여행,46,오전,NNG
전주 여행,46,오후,NNG
전주 여행,46,에서,JKB
전주 여행,46,고향,NNG
전주 여행,46,친구,NNG
전주 여행,46,함께,MAG
전주 여행,46,신라,NNP
전주 여행,46,대종,NNG
전주 여행,46,장맛비,NNG
전주 여행,46,시작,NNG
전주 여행,46,육월,NNP
전주 여행,46,중순,NNG
전주 여행,46,고향,NNG
전주 여행,46,친구,NNG
전주 여행,46,함께,MAG
전주 여행,46,에서,JKB
전주 여행,46,즐거운,VA+ETM
전주 여행,46,대릉원,NNG
전주 여행,46,돌담길,NNP
전주 여행,46,황리,NNG
전주 여행,47,이야기,NNG
전주 여행,47,계명,NNG
전주 여행,47,대학교,NNG
전주 여행,47,동산,NNG
전주 여행,47,병원,NNG
전주 여행,47,라고,EC
전주 여행,47,일자,NNG
전주 여행,47,2016,SN
전주 여행,47,인원,NNG
전주 여행,47,친구,NNG
전주 여행,47,함께,MAG
전주 여행,47,시외버스,NNG
전주 여행,47,터미널,NNG
전주 여행,47,경북,NNP
전주 여행,47,노서동,NNP
전주 여행,47,160,SN
전주 여행,47,전화,NNG
전주 여행,47,1666,SN
전주 여행,47,5599,SN
전주 여행,47,시외버스,NNG
전주 여행,47,터미널,NNG
전주 여행,48,알라딘,NNP
전주 여행,48,100,SN
전주 여행,48,자평,NNG
전주 여행,48,일상,NNG
전주 여행,48,고고학,NNG
전주 여행,48,혼자,MAG
전주 여행,48,일상,NNG
전주 여행,48,고고학,NNG
전주 여행,48,혼자,MAG
전주 여행,48,개정,NNG
전주 여행,48,증보판,NNG
전주 여행,48,일상,NNG
전주 여행,48,고고학,NNG
전주 여행,48,시리즈,NNG
전주 여행,48,황윤,NNG
전주 여행,48,지음,NNG
전주 여행,48,고양이,NNG
전주 여행,48,재미있,VA
전주 여행,48,길잡이,NNG
전주 여행,48,입니다,VCP+EF
전주 여행,48,풍부,XR
전주 여행,48,이해,NNG
전주 여행,49,코스,NNG
전주 여행,49,베스트,NNG
전주 여행,49,추천,NNG
전주 여행,49,top,SL
전주 여행,49,10,SN
전주 여행,49,코스,NNG
전주 여행,49,베스트,NNG
전주 여행,49,추천,NNG
전주 여행,49,top,SL
전주 여행,49,10,SN
전주 여행,49,코스,NNG
전주 여행,49,베스트,NNG
전주 여행,49,추천,NNG
전주 여행,49,top,SL
전주 여행,49,10,SN
전주 여행,49,소개,NNG
전주 여행,49,합니다,XSV+EC
전주 여행,49,황리,NNG
전주 여행,49,상호,NNG
전주 여행,49,황리,NNG
전주 여행,49,주소,NNG
전주 여행,49,경상북도,NNP
전주 여행,49,황남동,NNP
전주 여행,49,280,SN
전주 여행,49,전화,NNG
전주 여행,49,번호,NNG
전주 여행,49,입력,NNG
전주 여행,49,관련,NNG
전주 여행,49,키워드,NNP
전주 여행,49,키워드,NNP
전주 여행,50,코스,NNG
전주 여행,50,뚜벅,MAG
전주 여행,50,불국사,NNP
전주 여행,50,석굴암,NNG
전주 여행,50,중교,NNG
전주 여행,50,naver,SL
전주 여행,50,com,SL
전주 여행,50,loveartlove,SL
전주 여행,50,223054447834,SN
전주 여행,50,다시,MAG
전주 여행,50,서울,NNP
전주 여행,50,올라갈,VV+ETM
전주 여행,50,불국사,NNP
전주 여행,50,불국사,NNP
전주 여행,50,국보,NNG
전주 여행,50,다보탑,NNG
전주 여행,50,석가탑,NNG
전주 여행,50,석굴암,NNG
전주 여행,50,입장료,NNG
전주 여행,51,불국사,NNG
전주 여행,51,스탬프,NNG
전주 여행,51,투어,NNG
전주 여행,51,이야기,NNG
전주 여행,51,불국사,NNP
전주 여행,51,석굴암,NNG
전주 여행,51,경북,NNP
전주 여행,51,스탬프,NNG
전주 여행,51,투어,NNG
전주 여행,51,가을,NNG
전주 여행,51,불국사,NNG
전주 여행,51,석굴암,NNG
전주 여행,51,동리,NNG
전주 여행,51,문학관,NNG
전주 여행,51,구경,NNG
전주 여행,51,마치,VV
전주 여행,51,다음,NNG
전주 여행,51,으로,JKB
전주 여행,51,장소,NNG
전주 여행,51,핵심,NNG
전주 여행,51,메카,NNP
전주 여행,51,바로,MAG
전주 여행,51,불국사,NNP
전주 여행,51,석굴암,NNG
전주 여행,52,황리,NNG
전주 여행,52,한옥,NNG
전주 여행,52,카페,NNG
전주 여행,52,추천,NNG
전주 여행,52,카페,NNP
전주 여행,52,아덴,NNP
전주 여행,52,카페,NNP
전주 여행,52,아덴,NNP
전주 여행,52,위치,NNG
전주 여행,52,경북,NNP
전주 여행,52,사정,NNG
전주 여행,52,57,SN
전주 여행,52,운영,NNG
전주 여행,52,시간,NNG
전주 여행,52,매일,MAG
전주 여행,52,10,SN
전주 여행,52,와서,VV+EC
전주 여행,52,으로,JKB
전주 여행,52,채울,VV+ETM
전주 여행,52,어서,EC
전주 여행,52,어요,EF
전주 여행,52,실시간,NNG
전주 여행,52,예보,NNG
전주 여행,52,너무,MAG
전주 여행,52,커피,NNG
전주 여행,52,아덴,NNP
전주 여행,52,시그,NNP
전주 여행,53,알라딘,NNP
전주 여행,53,100,SN
전주 여행,53,자평,NNG
전주 여행,53,일상,NNG
전주 여행,53,고고학,NNG
전주 여행,53,혼자,MAG
전주 여행,53,일상,NNG
전주 여행,53,고고학,NNG
전주 여행,53,혼자,MAG
전주 여행,53,개정,NNG
전주 여행,53,증보판,NNG
전주 여행,53,일상,NNG
전주 여행,53,고고학,NNG
전주 여행,53,시리즈,NNG
전주 여행,53,황윤,NNG
전주 여행,53,지음,NNG
전주 여행,53,고양이,NNG
전주 여행,53,2020,SN
전주 여행,53,10,SN
전주 여행,53,평점,NNG
전주 여행,53,대한,VV+ETM
전주 여행,53,아름다움,VA+ETN
전주 여행,53,느낄,VV+ETM
전주 여행,53,기대,NNG
전주 여행,53,됩니다,XSV+EC
전주 여행,54,알라딘,NNP
전주 여행,54,서재,NNP
전주 여행,54,필수,NNG
전주 여행,54,필요,NNG
전주 여행,54,지식,NNG
전주 여행,54,설명,NNG
전주 여행,54,이해,NNG
전주 여행,54,사진,NNG
전주 여행,54,정보,NNG
전주 여행,54,가득,MAG
전주 여행,54,서울,NNP
전주 여행,54,이어,MAG
전주 여행,54,역사,NNG
전주 여행,54,꿈꾸,VV
전주 여행,54,한옥,NNG
전주 여행,54,에서,JKB
전주 여행,54,독서,NNG
전주 여행,54,모임,NNG
전주 여행,54,다가,EC
전주 여행,54,바로,MAG
전주 여행,54,주문,NNG
전주 여행,54,역사,NNG
전주 여행,54,예정,NNG
전주 여행,55,에서,JKB
전주 여행,55,걸어서,VV+EC
전주 여행,55,대릉원,NNG
전주 여행,55,까지,JX
전주 여행,55,대릉원,NNG
전주 여행,55,담장,NNG
전주 여행,55,2018,SN
전주 여행,55,11,SN
전주 여행,55,이번,NNG
전주 여행,55,천천히,MAG
전주 여행,55,걸으며,VV+EC
전주 여행,55,가을,NNG
전주 여행,55,만끽,NNG
전주 여행,55,컨셉,NNG
전주 여행,55,마침,MAG
전주 여행,55,가을,NNG
전주 여행,55,분위기,NNG
전주 여행,55,한껏,MAG
전주 여행,55,고조,NNG
전주 여행,55,시켜,XSV+EC
전주 여행,55,벚나무,NNG
전주 여행,55,좌우,NNG
전주 여행,55,어서,EC
전주 여행,55,마다,JX
전주 여행,55,가지,VV
전주 여행,55,와서,VV+EC
전주 여행,56,Knowledge,SL
전주 여행,56,Box,SL
전주 여행,56,슈만,NNP
전주 여행,56,클라라,NNP
전주 여행,56,도착,NNG
전주 여행,56,제일,MAG
전주 여행,56,먼저,MAG
전주 여행,56,슈만,NNP
전주 여행,56,클라라,NNP
전주 여행,56,라는,VCP+ETM
전주 여행,56,cafe,SL
전주 여행,56,위치,NNG
전주 여행,56,요기,NP
전주 여행,56,여기,NP
전주 여행,56,버스,NNG
전주 여행,56,려고,EC
전주 여행,56,는데,EC
전주 여행,56,버스,NNG
전주 여행,56,너무,MAG
전주 여행,56,와서,VV+EC
전주 여행,56,택시,NNG
전주 여행,56,그러나,MAJ
전주 여행,56,다음,NNG
전주 여행,56,문제,NNG
전주 여행,56,계속,MAG
전주 여행,57,2303,SN
전주 여행,57,봄꽃,NNG
전주 여행,57,습니다,EF
전주 여행,57,벌써,MAG
전주 여행,57,마지막,NNG
전주 여행,57,월요일,NNG
전주 여행,57,찾아간,VV+ETM
전주 여행,57,벚꽃,NNG
전주 여행,57,상춘객,NNG
전주 여행,57,으로,JKB
전주 여행,57,많이,MAG
전주 여행,57,붐볐,VV+EP
전주 여행,57,습니다,EF
전주 여행,57,에서,JKB
전주 여행,57,점심,NNG
전주 여행,57,집사람,NNG
전주 여행,57,국도,NNG
전주 여행,57,천천히,MAG
전주 여행,57,올라가,VV
전주 여행,57,곳곳,NNG
전주 여행,57,벚꽃,NNG
전주 여행,57,자랑,NNG
전주 여행,57,열중,NNG
전주 여행,58,황리,NNG
전주 여행,58,맛집,NNG
전주 여행,58,여도,NNG
전주 여행,58,영업,NNG
전주 여행,58,종료,NNG
전주 여행,58,오늘,NNG
전주 여행,58,맛집,NNG
전주 여행,58,황리,NNG
전주 여행,58,맛집,NNG
전주 여행,58,여주,NNG
전주 여행,58,이야기,NNG
전주 여행,58,함께,MAG
전주 여행,58,해요,VV+EF
전주 여행,58,다만,MAJ
전주 여행,58,현재,MAG
전주 여행,58,여도,NNG
전주 여행,58,다는,ETM
전주 여행,58,저희,NP
전주 여행,58,기록,NNG
전주 여행,58,해서,VV+EC
전주 여행,58,그냥,MAG
전주 여행,58,포스팅,NNP
전주 여행,58,진행,NNG
전주 여행,58,참고,NNG
전주 여행,58,세요,EP+EF
전주 여행,58,한옥,NNP
전주 여행,58,외관,NNG
전주 여행,58,눈길,NNG
전주 여행,59,황리,NNG
전주 여행,59,주전부리,NNG
전주 여행,59,황금,NNG
전주 여행,59,황남,NNG
전주 여행,59,옥수수,NNG
전주 여행,59,청년,NNG
전주 여행,59,분식,NNG
전주 여행,59,황리,NNG
전주 여행,59,주전부리,NNG
전주 여행,59,저녁,NNG
전주 여행,59,출출,XR
전주 여행,59,해서,XSA+EC
전주 여행,59,황리,NNG
전주 여행,59,주전부리,NNG
전주 여행,59,우선,MAG
전주 여행,59,급한,VA+ETM
전주 여행,59,결론,NNG
전주 여행,59,부터,JX
전주 여행,59,자면,EC
전주 여행,59,청년,NNG
전주 여행,59,분식,NNG
전주 여행,59,황남,NNG
전주 여행,59,옥수수,NNG
전주 여행,59,모두,MAG
전주 여행,59,아쉽,VA
전주 여행,59,청년,NNG
전주 여행,59,분식,NNG
전주 여행,59,쥬얼,NNP
전주 여행,59,우릴,VV+ETM
전주 여행,59,유혹,NNG
전주 여행,59,뭔가,NP+VCP+EC
전주 여행,60,13,SN
전주 여행,60,성동,NNG
전주 여행,60,시장,NNG
전주 여행,60,구경,NNG
전주 여행,60,가을,NNG
전주 여행,60,기차,NNG
전주 여행,60,피날레,NNG
전주 여행,60,2018,SN
전주 여행,60,11,SN
전주 여행,60,즐거웠,VA+EP
전주 여행,60,가을,NNG
전주 여행,60,기차,NNG
전주 여행,60,단풍,NNG
전주 여행,60,맘껏,MAG
전주 여행,60,누리,VV
전주 여행,60,돌아가,VV
전주 여행,60,노란,VA+ETM
전주 여행,60,은행,NNG
전주 여행,60,낙엽,NNG
전주 여행,60,올려,VV+EC
전주 여행,60,어야,EC
전주 여행,60,는데,EC
전주 여행,60,언니,NNG
전주 여행,60,수고,NNG
전주 여행,60,어염,EF
전주 여행,60,숙소,NNG
전주 여행,60,변경,NNG
전주 여행,60,지도자,NNG
전주 여행,60,언니,NNG
전주 여행,60,짝짝,MAG
전주 여행,61,첨성대,NNG
전주 여행,61,대릉원,NNG
전주 여행,61,주차,NNG
전주 여행,61,주차장,NNG
전주 여행,61,대릉원,NNG
전주 여행,61,주차장,NNG
전주 여행,61,여기,NP
전주 여행,61,매표,NNG
전주 여행,61,해야,VV+EC
전주 여행,61,들어갈,VV+ETM
전주 여행,61,어서,EC
전주 여행,61,그냥,MAG
전주 여행,61,혼자,NNG
전주 여행,61,굳이,MAG
전주 여행,61,들어갈,VV+ETM
전주 여행,61,필요,NNG
전주 여행,61,느꼈,VV+EP
전주 여행,61,네요,EF
전주 여행,61,편하,VA
전주 여행,61,드라이브,NNG
전주 여행,61,둘러본,VV+ETM
전주 여행,61,그리고,MAJ
전주 여행,61,그곳,NP
전주 여행,61,에서,JKB
전주 여행,61,만난,VV+ETM
전주 여행,61,첨성대,NNG
전주 여행,62,안녕,IC
전주 여행,62,2014,SN
전주 여행,62,2014,SN
전주 여행,62,마지막,NNG
전주 여행,62,에서,JKB
전주 여행,62,멋진,VA+ETM
전주 여행,62,선물,NNG
전주 여행,62,눈발,NNG
전주 여행,62,날리,VV
전주 여행,62,시작,NNG
전주 여행,62,한다,XSV+EF
전주 여행,62,그리고,MAJ
전주 여행,62,금방,MAG
전주 여행,62,하얀,VA+ETM
전주 여행,62,세상,NNG
전주 여행,62,으로,JKB
전주 여행,62,변한다,VV+EC
전주 여행,62,눈길,NNG
전주 여행,62,산책,NNG
전주 여행,62,불국사,NNP
전주 여행,62,에서,JKB
전주 여행,62,기차,NNG
전주 여행,62,마무리,NNG
전주 여행,62,한다,XSV+EF
전주 여행,62,다시,MAG
전주 여행,62,화창,XR
전주 여행,62,해진,XSA+EC+VX+ETM
전주 여행,62,하늘,NNG
전주 여행,63,야경,NNG
전주 여행,63,다른,MM
전주 여행,63,매력,NNG
전주 여행,63,정교,NNG
전주 여행,63,분위기,NNG
전주 여행,63,저녁,NNG
전주 여행,63,정교,NNG
전주 여행,63,방문,NNG
전주 여행,63,추천,NNG
전주 여행,63,드립니다,VV+EF
전주 여행,63,켜진,VV+ETM
전주 여행,63,정교,NNG
전주 여행,63,신나,VV
전주 여행,63,사진,NNG
전주 여행,63,정교,NNG
전주 여행,63,야경,NNG
전주 여행,63,마지막,NNG
전주 여행,63,으로,JKB
전주 여행,63,떠나갑니다,VV+EF
전주 여행,63,여기,NP
전주 여행,63,신라,NNP
전주 여행,63,니까,VCP+EC
전주 여행,63,신라,NNP
전주 여행,63,해장국,NNG
전주 여행,63,즐거웠,VA+EP
전주 여행,63,습니다,EF
전주 여행,64,황남,NNG
전주 여행,64,맷돌,NNG
전주 여행,64,순두부,NNG
전주 여행,64,두부,NNG
전주 여행,64,보쌈,NNG
전주 여행,64,제육,NNG
전주 여행,64,순두부찌개,NNG
전주 여행,64,그리고,MAJ
전주 여행,64,황남,NNG
전주 여행,64,맷돌,NNG
전주 여행,64,순두부,NNG
전주 여행,64,영업시간,NNG
전주 여행,64,30,SN
전주 여행,64,까지,JX
전주 여행,64,황리,NNG
전주 여행,64,시작,NNG
전주 여행,64,으로,JKB
전주 여행,64,어지간,XR
전주 여행,64,밥집,NNG
전주 여행,64,영업,NNG
전주 여행,64,마감,NNG
전주 여행,64,진짜,MAG
전주 여행,64,고기,NNG
전주 여행,64,맛있,VA
전주 여행,64,두부,NNG
전주 여행,64,순두부찌개,NNG
전주 여행,64,맛나,VA
전주 여행,64,호랑이,NNG
전주 여행,64,막걸리,NNG
전주 여행,64,완전,MAG
전주 여행,64,맛있,VA
전주 여행,64,어서,EC
전주 여행,65,마치,VV
전주 여행,65,울주,NNP
전주 여행,65,새벽,NNG
전주 여행,65,다가,EC
전주 여행,65,그친다,VV+EC
전주 여행,65,하늘,NNG
전주 여행,65,예쁘다,NNP
전주 여행,65,월드,NNG
전주 여행,65,판다,NNG
전주 여행,65,에서,JKB
전주 여행,65,점심,NNG
전주 여행,65,맛있,VA
전주 여행,65,친절,NNG
전주 여행,65,떡갈비,NNG
전주 여행,65,맛나,VA
전주 여행,65,계란찜,NNG
전주 여행,65,풍경,NNG
전주 여행,65,예쁘,VA
전주 여행,65,행복,NNG
전주 여행,65,울주,NNP
전주 여행,66,서출지,NNG
전주 여행,66,23,SN
전주 여행,66,28,SN
전주 여행,66,더운,VA+ETM
전주 여행,66,날씨,NNG
전주 여행,66,촬영,NNG
전주 여행,66,임했,VV+EP
전주 여행,66,사진가,NNG
전주 여행,66,에게,JKB
전주 여행,66,미안,NNG
전주 여행,66,생각,NNG
전주 여행,66,더운,VA+ETM
전주 여행,66,날씨,NNG
전주 여행,66,여러,MM
전주 여행,66,촬영,NNG
전주 여행,66,대작,NNG
전주 여행,66,으시,EP
전주 여행,66,무사히,MAG
전주 여행,66,습니다,EF
전주 여행,67,알라딘,NNP
전주 여행,67,100,SN
전주 여행,67,자평,NNG
전주 여행,67,우리,NP
전주 여행,67,아이,IC
전주 여행,67,우리,NP
전주 여행,67,아이,IC
전주 여행,67,세계,NNG
전주 여행,67,문화유산,NNG
전주 여행,67,아서,EC
전주 여행,67,개정판,NNG
전주 여행,67,답사,NNG
전주 여행,67,바로,MAG
전주 여행,67,역사,NNG
전주 여행,67,바로,MAG
전주 여행,67,박광일,NNP
전주 여행,67,전향,NNG
전주 여행,67,이야기,NNG
전주 여행,67,기획,NNG
전주 여행,67,성당,NNG
전주 여행,67,2011,SN
전주 여행,67,평점,NNG
전주 여행,67,초등,NNG
전주 여행,67,학교,NNG
전주 여행,67,학생,NNG
전주 여행,67,수학,NNG
전주 여행,68,알라딘,NNP
전주 여행,68,100,SN
전주 여행,68,자평,NNG
전주 여행,68,일상,NNG
전주 여행,68,고고학,NNG
전주 여행,68,혼자,MAG
전주 여행,68,일상,NNG
전주 여행,68,고고학,NNG
전주 여행,68,혼자,MAG
전주 여행,68,개정,NNG
전주 여행,68,증보판,NNG
전주 여행,68,일상,NNG
전주 여행,68,고고학,NNG
전주 여행,68,시리즈,NNG
전주 여행,68,황윤,NNG
전주 여행,68,지음,NNG
전주 여행,68,고양이,NNG
전주 여행,68,묻힌,VV+ETM
전주 여행,68,타임캡슐,NNG
전주 여행,68,신라,NNG
전주 여행,68,특별,NNG
전주 여행,68,시간,NNG
전주 여행,68,네요,EC
전주 여행,69,오늘,NNG
전주 여행,69,날씨,NNG
전주 여행,69,더우니,VA+EC
전주 여행,69,마을,NNG
전주 여행,69,식당,NNG
전주 여행,69,에서,JKB
전주 여행,69,맛난,VA+ETM
전주 여행,69,양념,NNG
전주 여행,69,게장,NNG
전주 여행,69,점심,NNG
전주 여행,69,힐튼,NNP
전주 여행,69,호텔,NNG
전주 여행,69,에서,JKB
전주 여행,69,커피,NNG
전주 여행,69,한잔,NNG
전주 여행,69,보문,NNG
전주 여행,69,단지,MAG
전주 여행,69,푸른,VA+ETM
전주 여행,69,나무,NNG
전주 여행,69,감상,NNG
전주 여행,69,커피,NNG
전주 여행,69,한잔,NNG
전주 여행,69,스콘,NNP
전주 여행,69,행복,NNG
전주 여행,69,월드,NNG
전주 여행,69,관람,NNG
전주 여행,69,보인다,VV+EF
전주 여행,69,한번,MAG
전주 여행,69,볼까,EC+VX+EC
전주 여행,70,압지,NNG
전주 여행,70,야경,NNG
전주 여행,70,투어,NNG
전주 여행,70,방문,NNG
전주 여행,70,아마도,MAG
전주 여행,70,보름달,NNG
전주 여행,70,보다,JKB
전주 여행,70,하늘,NNG
전주 여행,70,황청,NNG
전주 여행,70,연못,NNG
전주 여행,70,빠져,VV+EC
전주 여행,70,야경,NNG
전주 여행,70,함께,MAG
전주 여행,70,정말,MAG
전주 여행,70,멋진,VA+ETM
전주 여행,70,야경,NNG
전주 여행,70,보여,VV+EC
전주 여행,70,이래서,VV+EC
전주 여행,70,마다,JX
전주 여행,70,이곳,NP
전주 여행,70,압지,NNG
전주 여행,70,하나,NR
전주 여행,70,보다,JKB
전주 여행,71,알라딘,NNP
전주 여행,71,100,SN
전주 여행,71,자평,NNG
전주 여행,71,우리,NP
전주 여행,71,아이,IC
전주 여행,71,우리,NP
전주 여행,71,아이,IC
전주 여행,71,에서,JKB
전주 여행,71,신라,NNG
전주 여행,71,답사,NNG
전주 여행,71,바로,MAG
전주 여행,71,역사,NNG
전주 여행,71,바로,MAG
전주 여행,71,13,SN
전주 여행,71,박광일,NNP
전주 여행,71,2004,SN
전주 여행,71,평점,NNG
전주 여행,71,구판,NNG
전주 여행,71,절판,NNG
전주 여행,71,아이,NNG
전주 여행,71,눈높이,NNG
전주 여행,71,맞춰진,VV+EC+VX+ETM
전주 여행,72,알라딘,NNP
전주 여행,72,100,SN
전주 여행,72,자평,NNG
전주 여행,72,일상,NNG
전주 여행,72,고고학,NNG
전주 여행,72,혼자,MAG
전주 여행,72,일상,NNG
전주 여행,72,고고학,NNG
전주 여행,72,혼자,MAG
전주 여행,72,개정,NNG
전주 여행,72,증보판,NNG
전주 여행,72,일상,NNG
전주 여행,72,고고학,NNG
전주 여행,72,시리즈,NNG
전주 여행,72,황윤,NNG
전주 여행,72,지음,NNG
전주 여행,72,고양이,NNG
전주 여행,72,2020,SN
전주 여행,72,10,SN
전주 여행,72,평점,NNG
전주 여행,72,유익,NNG
전주 여행,72,아요,EC
전주 여행,73,알라딘,NNP
전주 여행,73,역사,NNG
전주 여행,73,관심,NNG
전주 여행,73,시작,NNG
전주 여행,73,해서,XSV+EC
전주 여행,73,함께,MAG
전주 여행,73,어요,EF
전주 여행,73,길래,EC
전주 여행,73,생각,NNG
전주 여행,73,는데,EC
전주 여행,73,그리,VV
전주 여행,73,마음,NNG
전주 여행,73,접하,VV
전주 여행,73,어요,EF
전주 여행,73,기억,NNG
전주 여행,73,가지,VV
전주 여행,73,는데,EC
전주 여행,73,아이,NNG
전주 여행,73,신라,NNG
전주 여행,73,배운,VV+ETM
전주 여행,73,그런지,VA+EC
전주 여행,73,동안,NNG
전주 여행,73,배운,VV+ETM
전주 여행,73,내용,NNG
전주 여행,73,생각,NNG
전주 여행,73,유적지,NNG
전주 여행,74,매화,NNG
전주 여행,74,산수유,NNG
전주 여행,74,만발,NNG
전주 여행,74,보문,NNG
전주 여행,74,단지,MAG
전주 여행,74,호수,NNG
전주 여행,74,산책,NNG
전주 여행,74,행복,NNG
전주 여행,74,마무리,NNG
전주 여행,75,알라딘,NNP
전주 여행,75,100,SN
전주 여행,75,자평,NNG
전주 여행,75,일상,NNG
전주 여행,75,고고학,NNG
전주 여행,75,혼자,MAG
전주 여행,75,일상,NNG
전주 여행,75,고고학,NNG
전주 여행,75,혼자,MAG
전주 여행,75,일상,NNG
전주 여행,75,시리즈,NNG
전주 여행,75,황윤,NNG
전주 여행,75,지음,NNG
전주 여행,75,고양이,NNG
전주 여행,75,2020,SN
전주 여행,75,10,SN
전주 여행,75,평점,NNG
전주 여행,75,마니아,NNG
전주 여행,75,알려,VV+EC
전주 여행,75,탐방기,NNG
전주 여행,75,그런지,VA+EC
전주 여행,75,대한,VV+ETM
전주 여행,75,알찬,VA+ETM
전주 여행,75,설명,NNG
전주 여행,75,습니다,EF
전주 여행,76,알라딘,NNP
전주 여행,76,100,SN
전주 여행,76,자평,NNG
전주 여행,76,일상,NNG
전주 여행,76,고고학,NNG
전주 여행,76,혼자,MAG
전주 여행,76,일상,NNG
전주 여행,76,고고학,NNG
전주 여행,76,혼자,MAG
전주 여행,76,개정,NNG
전주 여행,76,증보판,NNG
전주 여행,76,일상,NNG
전주 여행,76,고고학,NNG
전주 여행,76,시리즈,NNG
전주 여행,76,황윤,NNG
전주 여행,76,지음,NNG
전주 여행,76,고양이,NNG
전주 여행,76,2020,SN
전주 여행,76,10,SN
전주 여행,76,평점,NNG
전주 여행,76,아름다운,VA+ETM
전주 여행,76,풍경,NNG
전주 여행,76,고고학,NNG
전주 여행,76,우리,NP
전주 여행,76,지적,NNG
전주 여행,76,힐링,NNG
전주 여행,76,안겨,VV+EC
전주 여행,76,줘서,VX+EC
전주 여행,77,주상,NNG
전주 여행,77,절리,NNG
전주 여행,77,스탬프,NNG
전주 여행,77,투어,NNG
전주 여행,77,목적지,NNG
전주 여행,77,주상,NNG
전주 여행,77,스탬프,NNG
전주 여행,77,투어,NNG
전주 여행,77,주상,NNG
전주 여행,77,절리,NNG
전주 여행,77,해변,NNG
전주 여행,77,둘레길,NNP
전주 여행,77,주상,NNG
전주 여행,77,절리,NNG
전주 여행,77,파도,NNG
전주 여행,77,소리,NNG
전주 여행,77,드디어,MAG
전주 여행,77,시작,NNG
전주 여행,77,대한,VV+ETM
전주 여행,77,때문,NNB
전주 여행,77,을까,EC
전주 여행,77,오랫만,NNG
전주 여행,77,밤잠,NNG
전주 여행,77,설치,VV
전주 여행,77,다가,EC
전주 여행,77,시계,NNG
전주 여행,77,조금,MAG
전주 여행,77,시간,NNG
전주 여행,78,FeRed,SL
전주 여행,78,Conundrum,SL
전주 여행,78,of,SL
전주 여행,78,Life,SL
전주 여행,78,불국사,NNP
전주 여행,78,황남빵,NNP
전주 여행,78,교리,NNG
전주 여행,78,김밥,NNG
전주 여행,78,내소,NNG
전주 여행,78,Theme,SL
전주 여행,78,불국사,NNP
전주 여행,78,황남빵,NNP
전주 여행,78,교리,NNG
전주 여행,78,김밥,NNG
전주 여행,78,산내,NNG
전주 여행,78,소고기,NNG
전주 여행,78,울산,NNP
전주 여행,78,Comments,SL
전주 여행,78,후배,NNG
전주 여행,78,녀석,NNB
전주 여행,78,같이,MAG
전주 여행,78,울산,NNP
전주 여행,78,불국사,NNG
전주 여행,78,에서,JKB
전주 여행,78,천마총,NNG
전주 여행,78,에서,JKB
전주 여행,78,첨성대,NNG
전주 여행,78,으로,JKB
전주 여행,78,내려오,VV
전주 여행,78,다가,EC
전주 여행,78,나무,NNG
전주 여행,78,그늘,NNG
전주 여행,78,내부,NNG
전주 여행,78,전경,NNG
전주 여행,79,알라딘,NNP
전주 여행,79,100,SN
전주 여행,79,자평,NNG
전주 여행,79,일상,NNG
전주 여행,79,고고학,NNG
전주 여행,79,혼자,MAG
전주 여행,79,개정,NNG
전주 여행,79,증보판,NNG
전주 여행,79,일상,NNG
전주 여행,79,고고학,NNG
전주 여행,79,시리즈,NNG
전주 여행,79,황윤,NNG
전주 여행,79,지음,NNG
전주 여행,79,고양이,NNG
전주 여행,79,2020,SN
전주 여행,79,10,SN
전주 여행,79,평점,NNG
전주 여행,79,어려서,VA+EC
전주 여행,79,그냥,MAG
전주 여행,79,학교,NNG
전주 여행,79,에서,JKB
전주 여행,79,지금,MAG
전주 여행,79,커서,VV+EC
전주 여행,79,공부,NNG
전주 여행,79,다른,MM
전주 여행,79,느낌,NNG
전주 여행,79,습니다,EF
전주 여행,79,가보세요,NNG
전주 여행,80,알라딘,NNP
전주 여행,80,100,SN
전주 여행,80,자평,NNG
전주 여행,80,일상,NNG
전주 여행,80,고고학,NNG
전주 여행,80,혼자,MAG
전주 여행,80,혼자,NNG
전주 여행,80,개정,NNG
전주 여행,80,증보판,NNG
전주 여행,80,일상,NNG
전주 여행,80,고고학,NNG
전주 여행,80,시리즈,NNG
전주 여행,80,황윤,NNG
전주 여행,80,지음,NNG
전주 여행,80,고양이,NNG
전주 여행,80,2020,SN
전주 여행,80,10,SN
전주 여행,80,평점,NNG
전주 여행,80,이야기,NNG
전주 여행,80,봐도,VV+EC
전주 여행,80,봐도,VX+EC
전주 여행,80,들어도,VV+EC
전주 여행,80,들어도,VV+EC
전주 여행,80,재미있,VA
전주 여행,80,습니다,EF
전주 여행,80,작가,NNG
전주 여행,80,혼자,NNG
전주 여행,80,기대,NNG
전주 여행,80,봅니다,VX+EC
전주 여행,81,매화꽃,NNG
전주 여행,81,산수유,NNG
전주 여행,81,예쁜,VA+ETM
전주 여행,81,간다,VV+EC
전주 여행,81,날씨,NNG
전주 여행,81,따뜻,XR
전주 여행,81,바람,NNG
전주 여행,81,많이,MAG
전주 여행,81,햇살,NNG
전주 여행,81,따뜻,XR
전주 여행,81,점심,NNG
전주 여행,81,궁금,XR
전주 여행,81,했었,VX+EP
전주 여행,81,황룡,NNG
전주 여행,81,돌아봤,VV+EP
전주 여행,81,동국,NNG
전주 여행,81,재단,NNG
전주 여행,81,에서,JKB
전주 여행,81,운영,NNG
전주 여행,81,연수원,NNG
전주 여행,81,인데,VCP+EC
전주 여행,81,웅장,XR
전주 여행,81,꾸며져,VV+EC+VX+EC
전주 여행,82,맷돌,NNG
전주 여행,82,순부,NNG
전주 여행,82,옆집,NNG
전주 여행,82,정화,NNG
전주 여행,82,송이,NNG
전주 여행,82,순두부,NNG
전주 여행,82,맛집,NNG
전주 여행,82,옆집,NNG
전주 여행,82,아니,VCN
전주 여행,82,라도,EC
전주 여행,82,가격,NNG
전주 여행,82,비싸,VA
전주 여행,82,니까,EC
전주 여행,82,기본,NNG
전주 여행,82,반찬,NNG
전주 여행,82,생선,NNG
전주 여행,82,구이,NNG
전주 여행,82,나와서,VV+EC
전주 여행,82,후배,NNG
전주 여행,82,맛있,VA
전주 여행,82,섬세,XR
전주 여행,82,발라,VV+EC
전주 여행,82,하얀,VA+ETM
전주 여행,82,순두부,NNG
전주 여행,82,다니,EC
전주 여행,82,순두부,NNG
전주 여행,82,처음,MAG
전주 여행,82,본다,VV+EC
전주 여행,82,파전,NNG
전주 여행,82,하나,NR
전주 여행,82,주문,NNG
전주 여행,82,새송이,NNP
전주 여행,82,탁주,NNG
전주 여행,82,주문,NNG
전주 여행,82,낮술,NNG
전주 여행,83,남산,NNP
전주 여행,83,칠불암,NNG
전주 여행,83,케이트,NNP
전주 여행,83,입니다,VCP+EF
전주 여행,83,진입,NNG
전주 여행,83,읍니다,EC
전주 여행,83,서라벌,NNP
전주 여행,83,휴게소,NNG
전주 여행,83,입니다,VCP+EF
전주 여행,83,통일전,NNP
전주 여행,83,주차장,NNG
전주 여행,83,주차,NNG
전주 여행,83,아니하,VX
전주 여행,83,염불,NNG
전주 여행,83,사지,NNG
전주 여행,83,삼층석탑,NNP
전주 여행,83,주차,NNG
전주 여행,83,여기,NP
전주 여행,83,일찍,MAG
전주 여행,83,도착,NNG
전주 여행,83,여야,EC
전주 여행,83,주차,NNG
전주 여행,83,아침,NNG
전주 여행,84,알라딘,NNP
전주 여행,84,100,SN
전주 여행,84,자평,NNG
전주 여행,84,일상,NNG
전주 여행,84,고고학,NNG
전주 여행,84,혼자,MAG
전주 여행,84,일상,NNG
전주 여행,84,고고학,NNG
전주 여행,84,혼자,MAG
전주 여행,84,개정,NNG
전주 여행,84,증보판,NNG
전주 여행,84,일상,NNG
전주 여행,84,고고학,NNG
전주 여행,84,시리즈,NNG
전주 여행,84,황윤,NNG
전주 여행,84,지음,NNG
전주 여행,84,고양이,NNG
전주 여행,84,2020,SN
전주 여행,84,10,SN
전주 여행,84,평점,NNG
전주 여행,84,이런,MM
전주 여행,84,너무,MAG
전주 여행,84,아함,IC+ETN
전주 여행,84,더구나,MAJ
전주 여행,84,라서,VCP+EC
전주 여행,84,너무,MAG
전주 여행,84,마음,NNG
전주 여행,84,중학교,NNG
전주 여행,84,수학,NNG
전주 여행,84,으로,JKB
전주 여행,85,국내,NNG
전주 여행,85,사진,NNG
전주 여행,85,국내,NNG
전주 여행,85,테마,NNG
전주 여행,85,Theodor,SL
전주 여행,85,2017,SN
전주 여행,85,18,SN
전주 여행,85,08,SN
전주 여행,85,11,SN
전주 여행,85,벚꽃,NNG
전주 여행,85,거의,MAG
전주 여행,85,떨어지,VV
전주 여행,85,시기,NNG
전주 여행,85,아쉬움,NNG
전주 여행,85,대능원,NNP
전주 여행,85,출입문,NNG
전주 여행,85,능원,NNG
전주 여행,85,소나무,NNG
전주 여행,85,천마총,NNG
전주 여행,85,안압지,NNP
전주 여행,85,분황사,NNG
전주 여행,85,모전,NNG
전주 여행,85,석탑,NNG
전주 여행,85,원래,NNG
전주 여행,86,힐튼,NNP
전주 여행,86,호텔,NNG
전주 여행,86,한국,NNP
전주 여행,86,서울,NNP
전주 여행,86,호텔,NNG
전주 여행,86,체인,NNG
전주 여행,86,이상,NNG
전주 여행,86,두산,NNP
전주 여행,86,참고,NNG
전주 여행,86,미국,NNP
전주 여행,86,저명,XR
전주 여행,86,모델,NNG
전주 여행,86,철저히,MAG
전주 여행,86,손님,NNG
전주 여행,86,배려,NNG
전주 여행,86,호텔,NNG
전주 여행,86,그래서,MAJ
전주 여행,86,즐거울,VA+ETM
전주 여행,86,밖에,JX
전주 여행,87,토함산,NNP
전주 여행,87,단풍,NNG
전주 여행,87,터널,NNG
전주 여행,87,자연,NNG
전주 여행,87,그려,VV+EC
전주 여행,87,수채화,NNG
전주 여행,87,17,SN
전주 여행,87,11,SN
전주 여행,87,17,SN
전주 여행,87,떠나,VV
전주 여행,87,단풍,NNG
전주 여행,87,그윽,XR
전주 여행,87,숲길,NNG
전주 여행,87,느긋이,MAG
전주 여행,87,불국사,NNP
전주 여행,87,석굴암,NNG
전주 여행,87,토함산,NNP
전주 여행,87,숲길,NNG
전주 여행,87,월산,NNG
전주 여행,87,고갯길,NNG
전주 여행,87,굳이,MAG
전주 여행,87,신라,NNP
전주 여행,87,역사,NNG
전주 여행,87,몰라도,VV+EC
전주 여행,87,시내,NNG
전주 여행,88,배롱나무,NNG
전주 여행,88,첨성대,NNG
전주 여행,88,야경,NNG
전주 여행,88,16,SN
전주 여행,88,18,SN
전주 여행,88,수학,NNG
전주 여행,88,다녀오,VV
전주 여행,88,사람,NNG
전주 여행,88,심지어,MAG
전주 여행,88,자녀,NNG
전주 여행,88,역사,NNG
전주 여행,88,유적,NNG
전주 여행,88,답사,NNG
전주 여행,88,동행,NNG
전주 여행,88,해서,XSV+EC
전주 여행,88,이런,MM
전주 여행,88,아무리,MAG
전주 여행,88,생각,NNG
전주 여행,88,해봐도,XSV+EC+VX+EC
전주 여행,88,국내,NNG
전주 여행,88,에선,JKB+JX
전주 여행,88,특징,NNG
전주 여행,88,하나,NR
전주 여행,88,평온,NNG
전주 여행,88,자연,NNG
전주 여행,89,황리,NNG
전주 여행,89,카페,NNG
전주 여행,89,카페,NNG
전주 여행,89,카페,NNG
전주 여행,89,황리,NNG
전주 여행,89,메인,VV+ETM
전주 여행,89,거리,NNG
전주 여행,89,위치,NNG
전주 여행,89,어서,EC
전주 여행,89,거리,NNG
전주 여행,89,둘러보,VV
전주 여행,89,뚜벅,MAG
전주 여행,89,입니다,VCP+EF
전주 여행,89,인테리어,NNG
전주 여행,89,예쁘,VA
전주 여행,89,어서,EC
전주 여행,89,더욱,MAG
전주 여행,89,눈길,NNG
전주 여행,89,카페,NNG
전주 여행,89,입니다,VCP+EF
전주 여행,89,황리,NNG
전주 여행,89,카페,NNG
전주 여행,89,카페,NNG
전주 여행,89,날씨,NNG
전주 여행,90,경북,NNP
전주 여행,90,국밥,NNG
전주 여행,90,맛집,NNG
전주 여행,90,수백,NR
전주 여행,90,보문,NNG
전주 여행,90,com,SL
전주 여행,90,633,SN
전주 여행,90,경북,NNP
전주 여행,90,교촌,NNP
전주 여행,90,마을,NNG
전주 여행,90,교촌,NNG
전주 여행,90,보관,NNG
전주 여행,90,아이,NNG
전주 여행,90,가족,NNG
전주 여행,90,2024,SN
전주 여행,90,31,SN
전주 여행,90,가족,NNG
전주 여행,90,함께,MAG
전주 여행,90,기록,NNG
전주 여행,90,오늘,NNG
전주 여행,90,가족,NNG
전주 여행,90,모임,NNG
전주 여행,90,어서,EC
전주 여행,90,경북,NNP
전주 여행,90,어요,EF
전주 여행,91,불국사역,NNP
전주 여행,91,에서,JKB
전주 여행,91,동대구,NNG
전주 여행,91,까지,JX
전주 여행,91,기차,NNG
전주 여행,91,무궁화호,NNP
전주 여행,91,시간,NNG
전주 여행,91,시외,NNG
전주 여행,91,고속,NNG
전주 여행,91,버스,NNG
전주 여행,91,터미널,NNG
전주 여행,91,모두,MAG
전주 여행,91,거리,NNG
전주 여행,91,어서,EC
전주 여행,91,어디,NP
전주 여행,91,따라,VV+EC
전주 여행,91,대중,NNG
전주 여행,91,교통,NNG
전주 여행,91,종류,NNG
전주 여행,91,달라지,VV
전주 여행,91,는데,EC
전주 여행,91,서울,NNP
전주 여행,91,이나,JC
전주 여행,91,대전,NNP
전주 여행,91,까지,JX
전주 여행,91,시간,NNBC
전주 여행,91,이상,NNG
전주 여행,91,걸리,VV
전주 여행,91,코스,NNG
전주 여행,91,라고,VCP+EC
전주 여행,92,알라딘,NNP
전주 여행,92,100,SN
전주 여행,92,자평,NNG
전주 여행,92,일상,NNG
전주 여행,92,고고학,NNG
전주 여행,92,혼자,MAG
전주 여행,92,지음,NNG
전주 여행,92,고양이,NNG
전주 여행,92,2020,SN
전주 여행,92,10,SN
전주 여행,92,평점,NNG
전주 여행,92,정말,MAG
전주 여행,92,도시,NNG
전주 여행,92,입니다,VCP+EF
전주 여행,92,시간,NNG
전주 여행,92,기분,NNG
전주 여행,92,어서,EC
전주 여행,92,행복,NNG
전주 여행,92,거든요,EF
전주 여행,92,코로나,NNP
전주 여행,92,때문,NNB
전주 여행,92,버렸,VX+EP
전주 여행,92,네요,EF
전주 여행,92,으로,JKB
전주 여행,92,혼자,MAG
전주 여행,92,네요,EC
전주 여행,93,파란,VA+ETM
전주 여행,93,하늘,NNG
전주 여행,93,구름,NNG
전주 여행,93,동동,MAG
전주 여행,93,아름다운,VA+ETM
전주 여행,93,신나,VV
전주 여행,93,고속도로,NNP
전주 여행,93,달려,VV+EC
전주 여행,93,간다,VV+EC
전주 여행,93,오늘,NNG
전주 여행,93,힐링,NNG
전주 여행,93,산송,NNG
전주 여행,93,한우구,NNP
전주 여행,93,언양,NNP
전주 여행,93,불고기,NNG
전주 여행,93,더덕구이,NNG
전주 여행,93,자알,MAG
전주 여행,93,이랑,JC
전주 여행,93,라떼,NNG
전주 여행,93,한잔,NNG
전주 여행,93,노천온천,NNP
전주 여행,93,으로,JKB
전주 여행,93,간다,VV+EC
전주 여행,93,파란,VA+ETM
전주 여행,93,하늘,NNG
전주 여행,94,알라딘,NNP
전주 여행,94,100,SN
전주 여행,94,자평,NNG
전주 여행,94,일상,NNG
전주 여행,94,고고학,NNG
전주 여행,94,혼자,MAG
전주 여행,94,2020,SN
전주 여행,94,10,SN
전주 여행,94,평점,NNG
전주 여행,94,매년,MAG
전주 여행,94,가을,NNG
전주 여행,94,꿈꾸,VV
전주 여행,94,지만,EC
전주 여행,94,아직,MAG
전주 여행,94,실천,NNG
전주 여행,94,사람,NNG
전주 여행,94,입니다,VCP+EF
전주 여행,94,알차,VA
전주 여행,94,느낄,VV+ETM
전주 여행,94,기대,NNG
전주 여행,94,열심히,MAG
전주 여행,94,습니다,EF
전주 여행,95,알라딘,NNP
전주 여행,95,100,SN
전주 여행,95,자평,NNG
전주 여행,95,일상,NNG
전주 여행,95,고고학,NNG
전주 여행,95,혼자,MAG
전주 여행,95,일상,NNG
전주 여행,95,고고학,NNG
전주 여행,95,혼자,MAG
전주 여행,95,개정,NNG
전주 여행,95,증보판,NNG
전주 여행,95,일상,NNG
전주 여행,95,고고학,NNG
전주 여행,95,시리즈,NNG
전주 여행,95,황윤,NNG
전주 여행,95,지음,NNG
전주 여행,95,고양이,NNG
전주 여행,95,2020,SN
전주 여행,95,10,SN
전주 여행,95,평점,NNG
전주 여행,95,지만,EC
전주 여행,95,제대로,MAG
전주 여행,95,구경,NNG
전주 여행,95,네요,EF
전주 여행,95,코로나,NNP
전주 여행,96,알라딘,NNP
전주 여행,96,100,SN
전주 여행,96,자평,NNG
전주 여행,96,일상,NNG
전주 여행,96,고고학,NNG
전주 여행,96,혼자,MAG
전주 여행,96,일상,NNG
전주 여행,96,고고학,NNG
전주 여행,96,혼자,MAG
전주 여행,96,개정,NNG
전주 여행,96,증보판,NNG
전주 여행,96,일상,NNG
전주 여행,96,고고학,NNG
전주 여행,96,시리즈,NNG
전주 여행,96,황윤,NNG
전주 여행,96,지음,NNG
전주 여행,96,고양이,NNG
전주 여행,96,2020,SN
전주 여행,96,10,SN
전주 여행,96,평점,NNG
전주 여행,96,수학,NNG
전주 여행,96,이후,NNG
전주 여행,96,못했,VX+EP
전주 여행,96,대해,VV+EC
전주 여행,96,다시,MAG
전주 여행,96,생각,NNG
전주 여행,96,네요,EC
전주 여행,97,나정,NNG
전주 여행,97,맛집,NNG
전주 여행,97,나정,NNG
전주 여행,97,라면,NNG
전주 여행,97,맛집,NNG
전주 여행,97,에도,NNP
전주 여행,97,바다,NNG
전주 여행,97,나정,NNG
전주 여행,97,스토리,NNG
전주 여행,97,올려,VV+EC
전주 여행,97,드릴께요,VX+EF
전주 여행,97,에도,NNP
전주 여행,97,바다,NNG
전주 여행,97,다는,ETM
전주 여행,97,사실,NNG
전주 여행,97,아시나,NNP
전주 여행,97,정하,VV
전주 여행,97,면서,EC
전주 여행,97,바다,NNG
전주 여행,97,남편,NNG
전주 여행,97,역사,NNG
전주 여행,97,좋아해서,VV+EC
전주 여행,97,유적지,NNG
전주 여행,97,어요,EF
전주 여행,97,그러,VV
전주 여행,98,가을,NNG
전주 여행,98,도착,NNG
전주 여행,98,오늘,NNG
전주 여행,98,작년,NNG
전주 여행,98,여름,NNG
전주 여행,98,코스,NNG
전주 여행,98,서출지,NNG
전주 여행,98,통일전,NNP
전주 여행,98,그리고,MAJ
전주 여행,98,산림,NNG
전주 여행,98,연구원,NNG
전주 여행,98,둘러보,VV
전주 여행,98,핑크,NNG
전주 여행,98,예쁜,VA+ETM
전주 여행,98,첨성대,NNG
전주 여행,98,주변,NNG
전주 여행,98,황리,NNG
전주 여행,98,구경,NNG
전주 여행,98,헉헉,MAG
전주 여행,98,점심,NNG
전주 여행,98,커피,NNG
전주 여행,98,면서,EC
전주 여행,98,돌린다,VV+EC
전주 여행,98,조금,NNG
전주 여행,98,가을,NNG
전주 여행,98,찾아오,VV
전주 여행,99,알라딘,NNP
전주 여행,99,100,SN
전주 여행,99,자평,NNG
전주 여행,99,일상,NNG
전주 여행,99,고고학,NNG
전주 여행,99,혼자,MAG
전주 여행,99,일상,NNG
전주 여행,99,고고학,NNG
전주 여행,99,혼자,MAG
전주 여행,99,개정,NNG
전주 여행,99,증보판,NNG
전주 여행,99,일상,NNG
전주 여행,99,고고학,NNG
전주 여행,99,시리즈,NNG
전주 여행,99,황윤,NNG
전주 여행,99,지음,NNG
전주 여행,99,고양이,NNG
전주 여행,99,2020,SN
전주 여행,99,10,SN
전주 여행,99,평점,NNG
전주 여행,99,수학,NNG
전주 여행,99,역사,NNG
전주 여행,99,의미,NNG
전주 여행,99,모르,VV
전주 여행,99,지나쳤,VV+EP
전주 여행,99,지만,EC
전주 여행,99,이제,NNG
전주 여행,99,풍경,NNG
전주 여행,99,하나,NR
전주 여행,99,하나,NR
전주 여행,99,에서,JKB
전주 여행,100,알라딘,NNP
전주 여행,100,100,SN
전주 여행,100,자평,NNG
전주 여행,100,일상,NNG
전주 여행,100,고고학,NNG
전주 여행,100,혼자,MAG
전주 여행,100,앞서,MAG
전주 여행,100,출간,NNG
전주 여행,100,일상,NNG
전주 여행,100,고고학,NNG
전주 여행,100,혼자,NNG
전주 여행,100,백제,NNG
전주 여행,100,이어,MAG
전주 여행,100,이번,NNG
전주 여행,100,입니다,VCP+EF
전주 여행,100,전작,NNG
전주 여행,100,백제,NNG
전주 여행,100,만족,NNG
전주 여행,100,스러웠,XSA+EP
전주 여행,100,라면,EC
전주 여행,100,이번,NNG
전주 여행,100,무조건,MAG
전주 여행,100,탑승,NNG
전주 여행,100,바랍니다,VV+EC
전주 여행,101,동궁,NNG
전주 여행,101,월지,NNG
전주 여행,101,첨성대,NNG
전주 여행,101,야경,NNG
전주 여행,101,연꽃,NNG
전주 여행,101,단지,MAG
전주 여행,101,분황사,NNG
전주 여행,101,방문,NNG
전주 여행,101,다시,MAG
전주 여행,101,남겨,VV+EC
전주 여행,101,이웃,NNG
전주 여행,101,지내,VV
전주 여행,101,나요,EF
전주 여행,101,지난주,NNG
전주 여행,101,blog,SL
전주 여행,101,naver,SL
전주 여행,101,com,SL
전주 여행,101,예전,NNG
전주 여행,101,사진,NNG
전주 여행,101,떠나,VV
전주 여행,101,진다,VX+EC
전주 여행,102,경북,NNP
전주 여행,102,천문,NNG
전주 여행,102,기상,NNG
전주 여행,102,관측대,NNG
전주 여행,102,첨성대,NNG
전주 여행,102,일자,NNG
전주 여행,102,2016,SN
전주 여행,102,인원,NNG
전주 여행,102,친구,NNG
전주 여행,102,함께,MAG
전주 여행,102,첨성대,NNG
전주 여행,102,경북,NNP
전주 여행,102,인왕동,NNP
전주 여행,102,839,SN
전주 여행,102,전화,NNG
전주 여행,102,054,SN
전주 여행,102,779,SN
전주 여행,102,8741,SN
전주 여행,102,첨성대,NNG
전주 여행,102,관람료,NNG
전주 여행,102,무료,NNG
전주 여행,102,경북,NNP
전주 여행,102,이야기,NNG
전주 여행,102,첨성대,NNG
전주 여행,102,에서,JKB
전주 여행,102,바라본,VV+ETM
전주 여행,102,대릉원,NNG
전주 여행,102,야경,NNG
전주 여행,103,데이,NNG
전주 여행,103,택시,NNG
전주 여행,103,투어,NNG
전주 여행,103,감사,NNG
전주 여행,103,합니다,XSV+EF
전주 여행,103,구매,NNG
전주 여행,103,https,SL
전주 여행,103,smartstore,SL
전주 여행,103,naver,SL
전주 여행,103,com,SL
전주 여행,103,dptour,SL
전주 여행,103,products,SL
전주 여행,103,5981873243,SN
전주 여행,103,플레이스,NNG
전주 여행,103,데이,NNG
전주 여행,103,택시,NNG
전주 여행,103,투어,NNG
전주 여행,103,돌고래,NNG
전주 여행,103,돌핀,NNG
전주 여행,103,스토어,NNG
전주 여행,103,플레이스,NNG
전주 여행,103,데이,NNG
전주 여행,103,택시,NNG
전주 여행,103,투어,NNG
전주 여행,103,smartstore,SL
전주 여행,103,naver,SL
전주 여행,103,com,SL
전주 여행,104,설레임,VV+ETN
전주 여행,104,패밀리,NNG
전주 여행,104,일상,NNG
전주 여행,104,오늘,NNG
전주 여행,104,목적지,NNG
전주 여행,104,회사,NNG
전주 여행,104,제휴,NNG
전주 여행,104,숙소,NNG
전주 여행,104,저렴,XR
전주 여행,104,예약,NNG
전주 여행,104,나선다,VV+EC
전주 여행,104,도착,NNG
전주 여행,104,자마자,EC
전주 여행,104,고파서,VA+EC
전주 여행,104,우리,NP
전주 여행,104,가족,NNG
전주 여행,104,국수집,NNG
전주 여행,104,본다,VV+EC
전주 여행,104,와이프,NNG
전주 여행,104,검색,NNG
전주 여행,104,해서,XSV+EC
전주 여행,104,찾아간,VV+ETM
전주 여행,104,갈비,NNG
전주 여행,104,국수,NNG
전주 여행,105,경북,NNP
전주 여행,105,불국사,NNG
전주 여행,105,단아,XR
전주 여행,105,정숙,XR
전주 여행,105,묻어나,VV
전주 여행,105,겹벚꽃,NNG
전주 여행,105,벚꽃,NNG
전주 여행,105,벚꽃,NNG
전주 여행,105,즐기,VV
전주 여행,105,고수,NNG
전주 여행,105,라면,VCP+EC
전주 여행,105,서둘러,VV+EC
전주 여행,105,티켓,NNG
전주 여행,105,예약,NNG
전주 여행,105,다시,MAG
전주 여행,105,들썩이,VV
전주 여행,105,지역,NNG
전주 여행,105,벚꽃,NNG
전주 여행,105,거의,MAG
전주 여행,105,떨어지,VV
전주 여행,105,불국사,NNG
전주 여행,105,겹벚꽃,NNG
전주 여행,105,으로,JKB
전주 여행,105,유명,XR
전주 여행,105,불국사,NNP
전주 여행,105,입구,NNG
전주 여행,106,보문,NNG
전주 여행,106,단지,MAG
전주 여행,106,벚꽃,NNG
전주 여행,106,보문호,NNP
전주 여행,106,반길,VV+ETM
전주 여행,106,화사,XR
전주 여행,106,선사,NNG
전주 여행,106,17,SN
전주 여행,106,최적,NNG
전주 여행,106,지이,NNG
전주 여행,106,도로,NNG
전주 여행,106,꽃길,NNG
전주 여행,106,이른,VA+ETM
전주 여행,106,시각,NNG
전주 여행,106,와야,VV+EC
전주 여행,106,제대로,MAG
전주 여행,106,힐링,NNG
전주 여행,106,만개,NNG
전주 여행,106,아름다운,VA+ETM
전주 여행,106,경관,NNG
전주 여행,106,이루,VV
전주 여행,106,보문,NNG
전주 여행,106,단지,NNG
전주 여행,106,시가지,NNG
전주 여행,106,에서,JKB
전주 여행,106,동쪽,NNG
전주 여행,106,으로,JKB
전주 여행,106,10,SN
전주 여행,106,정도,NNG
전주 여행,106,떨어진,VV+ETM
전주 여행,106,활산,NNP
전주 여행,106,성터,NNG
전주 여행,107,경북,NNP
전주 여행,107,하얀,VA+ETM
전주 여행,107,목련,NNG
전주 여행,107,대릉원,NNG
전주 여행,107,목련,NNG
전주 여행,107,풍경,NNG
전주 여행,107,최근,NNG
전주 여행,107,빼놓,VV
전주 여행,107,코스,NNG
전주 여행,107,다름,VA+ETN
전주 여행,107,아닌,VCN+ETM
전주 여행,107,야경,NNG
전주 여행,107,둘러보,VV
전주 여행,107,연인,NNG
전주 여행,107,함께,MAG
전주 여행,107,떠나,VV
전주 여행,107,당신,NP
전주 여행,107,위한,VV+ETM
전주 여행,107,야경,NNG
전주 여행,107,투어,NNG
전주 여행,107,코스,NNG
전주 여행,107,소개,NNG
전주 여행,107,한다,XSV+EC
전주 여행,107,준비,NNG
전주 여행,108,세계,NNG
전주 여행,108,문화유산,NNG
전주 여행,108,양동,NNP
전주 여행,108,마을,NNG
전주 여행,108,18,SN
전주 여행,108,29,SN
전주 여행,108,시간,NNG
전주 여행,108,떠나,VV
전주 여행,108,다면,EC
전주 여행,108,조상,NNG
전주 여행,108,모습,NNG
전주 여행,108,고스란히,MAG
전주 여행,108,간직,NNG
전주 여행,108,수백,NR
전주 여행,108,숨결,NNG
전주 여행,108,양동,NNP
전주 여행,108,마을,NNG
전주 여행,108,제격,NNG
전주 여행,108,아닐까,VCN+EC
전주 여행,108,경상북도,NNP
전주 여행,108,강동면,NNP
전주 여행,108,양동,NNP
전주 여행,108,마을,NNG
전주 여행,108,138,SN
전주 여행,108,18,SN
전주 여행,108,지번,NNG
전주 여행,108,경상북도,NNP
전주 여행,108,강동면,NNP
전주 여행,109,경북,NNP
전주 여행,109,다리,NNG
전주 여행,109,정교,NNG
전주 여행,109,18,SN
전주 여행,109,21,SN
전주 여행,109,잠시,MAG
전주 여행,109,교촌,NNG
전주 여행,109,마을,NNG
전주 여행,109,도착,NNG
전주 여행,109,행사,NNG
전주 여행,109,잠시,MAG
전주 여행,109,간다,VX+EC
전주 여행,109,최근,NNG
전주 여행,109,빼놓,VV
전주 여행,109,연인,NNG
전주 여행,109,함께,MAG
전주 여행,109,떠나,VV
전주 여행,109,당신,NP
전주 여행,109,위한,VV+ETM
전주 여행,109,야경,NNG
전주 여행,109,투어,NNG
전주 여행,109,코스,NNG
전주 여행,109,소개,NNG
전주 여행,109,한다,XSV+EC
전주 여행,109,준비,NNG
전주 여행,110,야경,NNG
전주 여행,110,이쁜,VA+ETM
전주 여행,110,안압지,NNP
전주 여행,110,첨성대,NNG
전주 여행,110,16,SN
전주 여행,110,31,SN
전주 여행,110,어울린다,VV+EC
전주 여행,110,에서,JKB
전주 여행,110,빠질,VV+ETM
전주 여행,110,관광지,NNG
전주 여행,110,하나,NR
전주 여행,110,첨성대,NNG
전주 여행,110,첨성대,NNG
전주 여행,110,신라,NNP
전주 여행,110,시대,NNG
전주 여행,110,관측,NNG
전주 여행,110,최근,NNG
전주 여행,110,빼놓,VV
전주 여행,110,코스,NNG
전주 여행,110,다름,VA+ETN
전주 여행,110,아닌,VCN+ETM
전주 여행,110,야경,NNG
전주 여행,110,둘러보,VV
전주 여행,111,에서,JKB
전주 여행,111,사람,NNG
전주 여행,111,지나치,VV
전주 여행,111,몇몇,MM
전주 여행,111,지인,NNG
전주 여행,111,경험,NNG
전주 여행,111,생각,NNG
전주 여행,111,에서,JKB
전주 여행,111,주목,NNG
전주 여행,111,장소,NNG
전주 여행,111,정리,NNG
전주 여행,111,고즈넉,XR
전주 여행,111,산사,NNG
전주 여행,111,옥천사,NNG
전주 여행,111,수학,NNG
전주 여행,111,성지,NNG
전주 여행,111,역사,NNG
전주 여행,111,탐방,NNG
전주 여행,111,중심지,NNG
전주 여행,111,알려져,VV+EC+VX+EC
전주 여행,111,지만,EC
전주 여행,111,주변,NNG
전주 여행,111,으로,JKB
전주 여행,112,14,SN
전주 여행,112,개월,NNBC
전주 여행,112,아기,NNG
전주 여행,112,후기,NNG
전주 여행,112,정글,NNG
전주 여행,112,법칙,NNG
전주 여행,112,미디어,NNG
전주 여행,112,파크,NNG
전주 여행,112,버드,NNP
전주 여행,112,파크,NNG
전주 여행,112,그래도,VV+EC
전주 여행,112,일정,NNG
전주 여행,112,온다면,VV+EC
전주 여행,112,다녀오,VV
전주 여행,112,버드,NNP
전주 여행,112,파크,NNG
전주 여행,112,위치,NNG
전주 여행,112,경북,NNP
전주 여행,112,보문,NNG
전주 여행,112,74,SN
전주 여행,112,14,SN
전주 여행,112,북군동,NNP
전주 여행,112,185,SN
전주 여행,112,전화,NNG
전주 여행,112,054,SN
전주 여행,112,777,SN
전주 여행,112,7200,SN
전주 여행,112,운영,NNG
전주 여행,112,시간,NNG
전주 여행,112,10,SN
전주 여행,112,00,SN
전주 여행,112,19,SN
전주 여행,112,00,SN
전주 여행,112,입장료,NNG
전주 여행,112,대인,NNG
전주 여행,112,20,SN
전주 여행,112,000,SN
전주 여행,112,소인,NNG
전주 여행,112,15,SN
전주 여행,112,000,SN
전주 여행,113,울산,NNP
전주 여행,113,Part,SL
전주 여행,113,동궁,NNG
전주 여행,113,월지,NNG
전주 여행,113,누리,NNG
전주 여행,113,정원,NNG
전주 여행,113,성호,NNG
전주 여행,113,리조트,NNG
전주 여행,113,장생포,NNG
전주 여행,113,고래,NNG
전주 여행,113,문화,NNG
전주 여행,113,특구,NNP
전주 여행,113,라는,VCP+ETM
전주 여행,113,이름,NNG
전주 여행,113,으로,JKB
전주 여행,113,고래,NNG
전주 여행,113,주제,NNG
전주 여행,113,다채,XR
전주 여행,113,로운,XSA+ETM
전주 여행,113,관광지,NNG
전주 여행,113,형성,NNG
전주 여행,113,는데,EC
전주 여행,113,사실,MAG
전주 여행,113,고래,MAG
전주 여행,113,박물관,NNG
전주 여행,113,이나,JC
전주 여행,113,생태,NNG
전주 여행,113,jinstistory,SL
전주 여행,113,tistory,SL
전주 여행,113,com,SL
전주 여행,113,2023,SN
전주 여행,113,08,SN
전주 여행,113,16,SN
전주 여행,113,국내,NNG
전주 여행,113,울산,NNP
전주 여행,113,Part,SL
전주 여행,114,루비,NNG
전주 여행,114,정원,NNG
전주 여행,114,연휴,NNG
전주 여행,114,에서,JKB
전주 여행,114,시작,NNG
전주 여행,114,세요,EP+EF
전주 여행,114,신청,NNG
전주 여행,114,센터,NNG
전주 여행,114,광활,XR
전주 여행,114,부지,NNG
전주 여행,114,자리,NNG
전주 여행,114,역사,NNG
전주 여행,114,마당,NNG
전주 여행,114,엄청나,VA
전주 여행,114,너른,VA+ETM
전주 여행,114,연휴,NNG
전주 여행,114,계획,NNG
전주 여행,114,계신,VX+ETM
전주 여행,114,KTX,SL
전주 여행,114,이용,NNG
전주 여행,114,어떠,XR
전주 여행,114,신지,JKS+EP+EC
전주 여행,114,Copyright,SL
전주 여행,114,2011,SN
전주 여행,114,루비,NNG
전주 여행,114,All,SL
전주 여행,114,pictures,SL
전주 여행,115,출장,NNG
전주 여행,115,깨끗,XR
전주 여행,115,조식,NNG
전주 여행,115,제공,NNG
전주 여행,115,에이치,NNG
전주 여행,115,비뉴,NNG
전주 여행,115,호텔,NNG
전주 여행,115,불국사,NNP
전주 여행,115,까지,JX
전주 여행,115,도보,NNG
전주 여행,115,15,SN
전주 여행,115,거리,NNG
전주 여행,115,어서,EC
전주 여행,115,피로,NNG
전주 여행,115,조금,NNG
전주 여행,115,이나마,JX
전주 여행,115,습니다,EF
전주 여행,115,아침,NNG
전주 여행,115,일찍,MAG
전주 여행,115,불국사,NNG
전주 여행,115,방문,NNG
전주 여행,115,한적,XR
전주 여행,115,고요,NNG
전주 여행,115,분위기,NNG
전주 여행,115,에서,JKB
전주 여행,115,산책,NNG
전주 여행,115,즐기,VV
전주 여행,115,최적,NNG
전주 여행,115,위치,NNG
전주 여행,115,습니다,EF
전주 여행,115,스테이,NNG
전주 여행,116,알라딘,NNP
전주 여행,116,100,SN
전주 여행,116,자평,NNG
전주 여행,116,일상,NNG
전주 여행,116,고고학,NNG
전주 여행,116,혼자,MAG
전주 여행,116,일상,NNG
전주 여행,116,고고학,NNG
전주 여행,116,혼자,MAG
전주 여행,116,개정,NNG
전주 여행,116,증보판,NNG
전주 여행,116,일상,NNG
전주 여행,116,고고학,NNG
전주 여행,116,시리즈,NNG
전주 여행,116,황윤,NNG
전주 여행,116,지음,NNG
전주 여행,116,고양이,NNG
전주 여행,116,2020,SN
전주 여행,116,10,SN
전주 여행,116,평점,NNG
전주 여행,116,역사,NNG
전주 여행,116,사랑,NNG
전주 여행,116,사람,NNG
전주 여행,116,으로,JKB
전주 여행,116,바라본,VV+ETM
전주 여행,116,만큼,NNB
전주 여행,116,보이,VV
전주 여행,116,사랑,NNG
전주 여행,117,20200727,SN
전주 여행,117,08,SN
전주 여행,117,02,SN
전주 여행,117,20200728,SN
전주 여행,117,2020,SN
전주 여행,117,08,SN
전주 여행,117,02,SN
전주 여행,117,20200727,SN
전주 여행,117,2020,SN
전주 여행,117,08,SN
전주 여행,117,02,SN
전주 여행,117,평화,NNG
전주 여행,117,2020,SN
전주 여행,117,07,SN
전주 여행,117,13,SN
전주 여행,117,강릉,NNP
전주 여행,117,서나,NNG
전주 여행,117,2020,SN
전주 여행,117,07,SN
전주 여행,117,08,SN
전주 여행,117,강릉,NNP
전주 여행,117,2020,SN
전주 여행,117,07,SN
전주 여행,117,08,SN
전주 여행,118,한옥,NNG
전주 여행,118,숙소,NNG
전주 여행,118,소설,NNG
전주 여행,118,첨성,NNG
전주 여행,118,대점,NNG
전주 여행,118,비향,NNP
전주 여행,118,15,SN
전주 여행,118,한옥,NNG
전주 여행,118,숙소,NNG
전주 여행,118,이름,NNG
전주 여행,118,특이,XR
전주 여행,118,소설,NNG
전주 여행,118,첨성,NNG
전주 여행,118,대점,NNG
전주 여행,118,첨성대,NNG
전주 여행,118,진짜,MAG
전주 여행,118,가까워서,VA+EC
전주 여행,118,첨성,NNG
전주 여행,118,대점,NNG
전주 여행,118,이쁘,VA
전주 여행,118,이쁜,VA+ETM
전주 여행,118,한옥,NNG
전주 여행,118,소설,NNG
전주 여행,118,너무너무,MAG
전주 여행,118,너무,MAG
전주 여행,118,인기,NNG
전주 여행,118,라서,EC
전주 여행,118,주말,NNG
전주 여행,118,으려면,EC
전주 여행,119,알라딘,NNP
전주 여행,119,황금,NNG
전주 여행,119,호두,NNG
전주 여행,119,열리,VV
전주 여행,119,무웅,NNP
전주 여행,119,함께,MAG
전주 여행,119,떠나,VV
전주 여행,119,코스,NNG
전주 여행,119,인데,VCP+EC
전주 여행,119,새로운,VA+ETM
전주 여행,119,느낌,NNG
전주 여행,119,자꾸,MAG
전주 여행,119,새로운,VA+ETM
전주 여행,119,느낌,NNG
전주 여행,119,빠져,VV+EC
전주 여행,119,는데,EC
전주 여행,119,신라,NNP
전주 여행,119,에서,JKB
전주 여행,119,아이,NNG
전주 여행,119,함께,MAG
전주 여행,119,새롭,VA
전주 여행,119,다가왔,VV+EP
전주 여행,119,한참,MAG
전주 여행,119,티비,NNG
전주 여행,119,에서,JKB
전주 여행,120,까지,JX
전주 여행,120,이동은,NNP
전주 여행,120,기차,NNG
전주 여행,120,에서,JKB
전주 여행,120,자전거,NNG
전주 여행,120,도보,NNG
전주 여행,120,버스,NNG
전주 여행,120,투어,NNG
전주 여행,120,모두,MAG
전주 여행,120,가능,NNG
전주 여행,120,코스,NNG
전주 여행,120,시내,NNG
전주 여행,120,천마총,NNG
전주 여행,120,왕릉,NNG
전주 여행,120,첨성대,NNG
전주 여행,120,계림,NNG
전주 여행,120,포석정,NNP
전주 여행,120,안압지,NNP
전주 여행,121,알라딘,NNP
전주 여행,121,100,SN
전주 여행,121,자평,NNG
전주 여행,121,일상,NNG
전주 여행,121,고고학,NNG
전주 여행,121,혼자,MAG
전주 여행,121,일상,NNG
전주 여행,121,고고학,NNG
전주 여행,121,혼자,MAG
전주 여행,121,개정,NNG
전주 여행,121,증보판,NNG
전주 여행,121,일상,NNG
전주 여행,121,고고학,NNG
전주 여행,121,시리즈,NNG
전주 여행,121,황윤,NNG
전주 여행,121,지음,NNG
전주 여행,121,고양이,NNG
전주 여행,121,한참,MAG
전주 여행,121,는데,EC
전주 여행,121,오랜만,NNG
전주 여행,121,저자,NNG
전주 여행,121,함께,MAG
전주 여행,121,걸으며,VV+EC
전주 여행,121,역사,NNG
전주 여행,121,느낌,NNG
전주 여행,121,네요,EC
전주 여행,122,감포,NNP
전주 여행,122,대말,NNG
전주 여행,122,체험,NNG
전주 여행,122,전시관,NNG
전주 여행,122,위치,NNG
전주 여행,122,경북,NNP
전주 여행,122,척사,NNG
전주 여행,122,18,SN
전주 여행,122,94,SN
전주 여행,122,운영,NNG
전주 여행,122,시간,NNG
전주 여행,122,09,SN
전주 여행,122,00,SN
전주 여행,122,18,SN
전주 여행,122,00,SN
전주 여행,122,연중무휴,NNG
전주 여행,122,대표,NNG
전주 여행,122,전화,NNG
전주 여행,122,054,SN
전주 여행,122,744,SN
전주 여행,122,3233,SN
전주 여행,122,입장료,NNG
전주 여행,122,무료,NNG
전주 여행,122,대말,NNG
전주 여행,122,체험,NNG
전주 여행,122,아이,NNG
전주 여행,122,함께,MAG
전주 여행,122,점심,NNG
전주 여행,122,시간,NNG
전주 여행,122,12,SN
전주 여행,122,00,SN
전주 여행,122,13,SN
전주 여행,122,00,SN
전주 여행,122,운영,NNG
전주 여행,123,코스,NNG
전주 여행,123,읍천항,NNP
전주 여행,123,주상,NNG
전주 여행,123,절리,NNG
전주 여행,123,파도,NNG
전주 여행,123,소리,NNG
전주 여행,123,주상,NNG
전주 여행,123,절리,NNG
전주 여행,123,제주도,NNP
전주 여행,123,만큼,JKB
전주 여행,123,이나,JX
전주 여행,123,이쁜,VA+ETM
전주 여행,123,게다가,MAG
전주 여행,123,조용,XR
전주 여행,123,읍천항,NNP
전주 여행,123,코스,NNG
전주 여행,123,읍천항,NNP
전주 여행,123,자리,NNG
전주 여행,123,주상,NNG
전주 여행,123,절리,NNG
전주 여행,123,파도,NNG
전주 여행,123,소리,NNG
전주 여행,123,주차장,NNG
전주 여행,123,갖추,VV
전주 여행,123,따라,VV+EC
전주 여행,123,등대,NNG
전주 여행,123,까지,JX
전주 여행,124,교리,NNG
전주 여행,124,김밥,NNG
전주 여행,124,맛집,NNG
전주 여행,124,면서,EC
전주 여행,124,들린,VV+ETM
전주 여행,124,김밥,NNG
전주 여행,124,남산,NNG
전주 여행,124,등산,NNG
전주 여행,124,포함,NNG
전주 여행,124,해서,XSV+EC
전주 여행,124,당일,NNG
전주 여행,124,계획,NNG
전주 여행,124,다녀왔,VV+EP
전주 여행,124,습니다,EF
전주 여행,124,코스,NNG
전주 여행,124,에선,JKB+JX
전주 여행,124,여하튼,MAJ
전주 여행,124,처럼,JKB
전주 여행,124,정도,NNG
전주 여행,124,라는,ETM
전주 여행,124,생각,NNG
전주 여행,124,네요,EF
전주 여행,124,특히나,MAG
전주 여행,124,남산,NNG
전주 여행,125,놀부,NNG
전주 여행,125,보쌈,NNG
전주 여행,125,황오,NNP
전주 여행,125,배달,NNG
전주 여행,125,후기,NNG
전주 여행,125,숙소,NNG
전주 여행,125,황남,NNG
전주 여행,125,머물,VV
전주 여행,125,어요,EF
전주 여행,125,저녁,NNG
전주 여행,125,아이,NNG
전주 여행,125,지치,VV
전주 여행,125,배민,NNG
전주 여행,125,놀부,NNG
전주 여행,125,보쌈,NNG
전주 여행,125,검색,NNG
전주 여행,125,황오,NNP
전주 여행,125,에서,JKB
전주 여행,125,배달,NNG
전주 여행,125,가능,NNG
전주 여행,125,다고,EC
전주 여행,125,나오,VV
전주 여행,125,네요,EF
전주 여행,125,저희,NP
전주 여행,125,황남,NNG
전주 여행,125,머물,VV
전주 여행,125,때문,NNB
전주 여행,126,안녕,IC
전주 여행,126,2014,SN
전주 여행,126,2014,SN
전주 여행,126,그냥,MAG
전주 여행,126,보내,VV
전주 여행,126,아쉬워서,VA+EC
전주 여행,126,기차,NNG
전주 여행,126,떠났,VV+EP
전주 여행,126,일전,NNG
전주 여행,126,크리스마스,NNG
전주 여행,126,오늘,NNG
전주 여행,126,안녕,NNG
전주 여행,126,2014,SN
전주 여행,126,이번,NNG
전주 여행,126,럭셔리,XR
전주 여행,126,컨셉,NNG
전주 여행,126,으로,JKB
전주 여행,126,호텔,NNG
전주 여행,126,에서,JKB
전주 여행,127,알라딘,NNP
전주 여행,127,서재,NNP
전주 여행,127,이야기,NNG
전주 여행,127,일상,NNG
전주 여행,127,고고학,NNG
전주 여행,127,혼자,MAG
전주 여행,127,무대,NNG
전주 여행,127,에세이,NNG
전주 여행,127,만날,VV+ETM
전주 여행,127,으로,JKB
전주 여행,127,에서,JKB
전주 여행,127,유명,XR
전주 여행,127,문화재,NNG
전주 여행,127,대한,VV+ETM
전주 여행,127,사전,NNG
전주 여행,127,지식,NNG
전주 여행,127,줄줄,MAG
전주 여행,127,얼마,NNG
전주 여행,127,든지,VCP+EC
전주 여행,127,재미있,VA
전주 여행,127,의미,NNG
전주 여행,128,알라딘,NNP
전주 여행,128,100,SN
전주 여행,128,자평,NNG
전주 여행,128,일상,NNG
전주 여행,128,고고학,NNG
전주 여행,128,혼자,MAG
전주 여행,128,일상,NNG
전주 여행,128,고고학,NNG
전주 여행,128,혼자,MAG
전주 여행,128,개정,NNG
전주 여행,128,증보판,NNG
전주 여행,128,일상,NNG
전주 여행,128,고고학,NNG
전주 여행,128,시리즈,NNG
전주 여행,128,황윤,NNG
전주 여행,128,지음,NNG
전주 여행,128,고양이,NNG
전주 여행,128,대한,VV+ETM
전주 여행,128,깊이,MAG
전주 여행,128,이야기,NNG
전주 여행,128,호기심,NNG
전주 여행,128,해줍니다,XSV+EC+VX+EF
전주 여행,128,100,SN
전주 여행,128,다니,EC
전주 여행,128,정말,MAG
전주 여행,128,대단,XR
전주 여행,128,습니다,EF
전주 여행,129,알라딘,NNP
전주 여행,129,100,SN
전주 여행,129,자평,NNG
전주 여행,129,일상,NNG
전주 여행,129,고고학,NNG
전주 여행,129,혼자,MAG
전주 여행,129,일상,NNG
전주 여행,129,고고학,NNG
전주 여행,129,혼자,MAG
전주 여행,129,개정,NNG
전주 여행,129,증보판,NNG
전주 여행,129,일상,NNG
전주 여행,129,고고학,NNG
전주 여행,129,시리즈,NNG
전주 여행,129,황윤,NNG
전주 여행,129,지음,NNG
전주 여행,129,고양이,NNG
전주 여행,129,2020,SN
전주 여행,129,10,SN
전주 여행,129,평점,NNG
전주 여행,129,신라,NNP
전주 여행,129,마니아,NNG
전주 여행,129,로부터,JKB
전주 여행,129,기라,NNG
전주 여행,129,관심,NNG
전주 여행,129,가요,NNG
전주 여행,129,고고학,NNG
전주 여행,129,관점,NNG
전주 여행,129,으로,JKB
전주 여행,130,석빙고,NNG
전주 여행,130,색다른,VA+ETM
전주 여행,130,볼거리,NNG
전주 여행,130,근처,NNG
전주 여행,130,안압,NNG
전주 여행,130,색다른,VA+ETM
전주 여행,130,볼거리,NNG
전주 여행,130,석빙고,NNG
전주 여행,130,이번,NNG
전주 여행,130,에서,JKB
전주 여행,130,다녀온,VV+ETM
전주 여행,130,석빙고,NNG
전주 여행,130,입니다,VCP+EF
전주 여행,130,석빙고,NNG
전주 여행,130,영조,NNG
전주 여행,130,만들,VV
전주 여행,130,일종,NNG
전주 여행,130,얼음,NNG
전주 여행,130,창고,NNG
전주 여행,130,근처,NNG
전주 여행,130,첨성대,NNG
전주 여행,130,비롯,XR
전주 여행,130,몰려,VV+EC
전주 여행,130,어서,EC
전주 여행,130,함께,MAG
전주 여행,131,가본,NNG
전주 여행,131,동궁,NNG
전주 여행,131,예쁜,VA+ETM
전주 여행,131,만나,VV
전주 여행,131,커피,NNG
전주 여행,131,열매,NNG
전주 여행,131,으면서,EC
전주 여행,131,노천온천,NNP
전주 여행,131,행복,NNG
전주 여행,132,황리,NNG
전주 여행,132,보문,NNG
전주 여행,132,단지,MAG
전주 여행,132,왕릉,NNG
전주 여행,132,탐방,NNG
전주 여행,132,데이트,NNG
전주 여행,132,코스,NNG
전주 여행,132,https,SL
전주 여행,132,youtu,SL
전주 여행,132,be,SL
전주 여행,132,nZzijKooIk,SL
전주 여행,132,황리,NNG
전주 여행,132,예쁘,VA
전주 여행,132,마음,NNG
전주 여행,132,낭만,NNG
전주 여행,132,으로,JKB
전주 여행,132,차오르,VV
전주 여행,132,경상도,NNP
전주 여행,132,에서,JKB
전주 여행,132,흔치,VA+EC
전주 여행,132,거리,NNG
전주 여행,132,바로,MAG
전주 여행,132,유적지,NNG
전주 여행,132,오래,MAG
전주 여행,132,한옥,NNG
전주 여행,132,고도,NNG
전주 여행,132,사뭇,MAG
전주 여행,132,어울리,VV
전주 여행,132,면서도,EC
전주 여행,133,밀면,NNP
전주 여행,133,에서,JKB
전주 여행,133,맛보,VV
전주 여행,133,가격,NNG
전주 여행,133,착해,VA+EC
전주 여행,133,5000,SN
전주 여행,133,비빔,NNG
전주 여행,133,물밀,VV
전주 여행,133,5000,SN
전주 여행,133,떡갈비,NNG
전주 여행,133,2000,SN
전주 여행,133,12,SN
전주 여행,133,000,SN
전주 여행,133,밥상,NNG
전주 여행,133,그리고,MAJ
전주 여행,133,뜨거운,VA+ETM
전주 여행,133,육수,NNG
전주 여행,133,까지,JX
전주 여행,133,평가,NNG
전주 여행,133,입맛,NNG
전주 여행,133,따라,VV+EC
전주 여행,133,취향,NNG
전주 여행,133,따루,MAG
전주 여행,133,따루,MAG
전주 여행,134,엑스,NNG
전주 여행,134,포대,NNG
전주 여행,134,공원,NNG
전주 여행,134,2025,SN
전주 여행,134,08,SN
전주 여행,134,16,SN
전주 여행,134,푸른,VA+ETM
전주 여행,134,애벌레,NNG
전주 여행,134,둘째,NR
전주 여행,134,보문호,NNP
전주 여행,134,주변,NNG
전주 여행,134,10,SN
전주 여행,134,엑스,NNG
전주 여행,134,포대,NNG
전주 여행,134,공원,NNG
전주 여행,134,입장,NNG
전주 여행,134,엑스포,NNG
전주 여행,134,기념관,NNG
전주 여행,134,천마,NNG
전주 여행,134,궁전,NNG
전주 여행,134,타워,NNG
전주 여행,134,솔거,NNG
전주 여행,134,미술관,NNG
전주 여행,134,자연사,NNG
전주 여행,134,박물관,NNG
전주 여행,135,2020,SN
전주 여행,135,동방역,NNP
전주 여행,135,능소화,NNG
전주 여행,135,서출지,NNG
전주 여행,135,경북,NNP
전주 여행,135,산림,NNG
전주 여행,135,연구원,NNG
전주 여행,135,2020,SN
전주 여행,135,25,SN
전주 여행,135,동방역,NNP
전주 여행,135,능소화,NNG
전주 여행,135,서출지,NNG
전주 여행,135,경북,NNP
전주 여행,135,산림,NNG
전주 여행,135,연구원,NNG
전주 여행,136,모녀,NNG
전주 여행,136,함께,MAG
전주 여행,136,바보,NNG
전주 여행,136,블로그,NNG
전주 여행,136,모녀,NNG
전주 여행,136,함께,MAG
전주 여행,136,2019,SN
전주 여행,136,10,SN
전주 여행,136,15,SN
전주 여행,136,첨성대,NNG
전주 여행,136,야생,NNG
전주 여행,136,단지,MAG
전주 여행,136,계림,NNG
전주 여행,136,월지,NNG
전주 여행,136,안압지,NNP
전주 여행,136,계림,NNP
전주 여행,136,월지,NNP
전주 여행,136,안압지,NNP
전주 여행,136,야경,NNG
전주 여행,136,박물관,NNG
전주 여행,136,10,SN
전주 여행,136,16,SN
전주 여행,136,김유신,NNP
전주 여행,136,장군,NNG
전주 여행,137,석굴암,NNG
전주 여행,137,2018,SN
전주 여행,137,10,SN
전주 여행,138,알라딘,NNP
전주 여행,138,100,SN
전주 여행,138,자평,NNG
전주 여행,138,일상,NNG
전주 여행,138,고고학,NNG
전주 여행,138,혼자,MAG
전주 여행,138,일상,NNG
전주 여행,138,고고학,NNG
전주 여행,138,혼자,MAG
전주 여행,138,개정,NNG
전주 여행,138,증보판,NNG
전주 여행,138,일상,NNG
전주 여행,138,고고학,NNG
전주 여행,138,시리즈,NNG
전주 여행,138,황윤,NNG
전주 여행,138,지음,NNG
전주 여행,138,고양이,NNG
전주 여행,138,2020,SN
전주 여행,138,10,SN
전주 여행,138,평점,NNG
전주 여행,138,삼국,NNG
전주 여행,138,시대,NNG
전주 여행,138,관한,VV+ETM
전주 여행,138,거의,MAG
전주 여행,138,모든,MM
전주 여행,138,자료,NNG
전주 여행,138,섭렵,NNG
전주 여행,138,소장,NNG
전주 여행,138,역사,NNG
전주 여행,138,학자,NNG
전주 여행,138,순수,NNG
전주 여행,138,시각,NNG
전주 여행,138,생생,XR
전주 여행,139,알라딘,NNP
전주 여행,139,일상,NNG
전주 여행,139,고고학,NNG
전주 여행,139,혼자,MAG
전주 여행,139,일상,NNG
전주 여행,139,고고학,NNG
전주 여행,139,혼자,MAG
전주 여행,139,개정,NNG
전주 여행,139,증보판,NNG
전주 여행,139,일상,NNG
전주 여행,139,고고학,NNG
전주 여행,139,시리즈,NNG
전주 여행,139,황윤,NNG
전주 여행,139,지음,NNG
전주 여행,139,고양이,NNG
전주 여행,139,2020,SN
전주 여행,139,10,SN
전주 여행,139,평점,NNG
전주 여행,139,수학,NNG
전주 여행,139,으로,JKB
전주 여행,139,추억,NNG
전주 여행,139,다시,MAG
전주 여행,139,한번,MAG
전주 여행,139,역사,NNG
전주 여행,139,그렇,VA
전주 여행,139,수록,EC
전주 여행,140,경비,NNG
전주 여행,140,혼자,NNG
전주 여행,140,떠난,VV+ETM
전주 여행,140,이동,NNG
전주 여행,140,수단,NNG
전주 여행,140,시외버스,NNG
전주 여행,140,버스,NNG
전주 여행,140,택시,NNG
전주 여행,140,시티투어,NNP
전주 여행,140,버스,NNG
전주 여행,140,Total,SL
전주 여행,140,13,SN
전주 여행,140,140,SN
전주 여행,140,기타,NNG
전주 여행,140,생필품,NNG
전주 여행,140,샴푸,NNG
전주 여행,140,린스,NNG
전주 여행,140,바디,NNG
전주 여행,140,워시,NNP
전주 여행,140,버블,NNG
전주 여행,140,490,SN
전주 여행,140,Total,SL
전주 여행,140,경비,NNG
전주 여행,140,148,SN
전주 여행,140,080,SN
전주 여행,141,경북,NNP
전주 여행,141,현대,NNG
전주 여행,141,호텔,NNG
전주 여행,141,현대,NNP
전주 여행,141,호텔,NNG
전주 여행,141,현대,NNG
전주 여행,141,호텔,NNG
전주 여행,141,보문,NNP
전주 여행,141,수상,NNG
전주 여행,141,공연장,NNG
전주 여행,141,보문관광단지,NNP
전주 여행,141,보문호,NNP
전주 여행,141,반길,VV+ETM
전주 여행,141,신라,NNP
전주 여행,141,컨트리클럽,NNG
전주 여행,141,숙박,NNG
전주 여행,141,현대,NNG
전주 여행,141,호텔,NNG
전주 여행,141,방문,NNG
전주 여행,141,일자,NNG
전주 여행,141,2016,SN
전주 여행,141,현대,NNG
전주 여행,141,호텔,NNG
전주 여행,141,경북,NNP
전주 여행,141,신평동,NNP
전주 여행,142,석굴암,NNG
전주 여행,142,불국사,NNG
전주 여행,142,09,SN
전주 여행,142,43,SN
전주 여행,142,석굴암,NNG
전주 여행,142,불국사,NNG
전주 여행,142,일시,NNG
전주 여행,142,2011,SN
전주 여행,142,22,SN
전주 여행,142,24,SN
전주 여행,142,장소,NNG
전주 여행,142,세째,NR
전주 여행,142,24,SN
전주 여행,142,석굴암,NNG
전주 여행,142,불국사,NNG
전주 여행,142,참여,NNG
전주 여행,142,우리,NP
전주 여행,142,가족,NNG
전주 여행,142,송국영,NNP
전주 여행,142,안종,NNP
전주 여행,142,송진주,NNP
전주 여행,142,김홍식,NNP
전주 여행,142,김연우,NNP
전주 여행,142,연주,NNP
전주 여행,142,조광민,NNP
전주 여행,143,대릉원,NNG
전주 여행,143,스탬프,NNG
전주 여행,143,투어,NNG
전주 여행,143,다섯,NR
전주 여행,143,이야기,NNG
전주 여행,143,대릉원,NNG
전주 여행,143,천마,NNG
전주 여행,143,경북,NNP
전주 여행,143,스탬프,NNG
전주 여행,143,투어,NNG
전주 여행,143,오릉,NNG
전주 여행,143,대릉원,NNG
전주 여행,143,천마총,NNG
전주 여행,143,오릉,NNG
전주 여행,143,교촌,NNG
전주 여행,143,마을,NNG
전주 여행,143,투어,NNG
전주 여행,143,마치,VV
전주 여행,143,다음,NNG
전주 여행,143,으로,JKB
전주 여행,143,찾아간,VV+ETM
전주 여행,143,바로,MAG
전주 여행,143,오릉,NNG
전주 여행,143,교촌,NNG
전주 여행,143,마을,NNG
전주 여행,143,면서,EC
전주 여행,143,조금,MAG
전주 여행,143,지치,VV
전주 여행,143,느낌,NNG
전주 여행,143,는데,EC
전주 여행,144,유적지,NNG
전주 여행,144,트레,NNP
전주 여행,144,대상지,NNG
전주 여행,144,유적지,NNG
전주 여행,144,트레,NNP
전주 여행,144,소재지,NNG
전주 여행,144,경북,NNP
전주 여행,144,2023,SN
전주 여행,144,10,SN
전주 여행,144,동궁,NNG
전주 여행,144,월지,NNG
전주 여행,144,반월,NNG
전주 여행,144,교촌,NNG
전주 여행,144,대릉원,NNG
전주 여행,144,44,SN
전주 여행,144,고분,NNG
전주 여행,144,분황사,NNG
전주 여행,144,황룡사,NNG
전주 여행,144,역사,NNG
전주 여행,144,문화원,NNG
전주 여행,144,동궁,NNG
전주 여행,144,월지,NNG
전주 여행,144,주차장,NNG
전주 여행,144,Km,SL
전주 여행,144,반월,NNG
전주 여행,144,에서,JKB
전주 여행,145,동궁,NNG
전주 여행,145,월지,NNG
전주 여행,145,안압지,NNP
전주 여행,145,야경,NNG
전주 여행,145,해외,NNG
전주 여행,145,이야기,NNG
전주 여행,145,후기,NNG
전주 여행,145,동궁,NNG
전주 여행,145,월지,NNG
전주 여행,145,안압지,NNP
전주 여행,145,야경,NNG
전주 여행,145,훌리아,NNP
전주 여행,145,2020,SN
전주 여행,145,25,SN
전주 여행,145,15,SN
전주 여행,145,17,SN
전주 여행,145,2019,SN
전주 여행,145,여름,NNG
전주 여행,145,사진,NNG
전주 여행,145,보관,NNG
전주 여행,145,구독,NNG
전주 여행,145,해외,NNG
전주 여행,145,이야기,NNG
전주 여행,145,후기,NNG
전주 여행,145,Related,SL
전주 여행,145,Articles,SL
전주 여행,146,2020,SN
전주 여행,146,06,SN
전주 여행,146,13,SN
전주 여행,146,14,SN
전주 여행,146,일요일,NNG
전주 여행,146,오전,NNG
전주 여행,146,오후,NNG
전주 여행,146,에서,JKB
전주 여행,146,고향,NNG
전주 여행,146,친구,NNG
전주 여행,146,함께,MAG
전주 여행,146,신라,NNP
전주 여행,146,대종,NNG
전주 여행,146,장맛비,NNG
전주 여행,146,시작,NNG
전주 여행,146,육월,NNP
전주 여행,146,중순,NNG
전주 여행,146,고향,NNG
전주 여행,146,친구,NNG
전주 여행,146,함께,MAG
전주 여행,146,에서,JKB
전주 여행,146,즐거운,VA+ETM
전주 여행,146,대릉원,NNG
전주 여행,146,돌담길,NNP
전주 여행,146,황리,NNG
전주 여행,147,이야기,NNG
전주 여행,147,계명,NNG
전주 여행,147,대학교,NNG
전주 여행,147,동산,NNG
전주 여행,147,병원,NNG
전주 여행,147,라고,EC
전주 여행,147,일자,NNG
전주 여행,147,2016,SN
전주 여행,147,인원,NNG
전주 여행,147,친구,NNG
전주 여행,147,함께,MAG
전주 여행,147,시외버스,NNG
전주 여행,147,터미널,NNG
전주 여행,147,경북,NNP
전주 여행,147,노서동,NNP
전주 여행,147,160,SN
전주 여행,147,전화,NNG
전주 여행,147,1666,SN
전주 여행,147,5599,SN
전주 여행,147,시외버스,NNG
전주 여행,147,터미널,NNG
전주 여행,148,알라딘,NNP
전주 여행,148,100,SN
전주 여행,148,자평,NNG
전주 여행,148,일상,NNG
전주 여행,148,고고학,NNG
전주 여행,148,혼자,MAG
전주 여행,148,일상,NNG
전주 여행,148,고고학,NNG
전주 여행,148,혼자,MAG
전주 여행,148,개정,NNG
전주 여행,148,증보판,NNG
전주 여행,148,일상,NNG
전주 여행,148,고고학,NNG
전주 여행,148,시리즈,NNG
전주 여행,148,황윤,NNG
전주 여행,148,지음,NNG
전주 여행,148,고양이,NNG
전주 여행,148,재미있,VA
전주 여행,148,길잡이,NNG
전주 여행,148,입니다,VCP+EF
전주 여행,148,풍부,XR
전주 여행,148,이해,NNG
전주 여행,149,코스,NNG
전주 여행,149,베스트,NNG
전주 여행,149,추천,NNG
전주 여행,149,top,SL
전주 여행,149,10,SN
전주 여행,149,코스,NNG
전주 여행,149,베스트,NNG
전주 여행,149,추천,NNG
전주 여행,149,top,SL
전주 여행,149,10,SN
전주 여행,149,코스,NNG
전주 여행,149,베스트,NNG
전주 여행,149,추천,NNG
전주 여행,149,top,SL
전주 여행,149,10,SN
전주 여행,149,소개,NNG
전주 여행,149,합니다,XSV+EC
전주 여행,149,황리,NNG
전주 여행,149,상호,NNG
전주 여행,149,황리,NNG
전주 여행,149,주소,NNG
전주 여행,149,경상북도,NNP
전주 여행,149,황남동,NNP
전주 여행,149,280,SN
전주 여행,149,전화,NNG
전주 여행,149,번호,NNG
전주 여행,149,입력,NNG
전주 여행,149,관련,NNG
전주 여행,149,키워드,NNP
전주 여행,149,키워드,NNP
전주 여행,150,코스,NNG
전주 여행,150,뚜벅,MAG
전주 여행,150,불국사,NNP
전주 여행,150,석굴암,NNG
전주 여행,150,중교,NNG
전주 여행,150,naver,SL
전주 여행,150,com,SL
전주 여행,150,loveartlove,SL
전주 여행,150,223054447834,SN
전주 여행,150,다시,MAG
전주 여행,150,서울,NNP
전주 여행,150,올라갈,VV+ETM
전주 여행,150,불국사,NNP
전주 여행,150,불국사,NNP
전주 여행,150,국보,NNG
전주 여행,150,다보탑,NNG
전주 여행,150,석가탑,NNG
전주 여행,150,석굴암,NNG
전주 여행,150,입장료,NNG
전주 여행,151,불국사,NNG
전주 여행,151,스탬프,NNG
전주 여행,151,투어,NNG
전주 여행,151,이야기,NNG
전주 여행,151,불국사,NNP
전주 여행,151,석굴암,NNG
전주 여행,151,경북,NNP
전주 여행,151,스탬프,NNG
전주 여행,151,투어,NNG
전주 여행,151,가을,NNG
전주 여행,151,불국사,NNG
전주 여행,151,석굴암,NNG
전주 여행,151,동리,NNG
전주 여행,151,문학관,NNG
전주 여행,151,구경,NNG
전주 여행,151,마치,VV
전주 여행,151,다음,NNG
전주 여행,151,으로,JKB
전주 여행,151,장소,NNG
전주 여행,151,핵심,NNG
전주 여행,151,메카,NNP
전주 여행,151,바로,MAG
전주 여행,151,불국사,NNP
전주 여행,151,석굴암,NNG
전주 여행,152,황리,NNG
전주 여행,152,한옥,NNG
전주 여행,152,카페,NNG
전주 여행,152,추천,NNG
전주 여행,152,카페,NNP
전주 여행,152,아덴,NNP
전주 여행,152,카페,NNP
전주 여행,152,아덴,NNP
전주 여행,152,위치,NNG
전주 여행,152,경북,NNP
전주 여행,152,사정,NNG
전주 여행,152,57,SN
전주 여행,152,운영,NNG
전주 여행,152,시간,NNG
전주 여행,152,매일,MAG
전주 여행,152,10,SN
전주 여행,152,와서,VV+EC
전주 여행,152,으로,JKB
전주 여행,152,채울,VV+ETM
전주 여행,152,어서,EC
전주 여행,152,어요,EF
전주 여행,152,실시간,NNG
전주 여행,152,예보,NNG
전주 여행,152,너무,MAG
전주 여행,152,커피,NNG
전주 여행,152,아덴,NNP
전주 여행,152,시그,NNP
전주 여행,153,알라딘,NNP
전주 여행,153,100,SN
전주 여행,153,자평,NNG
전주 여행,153,일상,NNG
전주 여행,153,고고학,NNG
전주 여행,153,혼자,MAG
전주 여행,153,일상,NNG
전주 여행,153,고고학,NNG
전주 여행,153,혼자,MAG
전주 여행,153,개정,NNG
전주 여행,153,증보판,NNG
전주 여행,153,일상,NNG
전주 여행,153,고고학,NNG
전주 여행,153,시리즈,NNG
전주 여행,153,황윤,NNG
전주 여행,153,지음,NNG
전주 여행,153,고양이,NNG
전주 여행,153,2020,SN
전주 여행,153,10,SN
전주 여행,153,평점,NNG
전주 여행,153,대한,VV+ETM
전주 여행,153,아름다움,VA+ETN
전주 여행,153,느낄,VV+ETM
전주 여행,153,기대,NNG
전주 여행,153,됩니다,XSV+EC
전주 여행,154,알라딘,NNP
전주 여행,154,서재,NNP
전주 여행,154,필수,NNG
전주 여행,154,필요,NNG
전주 여행,154,지식,NNG
전주 여행,154,설명,NNG
전주 여행,154,이해,NNG
전주 여행,154,사진,NNG
전주 여행,154,정보,NNG
전주 여행,154,가득,MAG
전주 여행,154,서울,NNP
전주 여행,154,이어,MAG
전주 여행,154,역사,NNG
전주 여행,154,꿈꾸,VV
전주 여행,154,한옥,NNG
전주 여행,154,에서,JKB
전주 여행,154,독서,NNG
전주 여행,154,모임,NNG
전주 여행,154,다가,EC
전주 여행,154,바로,MAG
전주 여행,154,주문,NNG
전주 여행,154,역사,NNG
전주 여행,154,예정,NNG
전주 여행,155,에서,JKB
전주 여행,155,걸어서,VV+EC
전주 여행,155,대릉원,NNG
전주 여행,155,까지,JX
전주 여행,155,대릉원,NNG
전주 여행,155,담장,NNG
전주 여행,155,2018,SN
전주 여행,155,11,SN
전주 여행,155,이번,NNG
전주 여행,155,천천히,MAG
전주 여행,155,걸으며,VV+EC
전주 여행,155,가을,NNG
전주 여행,155,만끽,NNG
전주 여행,155,컨셉,NNG
전주 여행,155,마침,MAG
전주 여행,155,가을,NNG
전주 여행,155,분위기,NNG
전주 여행,155,한껏,MAG
전주 여행,155,고조,NNG
전주 여행,155,시켜,XSV+EC
전주 여행,155,벚나무,NNG
전주 여행,155,좌우,NNG
전주 여행,155,어서,EC
전주 여행,155,마다,JX
전주 여행,155,가지,VV
전주 여행,155,와서,VV+EC
전주 여행,156,Knowledge,SL
전주 여행,156,Box,SL
전주 여행,156,슈만,NNP
전주 여행,156,클라라,NNP
전주 여행,156,도착,NNG
전주 여행,156,제일,MAG
전주 여행,156,먼저,MAG
전주 여행,156,슈만,NNP
전주 여행,156,클라라,NNP
전주 여행,156,라는,VCP+ETM
전주 여행,156,cafe,SL
전주 여행,156,위치,NNG
전주 여행,156,요기,NP
전주 여행,156,여기,NP
전주 여행,156,버스,NNG
전주 여행,156,려고,EC
전주 여행,156,는데,EC
전주 여행,156,버스,NNG
전주 여행,156,너무,MAG
전주 여행,156,와서,VV+EC
전주 여행,156,택시,NNG
전주 여행,156,그러나,MAJ
전주 여행,156,다음,NNG
전주 여행,156,문제,NNG
전주 여행,156,계속,MAG
전주 여행,157,2303,SN
전주 여행,157,봄꽃,NNG
전주 여행,157,습니다,EF
전주 여행,157,벌써,MAG
전주 여행,157,마지막,NNG
전주 여행,157,월요일,NNG
전주 여행,157,찾아간,VV+ETM
전주 여행,157,벚꽃,NNG
전주 여행,157,상춘객,NNG
전주 여행,157,으로,JKB
전주 여행,157,많이,MAG
전주 여행,157,붐볐,VV+EP
전주 여행,157,습니다,EF
전주 여행,157,에서,JKB
전주 여행,157,점심,NNG
전주 여행,157,집사람,NNG
전주 여행,157,국도,NNG
전주 여행,157,천천히,MAG
전주 여행,157,올라가,VV
전주 여행,157,곳곳,NNG
전주 여행,157,벚꽃,NNG
전주 여행,157,자랑,NNG
전주 여행,157,열중,NNG
전주 여행,158,황리,NNG
전주 여행,158,맛집,NNG
전주 여행,158,여도,NNG
전주 여행,158,영업,NNG
전주 여행,158,종료,NNG
전주 여행,158,오늘,NNG
전주 여행,158,맛집,NNG
전주 여행,158,황리,NNG
전주 여행,158,맛집,NNG
전주 여행,158,여주,NNG
전주 여행,158,이야기,NNG
전주 여행,158,함께,MAG
전주 여행,158,해요,VV+EF
전주 여행,158,다만,MAJ
전주 여행,158,현재,MAG
전주 여행,158,여도,NNG
전주 여행,158,다는,ETM
전주 여행,158,저희,NP
전주 여행,158,기록,NNG
전주 여행,158,해서,VV+EC
전주 여행,158,그냥,MAG
전주 여행,158,포스팅,NNP
전주 여행,158,진행,NNG
전주 여행,158,참고,NNG
전주 여행,158,세요,EP+EF
전주 여행,158,한옥,NNP
전주 여행,158,외관,NNG
전주 여행,158,눈길,NNG
전주 여행,159,황리,NNG
전주 여행,159,주전부리,NNG
전주 여행,159,황금,NNG
전주 여행,159,황남,NNG
전주 여행,159,옥수수,NNG
전주 여행,159,청년,NNG
전주 여행,159,분식,NNG
전주 여행,159,황리,NNG
전주 여행,159,주전부리,NNG
전주 여행,159,저녁,NNG
전주 여행,159,출출,XR
전주 여행,159,해서,XSA+EC
전주 여행,159,황리,NNG
전주 여행,159,주전부리,NNG
전주 여행,159,우선,MAG
전주 여행,159,급한,VA+ETM
전주 여행,159,결론,NNG
전주 여행,159,부터,JX
전주 여행,159,자면,EC
전주 여행,159,청년,NNG
전주 여행,159,분식,NNG
전주 여행,159,황남,NNG
전주 여행,159,옥수수,NNG
전주 여행,159,모두,MAG
전주 여행,159,아쉽,VA
전주 여행,159,청년,NNG
전주 여행,159,분식,NNG
전주 여행,159,쥬얼,NNP
전주 여행,159,우릴,VV+ETM
전주 여행,159,유혹,NNG
전주 여행,159,뭔가,NP+VCP+EC
전주 여행,160,13,SN
전주 여행,160,성동,NNG
전주 여행,160,시장,NNG
전주 여행,160,구경,NNG
전주 여행,160,가을,NNG
전주 여행,160,기차,NNG
전주 여행,160,피날레,NNG
전주 여행,160,2018,SN
전주 여행,160,11,SN
전주 여행,160,즐거웠,VA+EP
전주 여행,160,가을,NNG
전주 여행,160,기차,NNG
전주 여행,160,단풍,NNG
전주 여행,160,맘껏,MAG
전주 여행,160,누리,VV
전주 여행,160,돌아가,VV
전주 여행,160,노란,VA+ETM
전주 여행,160,은행,NNG
전주 여행,160,낙엽,NNG
전주 여행,160,올려,VV+EC
전주 여행,160,어야,EC
전주 여행,160,는데,EC
전주 여행,160,언니,NNG
전주 여행,160,수고,NNG
전주 여행,160,어염,EF
전주 여행,160,숙소,NNG
전주 여행,160,변경,NNG
전주 여행,160,지도자,NNG
전주 여행,160,언니,NNG
전주 여행,160,짝짝,MAG
전주 여행,161,첨성대,NNG
전주 여행,161,대릉원,NNG
전주 여행,161,주차,NNG
전주 여행,161,주차장,NNG
전주 여행,161,대릉원,NNG
전주 여행,161,주차장,NNG
전주 여행,161,여기,NP
전주 여행,161,매표,NNG
전주 여행,161,해야,VV+EC
전주 여행,161,들어갈,VV+ETM
전주 여행,161,어서,EC
전주 여행,161,그냥,MAG
전주 여행,161,혼자,NNG
전주 여행,161,굳이,MAG
전주 여행,161,들어갈,VV+ETM
전주 여행,161,필요,NNG
전주 여행,161,느꼈,VV+EP
전주 여행,161,네요,EF
전주 여행,161,편하,VA
전주 여행,161,드라이브,NNG
전주 여행,161,둘러본,VV+ETM
전주 여행,161,그리고,MAJ
전주 여행,161,그곳,NP
전주 여행,161,에서,JKB
전주 여행,161,만난,VV+ETM
전주 여행,161,첨성대,NNG
전주 여행,162,안녕,IC
전주 여행,162,2014,SN
전주 여행,162,2014,SN
전주 여행,162,마지막,NNG
전주 여행,162,에서,JKB
전주 여행,162,멋진,VA+ETM
전주 여행,162,선물,NNG
전주 여행,162,눈발,NNG
전주 여행,162,날리,VV
전주 여행,162,시작,NNG
전주 여행,162,한다,XSV+EF
전주 여행,162,그리고,MAJ
전주 여행,162,금방,MAG
전주 여행,162,하얀,VA+ETM
전주 여행,162,세상,NNG
전주 여행,162,으로,JKB
전주 여행,162,변한다,VV+EC
전주 여행,162,눈길,NNG
전주 여행,162,산책,NNG
전주 여행,162,불국사,NNP
전주 여행,162,에서,JKB
전주 여행,162,기차,NNG
전주 여행,162,마무리,NNG
전주 여행,162,한다,XSV+EF
전주 여행,162,다시,MAG
전주 여행,162,화창,XR
전주 여행,162,해진,XSA+EC+VX+ETM
전주 여행,162,하늘,NNG
전주 여행,163,야경,NNG
전주 여행,163,다른,MM
전주 여행,163,매력,NNG
전주 여행,163,정교,NNG
전주 여행,163,분위기,NNG
전주 여행,163,저녁,NNG
전주 여행,163,정교,NNG
전주 여행,163,방문,NNG
전주 여행,163,추천,NNG
전주 여행,163,드립니다,VV+EF
전주 여행,163,켜진,VV+ETM
전주 여행,163,정교,NNG
전주 여행,163,신나,VV
전주 여행,163,사진,NNG
전주 여행,163,정교,NNG
전주 여행,163,야경,NNG
전주 여행,163,마지막,NNG
전주 여행,163,으로,JKB
전주 여행,163,떠나갑니다,VV+EF
전주 여행,163,여기,NP
전주 여행,163,신라,NNP
전주 여행,163,니까,VCP+EC
전주 여행,163,신라,NNP
전주 여행,163,해장국,NNG
전주 여행,163,즐거웠,VA+EP
전주 여행,163,습니다,EF
전주 여행,164,황남,NNG
전주 여행,164,맷돌,NNG
전주 여행,164,순두부,NNG
전주 여행,164,두부,NNG
전주 여행,164,보쌈,NNG
전주 여행,164,제육,NNG
전주 여행,164,순두부찌개,NNG
전주 여행,164,그리고,MAJ
전주 여행,164,황남,NNG
전주 여행,164,맷돌,NNG
전주 여행,164,순두부,NNG
전주 여행,164,영업시간,NNG
전주 여행,164,30,SN
전주 여행,164,까지,JX
전주 여행,164,황리,NNG
전주 여행,164,시작,NNG
전주 여행,164,으로,JKB
전주 여행,164,어지간,XR
전주 여행,164,밥집,NNG
전주 여행,164,영업,NNG
전주 여행,164,마감,NNG
전주 여행,164,진짜,MAG
전주 여행,164,고기,NNG
전주 여행,164,맛있,VA
전주 여행,164,두부,NNG
전주 여행,164,순두부찌개,NNG
전주 여행,164,맛나,VA
전주 여행,164,호랑이,NNG
전주 여행,164,막걸리,NNG
전주 여행,164,완전,MAG
전주 여행,164,맛있,VA
전주 여행,164,어서,EC
전주 여행,165,마치,VV
전주 여행,165,울주,NNP
전주 여행,165,새벽,NNG
전주 여행,165,다가,EC
전주 여행,165,그친다,VV+EC
전주 여행,165,하늘,NNG
전주 여행,165,예쁘다,NNP
전주 여행,165,월드,NNG
전주 여행,165,판다,NNG
전주 여행,165,에서,JKB
전주 여행,165,점심,NNG
전주 여행,165,맛있,VA
전주 여행,165,친절,NNG
전주 여행,165,떡갈비,NNG
전주 여행,165,맛나,VA
전주 여행,165,계란찜,NNG
전주 여행,165,풍경,NNG
전주 여행,165,예쁘,VA
전주 여행,165,행복,NNG
전주 여행,165,울주,NNP
전주 여행,166,서출지,NNG
전주 여행,166,23,SN
전주 여행,166,28,SN
전주 여행,166,더운,VA+ETM
전주 여행,166,날씨,NNG
전주 여행,166,촬영,NNG
전주 여행,166,임했,VV+EP
전주 여행,166,사진가,NNG
전주 여행,166,에게,JKB
전주 여행,166,미안,NNG
전주 여행,166,생각,NNG
전주 여행,166,더운,VA+ETM
전주 여행,166,날씨,NNG
전주 여행,166,여러,MM
전주 여행,166,촬영,NNG
전주 여행,166,대작,NNG
전주 여행,166,으시,EP
전주 여행,166,무사히,MAG
전주 여행,166,습니다,EF
전주 여행,167,알라딘,NNP
전주 여행,167,100,SN
전주 여행,167,자평,NNG
전주 여행,167,우리,NP
전주 여행,167,아이,IC
전주 여행,167,우리,NP
전주 여행,167,아이,IC
전주 여행,167,세계,NNG
전주 여행,167,문화유산,NNG
전주 여행,167,아서,EC
전주 여행,167,개정판,NNG
전주 여행,167,답사,NNG
전주 여행,167,바로,MAG
전주 여행,167,역사,NNG
전주 여행,167,바로,MAG
전주 여행,167,박광일,NNP
전주 여행,167,전향,NNG
전주 여행,167,이야기,NNG
전주 여행,167,기획,NNG
전주 여행,167,성당,NNG
전주 여행,167,2011,SN
전주 여행,167,평점,NNG
전주 여행,167,초등,NNG
전주 여행,167,학교,NNG
전주 여행,167,학생,NNG
전주 여행,167,수학,NNG
전주 여행,168,알라딘,NNP
전주 여행,168,100,SN
전주 여행,168,자평,NNG
전주 여행,168,일상,NNG
전주 여행,168,고고학,NNG
전주 여행,168,혼자,MAG
전주 여행,168,일상,NNG
전주 여행,168,고고학,NNG
전주 여행,168,혼자,MAG
전주 여행,168,개정,NNG
전주 여행,168,증보판,NNG
전주 여행,168,일상,NNG
전주 여행,168,고고학,NNG
전주 여행,168,시리즈,NNG
전주 여행,168,황윤,NNG
전주 여행,168,지음,NNG
전주 여행,168,고양이,NNG
전주 여행,168,묻힌,VV+ETM
전주 여행,168,타임캡슐,NNG
전주 여행,168,신라,NNG
전주 여행,168,특별,NNG
전주 여행,168,시간,NNG
전주 여행,168,네요,EC
전주 여행,169,오늘,NNG
전주 여행,169,날씨,NNG
전주 여행,169,더우니,VA+EC
전주 여행,169,마을,NNG
전주 여행,169,식당,NNG
전주 여행,169,에서,JKB
전주 여행,169,맛난,VA+ETM
전주 여행,169,양념,NNG
전주 여행,169,게장,NNG
전주 여행,169,점심,NNG
전주 여행,169,힐튼,NNP
전주 여행,169,호텔,NNG
전주 여행,169,에서,JKB
전주 여행,169,커피,NNG
전주 여행,169,한잔,NNG
전주 여행,169,보문,NNG
전주 여행,169,단지,MAG
전주 여행,169,푸른,VA+ETM
전주 여행,169,나무,NNG
전주 여행,169,감상,NNG
전주 여행,169,커피,NNG
전주 여행,169,한잔,NNG
전주 여행,169,스콘,NNP
전주 여행,169,행복,NNG
전주 여행,169,월드,NNG
전주 여행,169,관람,NNG
전주 여행,169,보인다,VV+EF
전주 여행,169,한번,MAG
전주 여행,169,볼까,EC+VX+EC
전주 여행,170,압지,NNG
전주 여행,170,야경,NNG
전주 여행,170,투어,NNG
전주 여행,170,방문,NNG
전주 여행,170,아마도,MAG
전주 여행,170,보름달,NNG
전주 여행,170,보다,JKB
전주 여행,170,하늘,NNG
전주 여행,170,황청,NNG
전주 여행,170,연못,NNG
전주 여행,170,빠져,VV+EC
전주 여행,170,야경,NNG
전주 여행,170,함께,MAG
전주 여행,170,정말,MAG
전주 여행,170,멋진,VA+ETM
전주 여행,170,야경,NNG
전주 여행,170,보여,VV+EC
전주 여행,170,이래서,VV+EC
전주 여행,170,마다,JX
전주 여행,170,이곳,NP
전주 여행,170,압지,NNG
전주 여행,170,하나,NR
전주 여행,170,보다,JKB
전주 여행,171,알라딘,NNP
전주 여행,171,100,SN
전주 여행,171,자평,NNG
전주 여행,171,우리,NP
전주 여행,171,아이,IC
전주 여행,171,우리,NP
전주 여행,171,아이,IC
전주 여행,171,에서,JKB
전주 여행,171,신라,NNG
전주 여행,171,답사,NNG
전주 여행,171,바로,MAG
전주 여행,171,역사,NNG
전주 여행,171,바로,MAG
전주 여행,171,13,SN
전주 여행,171,박광일,NNP
전주 여행,171,2004,SN
전주 여행,171,평점,NNG
전주 여행,171,구판,NNG
전주 여행,171,절판,NNG
전주 여행,171,아이,NNG
전주 여행,171,눈높이,NNG
전주 여행,171,맞춰진,VV+EC+VX+ETM
전주 여행,172,알라딘,NNP
전주 여행,172,100,SN
전주 여행,172,자평,NNG
전주 여행,172,일상,NNG
전주 여행,172,고고학,NNG
전주 여행,172,혼자,MAG
전주 여행,172,일상,NNG
전주 여행,172,고고학,NNG
전주 여행,172,혼자,MAG
전주 여행,172,개정,NNG
전주 여행,172,증보판,NNG
전주 여행,172,일상,NNG
전주 여행,172,고고학,NNG
전주 여행,172,시리즈,NNG
전주 여행,172,황윤,NNG
전주 여행,172,지음,NNG
전주 여행,172,고양이,NNG
전주 여행,172,2020,SN
전주 여행,172,10,SN
전주 여행,172,평점,NNG
전주 여행,172,유익,NNG
전주 여행,172,아요,EC
전주 여행,173,알라딘,NNP
전주 여행,173,역사,NNG
전주 여행,173,관심,NNG
전주 여행,173,시작,NNG
전주 여행,173,해서,XSV+EC
전주 여행,173,함께,MAG
전주 여행,173,어요,EF
전주 여행,173,길래,EC
전주 여행,173,생각,NNG
전주 여행,173,는데,EC
전주 여행,173,그리,VV
전주 여행,173,마음,NNG
전주 여행,173,접하,VV
전주 여행,173,어요,EF
전주 여행,173,기억,NNG
전주 여행,173,가지,VV
전주 여행,173,는데,EC
전주 여행,173,아이,NNG
전주 여행,173,신라,NNG
전주 여행,173,배운,VV+ETM
전주 여행,173,그런지,VA+EC
전주 여행,173,동안,NNG
전주 여행,173,배운,VV+ETM
전주 여행,173,내용,NNG
전주 여행,173,생각,NNG
전주 여행,173,유적지,NNG
전주 여행,174,매화,NNG
전주 여행,174,산수유,NNG
전주 여행,174,만발,NNG
전주 여행,174,보문,NNG
전주 여행,174,단지,MAG
전주 여행,174,호수,NNG
전주 여행,174,산책,NNG
전주 여행,174,행복,NNG
전주 여행,174,마무리,NNG
전주 여행,175,알라딘,NNP
전주 여행,175,100,SN
전주 여행,175,자평,NNG
전주 여행,175,일상,NNG
전주 여행,175,고고학,NNG
전주 여행,175,혼자,MAG
전주 여행,175,일상,NNG
전주 여행,175,고고학,NNG
전주 여행,175,혼자,MAG
전주 여행,175,일상,NNG
전주 여행,175,시리즈,NNG
전주 여행,175,황윤,NNG
전주 여행,175,지음,NNG
전주 여행,175,고양이,NNG
전주 여행,175,2020,SN
전주 여행,175,10,SN
전주 여행,175,평점,NNG
전주 여행,175,마니아,NNG
전주 여행,175,알려,VV+EC
전주 여행,175,탐방기,NNG
전주 여행,175,그런지,VA+EC
전주 여행,175,대한,VV+ETM
전주 여행,175,알찬,VA+ETM
전주 여행,175,설명,NNG
전주 여행,175,습니다,EF
전주 여행,176,알라딘,NNP
전주 여행,176,100,SN
전주 여행,176,자평,NNG
전주 여행,176,일상,NNG
전주 여행,176,고고학,NNG
전주 여행,176,혼자,MAG
전주 여행,176,일상,NNG
전주 여행,176,고고학,NNG
전주 여행,176,혼자,MAG
전주 여행,176,개정,NNG
전주 여행,176,증보판,NNG
전주 여행,176,일상,NNG
전주 여행,176,고고학,NNG
전주 여행,176,시리즈,NNG
전주 여행,176,황윤,NNG
전주 여행,176,지음,NNG
전주 여행,176,고양이,NNG
전주 여행,176,2020,SN
전주 여행,176,10,SN
전주 여행,176,평점,NNG
전주 여행,176,아름다운,VA+ETM
전주 여행,176,풍경,NNG
전주 여행,176,고고학,NNG
전주 여행,176,우리,NP
전주 여행,176,지적,NNG
전주 여행,176,힐링,NNG
전주 여행,176,안겨,VV+EC
전주 여행,176,줘서,VX+EC
전주 여행,177,주상,NNG
전주 여행,177,절리,NNG
전주 여행,177,스탬프,NNG
전주 여행,177,투어,NNG
전주 여행,177,목적지,NNG
전주 여행,177,주상,NNG
전주 여행,177,스탬프,NNG
전주 여행,177,투어,NNG
전주 여행,177,주상,NNG
전주 여행,177,절리,NNG
전주 여행,177,해변,NNG
전주 여행,177,둘레길,NNP
전주 여행,177,주상,NNG
전주 여행,177,절리,NNG
전주 여행,177,파도,NNG
전주 여행,177,소리,NNG
전주 여행,177,드디어,MAG
전주 여행,177,시작,NNG
전주 여행,177,대한,VV+ETM
전주 여행,177,때문,NNB
전주 여행,177,을까,EC
전주 여행,177,오랫만,NNG
전주 여행,177,밤잠,NNG
전주 여행,177,설치,VV
전주 여행,177,다가,EC
전주 여행,177,시계,NNG
전주 여행,177,조금,MAG
전주 여행,177,시간,NNG
전주 여행,178,FeRed,SL
전주 여행,178,Conundrum,SL
전주 여행,178,of,SL
전주 여행,178,Life,SL
전주 여행,178,불국사,NNP
전주 여행,178,황남빵,NNP
전주 여행,178,교리,NNG
전주 여행,178,김밥,NNG
전주 여행,178,내소,NNG
전주 여행,178,Theme,SL
전주 여행,178,불국사,NNP
전주 여행,178,황남빵,NNP
전주 여행,178,교리,NNG
전주 여행,178,김밥,NNG
전주 여행,178,산내,NNG
전주 여행,178,소고기,NNG
전주 여행,178,울산,NNP
전주 여행,178,Comments,SL
전주 여행,178,후배,NNG
전주 여행,178,녀석,NNB
전주 여행,178,같이,MAG
전주 여행,178,울산,NNP
전주 여행,178,불국사,NNG
전주 여행,178,에서,JKB
전주 여행,178,천마총,NNG
전주 여행,178,에서,JKB
전주 여행,178,첨성대,NNG
전주 여행,178,으로,JKB
전주 여행,178,내려오,VV
전주 여행,178,다가,EC
전주 여행,178,나무,NNG
전주 여행,178,그늘,NNG
전주 여행,178,내부,NNG
전주 여행,178,전경,NNG
전주 여행,179,알라딘,NNP
전주 여행,179,100,SN
전주 여행,179,자평,NNG
전주 여행,179,일상,NNG
전주 여행,179,고고학,NNG
전주 여행,179,혼자,MAG
전주 여행,179,개정,NNG
전주 여행,179,증보판,NNG
전주 여행,179,일상,NNG
전주 여행,179,고고학,NNG
전주 여행,179,시리즈,NNG
전주 여행,179,황윤,NNG
전주 여행,179,지음,NNG
전주 여행,179,고양이,NNG
전주 여행,179,2020,SN
전주 여행,179,10,SN
전주 여행,179,평점,NNG
전주 여행,179,어려서,VA+EC
전주 여행,179,그냥,MAG
전주 여행,179,학교,NNG
전주 여행,179,에서,JKB
전주 여행,179,지금,MAG
전주 여행,179,커서,VV+EC
전주 여행,179,공부,NNG
전주 여행,179,다른,MM
전주 여행,179,느낌,NNG
전주 여행,179,습니다,EF
전주 여행,179,가보세요,NNG
전주 여행,180,알라딘,NNP
전주 여행,180,100,SN
전주 여행,180,자평,NNG
전주 여행,180,일상,NNG
전주 여행,180,고고학,NNG
전주 여행,180,혼자,MAG
전주 여행,180,혼자,NNG
전주 여행,180,개정,NNG
전주 여행,180,증보판,NNG
전주 여행,180,일상,NNG
전주 여행,180,고고학,NNG
전주 여행,180,시리즈,NNG
전주 여행,180,황윤,NNG
전주 여행,180,지음,NNG
전주 여행,180,고양이,NNG
전주 여행,180,2020,SN
전주 여행,180,10,SN
전주 여행,180,평점,NNG
전주 여행,180,이야기,NNG
전주 여행,180,봐도,VV+EC
전주 여행,180,봐도,VX+EC
전주 여행,180,들어도,VV+EC
전주 여행,180,들어도,VV+EC
전주 여행,180,재미있,VA
전주 여행,180,습니다,EF
전주 여행,180,작가,NNG
전주 여행,180,혼자,NNG
전주 여행,180,기대,NNG
전주 여행,180,봅니다,VX+EC
전주 여행,181,매화꽃,NNG
전주 여행,181,산수유,NNG
전주 여행,181,예쁜,VA+ETM
전주 여행,181,간다,VV+EC
전주 여행,181,날씨,NNG
전주 여행,181,따뜻,XR
전주 여행,181,바람,NNG
전주 여행,181,많이,MAG
전주 여행,181,햇살,NNG
전주 여행,181,따뜻,XR
전주 여행,181,점심,NNG
전주 여행,181,궁금,XR
전주 여행,181,했었,VX+EP
전주 여행,181,황룡,NNG
전주 여행,181,돌아봤,VV+EP
전주 여행,181,동국,NNG
전주 여행,181,재단,NNG
전주 여행,181,에서,JKB
전주 여행,181,운영,NNG
전주 여행,181,연수원,NNG
전주 여행,181,인데,VCP+EC
전주 여행,181,웅장,XR
전주 여행,181,꾸며져,VV+EC+VX+EC
전주 여행,182,맷돌,NNG
전주 여행,182,순부,NNG
전주 여행,182,옆집,NNG
전주 여행,182,정화,NNG
전주 여행,182,송이,NNG
전주 여행,182,순두부,NNG
전주 여행,182,맛집,NNG
전주 여행,182,옆집,NNG
전주 여행,182,아니,VCN
전주 여행,182,라도,EC
전주 여행,182,가격,NNG
전주 여행,182,비싸,VA
전주 여행,182,니까,EC
전주 여행,182,기본,NNG
전주 여행,182,반찬,NNG
전주 여행,182,생선,NNG
전주 여행,182,구이,NNG
전주 여행,182,나와서,VV+EC
전주 여행,182,후배,NNG
전주 여행,182,맛있,VA
전주 여행,182,섬세,XR
전주 여행,182,발라,VV+EC
전주 여행,182,하얀,VA+ETM
전주 여행,182,순두부,NNG
전주 여행,182,다니,EC
전주 여행,182,순두부,NNG
전주 여행,182,처음,MAG
전주 여행,182,본다,VV+EC
전주 여행,182,파전,NNG
전주 여행,182,하나,NR
전주 여행,182,주문,NNG
전주 여행,182,새송이,NNP
전주 여행,182,탁주,NNG
전주 여행,182,주문,NNG
전주 여행,182,낮술,NNG
전주 여행,183,남산,NNP
전주 여행,183,칠불암,NNG
전주 여행,183,케이트,NNP
전주 여행,183,입니다,VCP+EF
전주 여행,183,진입,NNG
전주 여행,183,읍니다,EC
전주 여행,183,서라벌,NNP
전주 여행,183,휴게소,NNG
전주 여행,183,입니다,VCP+EF
전주 여행,183,통일전,NNP
전주 여행,183,주차장,NNG
전주 여행,183,주차,NNG
전주 여행,183,아니하,VX
전주 여행,183,염불,NNG
전주 여행,183,사지,NNG
전주 여행,183,삼층석탑,NNP
전주 여행,183,주차,NNG
전주 여행,183,여기,NP
전주 여행,183,일찍,MAG
전주 여행,183,도착,NNG
전주 여행,183,여야,EC
전주 여행,183,주차,NNG
전주 여행,183,아침,NNG
전주 여행,184,알라딘,NNP
전주 여행,184,100,SN
전주 여행,184,자평,NNG
전주 여행,184,일상,NNG
전주 여행,184,고고학,NNG
전주 여행,184,혼자,MAG
전주 여행,184,일상,NNG
전주 여행,184,고고학,NNG
전주 여행,184,혼자,MAG
전주 여행,184,개정,NNG
전주 여행,184,증보판,NNG
전주 여행,184,일상,NNG
전주 여행,184,고고학,NNG
전주 여행,184,시리즈,NNG
전주 여행,184,황윤,NNG
전주 여행,184,지음,NNG
전주 여행,184,고양이,NNG
전주 여행,184,2020,SN
전주 여행,184,10,SN
전주 여행,184,평점,NNG
전주 여행,184,이런,MM
전주 여행,184,너무,MAG
전주 여행,184,아함,IC+ETN
전주 여행,184,더구나,MAJ
전주 여행,184,라서,VCP+EC
전주 여행,184,너무,MAG
전주 여행,184,마음,NNG
전주 여행,184,중학교,NNG
전주 여행,184,수학,NNG
전주 여행,184,으로,JKB
전주 여행,185,국내,NNG
전주 여행,185,사진,NNG
전주 여행,185,국내,NNG
전주 여행,185,테마,NNG
전주 여행,185,Theodor,SL
전주 여행,185,2017,SN
전주 여행,185,18,SN
전주 여행,185,08,SN
전주 여행,185,11,SN
전주 여행,185,벚꽃,NNG
전주 여행,185,거의,MAG
전주 여행,185,떨어지,VV
전주 여행,185,시기,NNG
전주 여행,185,아쉬움,NNG
전주 여행,185,대능원,NNP
전주 여행,185,출입문,NNG
전주 여행,185,능원,NNG
전주 여행,185,소나무,NNG
전주 여행,185,천마총,NNG
전주 여행,185,안압지,NNP
전주 여행,185,분황사,NNG
전주 여행,185,모전,NNG
전주 여행,185,석탑,NNG
전주 여행,185,원래,NNG
전주 여행,186,힐튼,NNP
전주 여행,186,호텔,NNG
전주 여행,186,한국,NNP
전주 여행,186,서울,NNP
전주 여행,186,호텔,NNG
전주 여행,186,체인,NNG
전주 여행,186,이상,NNG
전주 여행,186,두산,NNP
전주 여행,186,참고,NNG
전주 여행,186,미국,NNP
전주 여행,186,저명,XR
전주 여행,186,모델,NNG
전주 여행,186,철저히,MAG
전주 여행,186,손님,NNG
전주 여행,186,배려,NNG
전주 여행,186,호텔,NNG
전주 여행,186,그래서,MAJ
전주 여행,186,즐거울,VA+ETM
전주 여행,186,밖에,JX
전주 여행,187,토함산,NNP
전주 여행,187,단풍,NNG
전주 여행,187,터널,NNG
전주 여행,187,자연,NNG
전주 여행,187,그려,VV+EC
전주 여행,187,수채화,NNG
전주 여행,187,17,SN
전주 여행,187,11,SN
전주 여행,187,17,SN
전주 여행,187,떠나,VV
전주 여행,187,단풍,NNG
전주 여행,187,그윽,XR
전주 여행,187,숲길,NNG
전주 여행,187,느긋이,MAG
전주 여행,187,불국사,NNP
전주 여행,187,석굴암,NNG
전주 여행,187,토함산,NNP
전주 여행,187,숲길,NNG
전주 여행,187,월산,NNG
전주 여행,187,고갯길,NNG
전주 여행,187,굳이,MAG
전주 여행,187,신라,NNP
전주 여행,187,역사,NNG
전주 여행,187,몰라도,VV+EC
전주 여행,187,시내,NNG
전주 여행,188,배롱나무,NNG
전주 여행,188,첨성대,NNG
전주 여행,188,야경,NNG
전주 여행,188,16,SN
전주 여행,188,18,SN
전주 여행,188,수학,NNG
전주 여행,188,다녀오,VV
전주 여행,188,사람,NNG
전주 여행,188,심지어,MAG
전주 여행,188,자녀,NNG
전주 여행,188,역사,NNG
전주 여행,188,유적,NNG
전주 여행,188,답사,NNG
전주 여행,188,동행,NNG
전주 여행,188,해서,XSV+EC
전주 여행,188,이런,MM
전주 여행,188,아무리,MAG
전주 여행,188,생각,NNG
전주 여행,188,해봐도,XSV+EC+VX+EC
전주 여행,188,국내,NNG
전주 여행,188,에선,JKB+JX
전주 여행,188,특징,NNG
전주 여행,188,하나,NR
전주 여행,188,평온,NNG
전주 여행,188,자연,NNG
전주 여행,189,황리,NNG
전주 여행,189,카페,NNG
전주 여행,189,카페,NNG
전주 여행,189,카페,NNG
전주 여행,189,황리,NNG
전주 여행,189,메인,VV+ETM
전주 여행,189,거리,NNG
전주 여행,189,위치,NNG
전주 여행,189,어서,EC
전주 여행,189,거리,NNG
전주 여행,189,둘러보,VV
전주 여행,189,뚜벅,MAG
전주 여행,189,입니다,VCP+EF
전주 여행,189,인테리어,NNG
전주 여행,189,예쁘,VA
전주 여행,189,어서,EC
전주 여행,189,더욱,MAG
전주 여행,189,눈길,NNG
전주 여행,189,카페,NNG
전주 여행,189,입니다,VCP+EF
전주 여행,189,황리,NNG
전주 여행,189,카페,NNG
전주 여행,189,카페,NNG
전주 여행,189,날씨,NNG
전주 여행,190,경북,NNP
전주 여행,190,국밥,NNG
전주 여행,190,맛집,NNG
전주 여행,190,수백,NR
전주 여행,190,보문,NNG
전주 여행,190,com,SL
전주 여행,190,633,SN
전주 여행,190,경북,NNP
전주 여행,190,교촌,NNP
전주 여행,190,마을,NNG
전주 여행,190,교촌,NNG
전주 여행,190,보관,NNG
전주 여행,190,아이,NNG
전주 여행,190,가족,NNG
전주 여행,190,2024,SN
전주 여행,190,31,SN
전주 여행,190,가족,NNG
전주 여행,190,함께,MAG
전주 여행,190,기록,NNG
전주 여행,190,오늘,NNG
전주 여행,190,가족,NNG
전주 여행,190,모임,NNG
전주 여행,190,어서,EC
전주 여행,190,경북,NNP
전주 여행,190,어요,EF
전주 여행,191,불국사역,NNP
전주 여행,191,에서,JKB
전주 여행,191,동대구,NNG
전주 여행,191,까지,JX
전주 여행,191,기차,NNG
전주 여행,191,무궁화호,NNP
전주 여행,191,시간,NNG
전주 여행,191,시외,NNG
전주 여행,191,고속,NNG
전주 여행,191,버스,NNG
전주 여행,191,터미널,NNG
전주 여행,191,모두,MAG
전주 여행,191,거리,NNG
전주 여행,191,어서,EC
전주 여행,191,어디,NP
전주 여행,191,따라,VV+EC
전주 여행,191,대중,NNG
전주 여행,191,교통,NNG
전주 여행,191,종류,NNG
전주 여행,191,달라지,VV
전주 여행,191,는데,EC
전주 여행,191,서울,NNP
전주 여행,191,이나,JC
전주 여행,191,대전,NNP
전주 여행,191,까지,JX
전주 여행,191,시간,NNBC
전주 여행,191,이상,NNG
전주 여행,191,걸리,VV
전주 여행,191,코스,NNG
전주 여행,191,라고,VCP+EC
전주 여행,192,알라딘,NNP
전주 여행,192,100,SN
전주 여행,192,자평,NNG
전주 여행,192,일상,NNG
전주 여행,192,고고학,NNG
전주 여행,192,혼자,MAG
전주 여행,192,지음,NNG
전주 여행,192,고양이,NNG
전주 여행,192,2020,SN
전주 여행,192,10,SN
전주 여행,192,평점,NNG
전주 여행,192,정말,MAG
전주 여행,192,도시,NNG
전주 여행,192,입니다,VCP+EF
전주 여행,192,시간,NNG
전주 여행,192,기분,NNG
전주 여행,192,어서,EC
전주 여행,192,행복,NNG
전주 여행,192,거든요,EF
전주 여행,192,코로나,NNP
전주 여행,192,때문,NNB
전주 여행,192,버렸,VX+EP
전주 여행,192,네요,EF
전주 여행,192,으로,JKB
전주 여행,192,혼자,MAG
전주 여행,192,네요,EC
전주 여행,193,파란,VA+ETM
전주 여행,193,하늘,NNG
전주 여행,193,구름,NNG
전주 여행,193,동동,MAG
전주 여행,193,아름다운,VA+ETM
전주 여행,193,신나,VV
전주 여행,193,고속도로,NNP
전주 여행,193,달려,VV+EC
전주 여행,193,간다,VV+EC
전주 여행,193,오늘,NNG
전주 여행,193,힐링,NNG
전주 여행,193,산송,NNG
전주 여행,193,한우구,NNP
전주 여행,193,언양,NNP
전주 여행,193,불고기,NNG
전주 여행,193,더덕구이,NNG
전주 여행,193,자알,MAG
전주 여행,193,이랑,JC
전주 여행,193,라떼,NNG
전주 여행,193,한잔,NNG
전주 여행,193,노천온천,NNP
전주 여행,193,으로,JKB
전주 여행,193,간다,VV+EC
전주 여행,193,파란,VA+ETM
전주 여행,193,하늘,NNG
전주 여행,194,알라딘,NNP
전주 여행,194,100,SN
전주 여행,194,자평,NNG
전주 여행,194,일상,NNG
전주 여행,194,고고학,NNG
전주 여행,194,혼자,MAG
전주 여행,194,2020,SN
전주 여행,194,10,SN
전주 여행,194,평점,NNG
전주 여행,194,매년,MAG
전주 여행,194,가을,NNG
전주 여행,194,꿈꾸,VV
전주 여행,194,지만,EC
전주 여행,194,아직,MAG
전주 여행,194,실천,NNG
전주 여행,194,사람,NNG
전주 여행,194,입니다,VCP+EF
전주 여행,194,알차,VA
전주 여행,194,느낄,VV+ETM
전주 여행,194,기대,NNG
전주 여행,194,열심히,MAG
전주 여행,194,습니다,EF
전주 여행,195,알라딘,NNP
전주 여행,195,100,SN
전주 여행,195,자평,NNG
전주 여행,195,일상,NNG
전주 여행,195,고고학,NNG
전주 여행,195,혼자,MAG
전주 여행,195,일상,NNG
전주 여행,195,고고학,NNG
전주 여행,195,혼자,MAG
전주 여행,195,개정,NNG
전주 여행,195,증보판,NNG
전주 여행,195,일상,NNG
전주 여행,195,고고학,NNG
전주 여행,195,시리즈,NNG
전주 여행,195,황윤,NNG
전주 여행,195,지음,NNG
전주 여행,195,고양이,NNG
전주 여행,195,2020,SN
전주 여행,195,10,SN
전주 여행,195,평점,NNG
전주 여행,195,지만,EC
전주 여행,195,제대로,MAG
전주 여행,195,구경,NNG
전주 여행,195,네요,EF
전주 여행,195,코로나,NNP
전주 여행,196,알라딘,NNP
전주 여행,196,100,SN
전주 여행,196,자평,NNG
전주 여행,196,일상,NNG
전주 여행,196,고고학,NNG
전주 여행,196,혼자,MAG
전주 여행,196,일상,NNG
전주 여행,196,고고학,NNG
전주 여행,196,혼자,MAG
전주 여행,196,개정,NNG
전주 여행,196,증보판,NNG
전주 여행,196,일상,NNG
전주 여행,196,고고학,NNG
전주 여행,196,시리즈,NNG
전주 여행,196,황윤,NNG
전주 여행,196,지음,NNG
전주 여행,196,고양이,NNG
전주 여행,196,2020,SN
전주 여행,196,10,SN
전주 여행,196,평점,NNG
전주 여행,196,수학,NNG
전주 여행,196,이후,NNG
전주 여행,196,못했,VX+EP
전주 여행,196,대해,VV+EC
전주 여행,196,다시,MAG
전주 여행,196,생각,NNG
전주 여행,196,네요,EC
전주 여행,197,나정,NNG
전주 여행,197,맛집,NNG
전주 여행,197,나정,NNG
전주 여행,197,라면,NNG
전주 여행,197,맛집,NNG
전주 여행,197,에도,NNP
전주 여행,197,바다,NNG
전주 여행,197,나정,NNG
전주 여행,197,스토리,NNG
전주 여행,197,올려,VV+EC
전주 여행,197,드릴께요,VX+EF
전주 여행,197,에도,NNP
전주 여행,197,바다,NNG
전주 여행,197,다는,ETM
전주 여행,197,사실,NNG
전주 여행,197,아시나,NNP
전주 여행,197,정하,VV
전주 여행,197,면서,EC
전주 여행,197,바다,NNG
전주 여행,197,남편,NNG
전주 여행,197,역사,NNG
전주 여행,197,좋아해서,VV+EC
전주 여행,197,유적지,NNG
전주 여행,197,어요,EF
전주 여행,197,그러,VV
전주 여행,198,가을,NNG
전주 여행,198,도착,NNG
전주 여행,198,오늘,NNG
전주 여행,198,작년,NNG
전주 여행,198,여름,NNG
전주 여행,198,코스,NNG
전주 여행,198,서출지,NNG
전주 여행,198,통일전,NNP
전주 여행,198,그리고,MAJ
전주 여행,198,산림,NNG
전주 여행,198,연구원,NNG
전주 여행,198,둘러보,VV
전주 여행,198,핑크,NNG
전주 여행,198,예쁜,VA+ETM
전주 여행,198,첨성대,NNG
전주 여행,198,주변,NNG
전주 여행,198,황리,NNG
전주 여행,198,구경,NNG
전주 여행,198,헉헉,MAG
전주 여행,198,점심,NNG
전주 여행,198,커피,NNG
전주 여행,198,면서,EC
전주 여행,198,돌린다,VV+EC
전주 여행,198,조금,NNG
전주 여행,198,가을,NNG
전주 여행,198,찾아오,VV
전주 여행,199,알라딘,NNP
전주 여행,199,100,SN
전주 여행,199,자평,NNG
전주 여행,199,일상,NNG
전주 여행,199,고고학,NNG
전주 여행,199,혼자,MAG
전주 여행,199,일상,NNG
전주 여행,199,고고학,NNG
전주 여행,199,혼자,MAG
전주 여행,199,개정,NNG
전주 여행,199,증보판,NNG
전주 여행,199,일상,NNG
전주 여행,199,고고학,NNG
전주 여행,199,시리즈,NNG
전주 여행,199,황윤,NNG
전주 여행,199,지음,NNG
전주 여행,199,고양이,NNG
전주 여행,199,2020,SN
전주 여행,199,10,SN
전주 여행,199,평점,NNG
전주 여행,199,수학,NNG
전주 여행,199,역사,NNG
전주 여행,199,의미,NNG
전주 여행,199,모르,VV
전주 여행,199,지나쳤,VV+EP
전주 여행,199,지만,EC
전주 여행,199,이제,NNG
전주 여행,199,풍경,NNG
전주 여행,199,하나,NR
전주 여행,199,하나,NR
전주 여행,199,에서,JKB
전주 여행,200,알라딘,NNP
전주 여행,200,100,SN
전주 여행,200,자평,NNG
전주 여행,200,일상,NNG
전주 여행,200,고고학,NNG
전주 여행,200,혼자,MAG
전주 여행,200,앞서,MAG
전주 여행,200,출간,NNG
전주 여행,200,일상,NNG
전주 여행,200,고고학,NNG
전주 여행,200,혼자,NNG
전주 여행,200,백제,NNG
전주 여행,200,이어,MAG
전주 여행,200,이번,NNG
전주 여행,200,입니다,VCP+EF
전주 여행,200,전작,NNG
전주 여행,200,백제,NNG
전주 여행,200,만족,NNG
전주 여행,200,스러웠,XSA+EP
전주 여행,200,라면,EC
전주 여행,200,이번,NNG
전주 여행,200,무조건,MAG
전주 여행,200,탑승,NNG
전주 여행,200,바랍니다,VV+EC
전주 여행,201,동궁,NNG
전주 여행,201,월지,NNG
전주 여행,201,첨성대,NNG
전주 여행,201,야경,NNG
전주 여행,201,연꽃,NNG
전주 여행,201,단지,MAG
전주 여행,201,분황사,NNG
전주 여행,201,방문,NNG
전주 여행,201,다시,MAG
전주 여행,201,남겨,VV+EC
전주 여행,201,이웃,NNG
전주 여행,201,지내,VV
전주 여행,201,나요,EF
전주 여행,201,지난주,NNG
전주 여행,201,blog,SL
전주 여행,201,naver,SL
전주 여행,201,com,SL
전주 여행,201,예전,NNG
전주 여행,201,사진,NNG
전주 여행,201,떠나,VV
전주 여행,201,진다,VX+EC
전주 여행,202,경북,NNP
전주 여행,202,천문,NNG
전주 여행,202,기상,NNG
전주 여행,202,관측대,NNG
전주 여행,202,첨성대,NNG
전주 여행,202,일자,NNG
전주 여행,202,2016,SN
전주 여행,202,인원,NNG
전주 여행,202,친구,NNG
전주 여행,202,함께,MAG
전주 여행,202,첨성대,NNG
전주 여행,202,경북,NNP
전주 여행,202,인왕동,NNP
전주 여행,202,839,SN
전주 여행,202,전화,NNG
전주 여행,202,054,SN
전주 여행,202,779,SN
전주 여행,202,8741,SN
전주 여행,202,첨성대,NNG
전주 여행,202,관람료,NNG
전주 여행,202,무료,NNG
전주 여행,202,경북,NNP
전주 여행,202,이야기,NNG
전주 여행,202,첨성대,NNG
전주 여행,202,에서,JKB
전주 여행,202,바라본,VV+ETM
전주 여행,202,대릉원,NNG
전주 여행,202,야경,NNG
전주 여행,203,데이,NNG
전주 여행,203,택시,NNG
전주 여행,203,투어,NNG
전주 여행,203,감사,NNG
전주 여행,203,합니다,XSV+EF
전주 여행,203,구매,NNG
전주 여행,203,https,SL
전주 여행,203,smartstore,SL
전주 여행,203,naver,SL
전주 여행,203,com,SL
전주 여행,203,dptour,SL
전주 여행,203,products,SL
전주 여행,203,5981873243,SN
전주 여행,203,플레이스,NNG
전주 여행,203,데이,NNG
전주 여행,203,택시,NNG
전주 여행,203,투어,NNG
전주 여행,203,돌고래,NNG
전주 여행,203,돌핀,NNG
전주 여행,203,스토어,NNG
전주 여행,203,플레이스,NNG
전주 여행,203,데이,NNG
전주 여행,203,택시,NNG
전주 여행,203,투어,NNG
전주 여행,203,smartstore,SL
전주 여행,203,naver,SL
전주 여행,203,com,SL
전주 여행,204,설레임,VV+ETN
전주 여행,204,패밀리,NNG
전주 여행,204,일상,NNG
전주 여행,204,오늘,NNG
전주 여행,204,목적지,NNG
전주 여행,204,회사,NNG
전주 여행,204,제휴,NNG
전주 여행,204,숙소,NNG
전주 여행,204,저렴,XR
전주 여행,204,예약,NNG
전주 여행,204,나선다,VV+EC
전주 여행,204,도착,NNG
전주 여행,204,자마자,EC
전주 여행,204,고파서,VA+EC
전주 여행,204,우리,NP
전주 여행,204,가족,NNG
전주 여행,204,국수집,NNG
전주 여행,204,본다,VV+EC
전주 여행,204,와이프,NNG
전주 여행,204,검색,NNG
전주 여행,204,해서,XSV+EC
전주 여행,204,찾아간,VV+ETM
전주 여행,204,갈비,NNG
전주 여행,204,국수,NNG
전주 여행,205,경북,NNP
전주 여행,205,불국사,NNG
전주 여행,205,단아,XR
전주 여행,205,정숙,XR
전주 여행,205,묻어나,VV
전주 여행,205,겹벚꽃,NNG
전주 여행,205,벚꽃,NNG
전주 여행,205,벚꽃,NNG
전주 여행,205,즐기,VV
전주 여행,205,고수,NNG
전주 여행,205,라면,VCP+EC
전주 여행,205,서둘러,VV+EC
전주 여행,205,티켓,NNG
전주 여행,205,예약,NNG
전주 여행,205,다시,MAG
전주 여행,205,들썩이,VV
전주 여행,205,지역,NNG
전주 여행,205,벚꽃,NNG
전주 여행,205,거의,MAG
전주 여행,205,떨어지,VV
전주 여행,205,불국사,NNG
전주 여행,205,겹벚꽃,NNG
전주 여행,205,으로,JKB
전주 여행,205,유명,XR
전주 여행,205,불국사,NNP
전주 여행,205,입구,NNG
전주 여행,206,보문,NNG
전주 여행,206,단지,MAG
전주 여행,206,벚꽃,NNG
전주 여행,206,보문호,NNP
전주 여행,206,반길,VV+ETM
전주 여행,206,화사,XR
전주 여행,206,선사,NNG
전주 여행,206,17,SN
전주 여행,206,최적,NNG
전주 여행,206,지이,NNG
전주 여행,206,도로,NNG
전주 여행,206,꽃길,NNG
전주 여행,206,이른,VA+ETM
전주 여행,206,시각,NNG
전주 여행,206,와야,VV+EC
전주 여행,206,제대로,MAG
전주 여행,206,힐링,NNG
전주 여행,206,만개,NNG
전주 여행,206,아름다운,VA+ETM
전주 여행,206,경관,NNG
전주 여행,206,이루,VV
전주 여행,206,보문,NNG
전주 여행,206,단지,NNG
전주 여행,206,시가지,NNG
전주 여행,206,에서,JKB
전주 여행,206,동쪽,NNG
전주 여행,206,으로,JKB
전주 여행,206,10,SN
전주 여행,206,정도,NNG
전주 여행,206,떨어진,VV+ETM
전주 여행,206,활산,NNP
전주 여행,206,성터,NNG
전주 여행,207,경북,NNP
전주 여행,207,하얀,VA+ETM
전주 여행,207,목련,NNG
전주 여행,207,대릉원,NNG
전주 여행,207,목련,NNG
전주 여행,207,풍경,NNG
전주 여행,207,최근,NNG
전주 여행,207,빼놓,VV
전주 여행,207,코스,NNG
전주 여행,207,다름,VA+ETN
전주 여행,207,아닌,VCN+ETM
전주 여행,207,야경,NNG
전주 여행,207,둘러보,VV
전주 여행,207,연인,NNG
전주 여행,207,함께,MAG
전주 여행,207,떠나,VV
전주 여행,207,당신,NP
전주 여행,207,위한,VV+ETM
전주 여행,207,야경,NNG
전주 여행,207,투어,NNG
전주 여행,207,코스,NNG
전주 여행,207,소개,NNG
전주 여행,207,한다,XSV+EC
전주 여행,207,준비,NNG
전주 여행,208,세계,NNG
전주 여행,208,문화유산,NNG
전주 여행,208,양동,NNP
전주 여행,208,마을,NNG
전주 여행,208,18,SN
전주 여행,208,29,SN
전주 여행,208,시간,NNG
전주 여행,208,떠나,VV
전주 여행,208,다면,EC
전주 여행,208,조상,NNG
전주 여행,208,모습,NNG
전주 여행,208,고스란히,MAG
전주 여행,208,간직,NNG
전주 여행,208,수백,NR
전주 여행,208,숨결,NNG
전주 여행,208,양동,NNP
전주 여행,208,마을,NNG
전주 여행,208,제격,NNG
전주 여행,208,아닐까,VCN+EC
전주 여행,208,경상북도,NNP
전주 여행,208,강동면,NNP
전주 여행,208,양동,NNP
전주 여행,208,마을,NNG
전주 여행,208,138,SN
전주 여행,208,18,SN
전주 여행,208,지번,NNG
전주 여행,208,경상북도,NNP
전주 여행,208,강동면,NNP
전주 여행,209,경북,NNP
전주 여행,209,다리,NNG
전주 여행,209,정교,NNG
전주 여행,209,18,SN
전주 여행,209,21,SN
전주 여행,209,잠시,MAG
전주 여행,209,교촌,NNG
전주 여행,209,마을,NNG
전주 여행,209,도착,NNG
전주 여행,209,행사,NNG
전주 여행,209,잠시,MAG
전주 여행,209,간다,VX+EC
전주 여행,209,최근,NNG
전주 여행,209,빼놓,VV
전주 여행,209,연인,NNG
전주 여행,209,함께,MAG
전주 여행,209,떠나,VV
전주 여행,209,당신,NP
전주 여행,209,위한,VV+ETM
전주 여행,209,야경,NNG
전주 여행,209,투어,NNG
전주 여행,209,코스,NNG
전주 여행,209,소개,NNG
전주 여행,209,한다,XSV+EC
전주 여행,209,준비,NNG
전주 여행,210,야경,NNG
전주 여행,210,이쁜,VA+ETM
전주 여행,210,안압지,NNP
전주 여행,210,첨성대,NNG
전주 여행,210,16,SN
전주 여행,210,31,SN
전주 여행,210,어울린다,VV+EC
전주 여행,210,에서,JKB
전주 여행,210,빠질,VV+ETM
전주 여행,210,관광지,NNG
전주 여행,210,하나,NR
전주 여행,210,첨성대,NNG
전주 여행,210,첨성대,NNG
전주 여행,210,신라,NNP
전주 여행,210,시대,NNG
전주 여행,210,관측,NNG
전주 여행,210,최근,NNG
전주 여행,210,빼놓,VV
전주 여행,210,코스,NNG
전주 여행,210,다름,VA+ETN
전주 여행,210,아닌,VCN+ETM
전주 여행,210,야경,NNG
전주 여행,210,둘러보,VV
전주 여행,211,에서,JKB
전주 여행,211,사람,NNG
전주 여행,211,지나치,VV
전주 여행,211,몇몇,MM
전주 여행,211,지인,NNG
전주 여행,211,경험,NNG
전주 여행,211,생각,NNG
전주 여행,211,에서,JKB
전주 여행,211,주목,NNG
전주 여행,211,장소,NNG
전주 여행,211,정리,NNG
전주 여행,211,고즈넉,XR
전주 여행,211,산사,NNG
전주 여행,211,옥천사,NNG
전주 여행,211,수학,NNG
전주 여행,211,성지,NNG
전주 여행,211,역사,NNG
전주 여행,211,탐방,NNG
전주 여행,211,중심지,NNG
전주 여행,211,알려져,VV+EC+VX+EC
전주 여행,211,지만,EC
전주 여행,211,주변,NNG
전주 여행,211,으로,JKB
전주 여행,212,14,SN
전주 여행,212,개월,NNBC
전주 여행,212,아기,NNG
전주 여행,212,후기,NNG
전주 여행,212,정글,NNG
전주 여행,212,법칙,NNG
전주 여행,212,미디어,NNG
전주 여행,212,파크,NNG
전주 여행,212,버드,NNP
전주 여행,212,파크,NNG
전주 여행,212,그래도,VV+EC
전주 여행,212,일정,NNG
전주 여행,212,온다면,VV+EC
전주 여행,212,다녀오,VV
전주 여행,212,버드,NNP
전주 여행,212,파크,NNG
전주 여행,212,위치,NNG
전주 여행,212,경북,NNP
전주 여행,212,보문,NNG
전주 여행,212,74,SN
전주 여행,212,14,SN
전주 여행,212,북군동,NNP
전주 여행,212,185,SN
전주 여행,212,전화,NNG
전주 여행,212,054,SN
전주 여행,212,777,SN
전주 여행,212,7200,SN
전주 여행,212,운영,NNG
전주 여행,212,시간,NNG
전주 여행,212,10,SN
전주 여행,212,00,SN
전주 여행,212,19,SN
전주 여행,212,00,SN
전주 여행,212,입장료,NNG
전주 여행,212,대인,NNG
전주 여행,212,20,SN
전주 여행,212,000,SN
전주 여행,212,소인,NNG
전주 여행,212,15,SN
전주 여행,212,000,SN
전주 여행,213,울산,NNP
전주 여행,213,Part,SL
전주 여행,213,동궁,NNG
전주 여행,213,월지,NNG
전주 여행,213,누리,NNG
전주 여행,213,정원,NNG
전주 여행,213,성호,NNG
전주 여행,213,리조트,NNG
전주 여행,213,장생포,NNG
전주 여행,213,고래,NNG
전주 여행,213,문화,NNG
전주 여행,213,특구,NNP
전주 여행,213,라는,VCP+ETM
전주 여행,213,이름,NNG
전주 여행,213,으로,JKB
전주 여행,213,고래,NNG
전주 여행,213,주제,NNG
전주 여행,213,다채,XR
전주 여행,213,로운,XSA+ETM
전주 여행,213,관광지,NNG
전주 여행,213,형성,NNG
전주 여행,213,는데,EC
전주 여행,213,사실,MAG
전주 여행,213,고래,MAG
전주 여행,213,박물관,NNG
전주 여행,213,이나,JC
전주 여행,213,생태,NNG
전주 여행,213,jinstistory,SL
전주 여행,213,tistory,SL
전주 여행,213,com,SL
전주 여행,213,2023,SN
전주 여행,213,08,SN
전주 여행,213,16,SN
전주 여행,213,국내,NNG
전주 여행,213,울산,NNP
전주 여행,213,Part,SL
전주 여행,214,루비,NNG
전주 여행,214,정원,NNG
전주 여행,214,연휴,NNG
전주 여행,214,에서,JKB
전주 여행,214,시작,NNG
전주 여행,214,세요,EP+EF
전주 여행,214,신청,NNG
전주 여행,214,센터,NNG
전주 여행,214,광활,XR
전주 여행,214,부지,NNG
전주 여행,214,자리,NNG
전주 여행,214,역사,NNG
전주 여행,214,마당,NNG
전주 여행,214,엄청나,VA
전주 여행,214,너른,VA+ETM
전주 여행,214,연휴,NNG
전주 여행,214,계획,NNG
전주 여행,214,계신,VX+ETM
전주 여행,214,KTX,SL
전주 여행,214,이용,NNG
전주 여행,214,어떠,XR
전주 여행,214,신지,JKS+EP+EC
전주 여행,214,Copyright,SL
전주 여행,214,2011,SN
전주 여행,214,루비,NNG
전주 여행,214,All,SL
전주 여행,214,pictures,SL
전주 여행,215,출장,NNG
전주 여행,215,깨끗,XR
전주 여행,215,조식,NNG
전주 여행,215,제공,NNG
전주 여행,215,에이치,NNG
전주 여행,215,비뉴,NNG
전주 여행,215,호텔,NNG
전주 여행,215,불국사,NNP
전주 여행,215,까지,JX
전주 여행,215,도보,NNG
전주 여행,215,15,SN
전주 여행,215,거리,NNG
전주 여행,215,어서,EC
전주 여행,215,피로,NNG
전주 여행,215,조금,NNG
전주 여행,215,이나마,JX
전주 여행,215,습니다,EF
전주 여행,215,아침,NNG
전주 여행,215,일찍,MAG
전주 여행,215,불국사,NNG
전주 여행,215,방문,NNG
전주 여행,215,한적,XR
전주 여행,215,고요,NNG
전주 여행,215,분위기,NNG
전주 여행,215,에서,JKB
전주 여행,215,산책,NNG
전주 여행,215,즐기,VV
전주 여행,215,최적,NNG
전주 여행,215,위치,NNG
전주 여행,215,습니다,EF
전주 여행,215,스테이,NNG
전주 여행,216,알라딘,NNP
전주 여행,216,100,SN
전주 여행,216,자평,NNG
전주 여행,216,일상,NNG
전주 여행,216,고고학,NNG
전주 여행,216,혼자,MAG
전주 여행,216,일상,NNG
전주 여행,216,고고학,NNG
전주 여행,216,혼자,MAG
전주 여행,216,개정,NNG
전주 여행,216,증보판,NNG
전주 여행,216,일상,NNG
전주 여행,216,고고학,NNG
전주 여행,216,시리즈,NNG
전주 여행,216,황윤,NNG
전주 여행,216,지음,NNG
전주 여행,216,고양이,NNG
전주 여행,216,2020,SN
전주 여행,216,10,SN
전주 여행,216,평점,NNG
전주 여행,216,역사,NNG
전주 여행,216,사랑,NNG
전주 여행,216,사람,NNG
전주 여행,216,으로,JKB
전주 여행,216,바라본,VV+ETM
전주 여행,216,만큼,NNB
전주 여행,216,보이,VV
전주 여행,216,사랑,NNG
전주 여행,217,20200727,SN
전주 여행,217,08,SN
전주 여행,217,02,SN
전주 여행,217,20200728,SN
전주 여행,217,2020,SN
전주 여행,217,08,SN
전주 여행,217,02,SN
전주 여행,217,20200727,SN
전주 여행,217,2020,SN
전주 여행,217,08,SN
전주 여행,217,02,SN
전주 여행,217,평화,NNG
전주 여행,217,2020,SN
전주 여행,217,07,SN
전주 여행,217,13,SN
전주 여행,217,강릉,NNP
전주 여행,217,서나,NNG
전주 여행,217,2020,SN
전주 여행,217,07,SN
전주 여행,217,08,SN
전주 여행,217,강릉,NNP
전주 여행,217,2020,SN
전주 여행,217,07,SN
전주 여행,217,08,SN
전주 여행,218,한옥,NNG
전주 여행,218,숙소,NNG
전주 여행,218,소설,NNG
전주 여행,218,첨성,NNG
전주 여행,218,대점,NNG
전주 여행,218,비향,NNP
전주 여행,218,15,SN
전주 여행,218,한옥,NNG
전주 여행,218,숙소,NNG
전주 여행,218,이름,NNG
전주 여행,218,특이,XR
전주 여행,218,소설,NNG
전주 여행,218,첨성,NNG
전주 여행,218,대점,NNG
전주 여행,218,첨성대,NNG
전주 여행,218,진짜,MAG
전주 여행,218,가까워서,VA+EC
전주 여행,218,첨성,NNG
전주 여행,218,대점,NNG
전주 여행,218,이쁘,VA
전주 여행,218,이쁜,VA+ETM
전주 여행,218,한옥,NNG
전주 여행,218,소설,NNG
전주 여행,218,너무너무,MAG
전주 여행,218,너무,MAG
전주 여행,218,인기,NNG
전주 여행,218,라서,EC
전주 여행,218,주말,NNG
전주 여행,218,으려면,EC
전주 여행,219,알라딘,NNP
전주 여행,219,황금,NNG
전주 여행,219,호두,NNG
전주 여행,219,열리,VV
전주 여행,219,무웅,NNP
전주 여행,219,함께,MAG
전주 여행,219,떠나,VV
전주 여행,219,코스,NNG
전주 여행,219,인데,VCP+EC
전주 여행,219,새로운,VA+ETM
전주 여행,219,느낌,NNG
전주 여행,219,자꾸,MAG
전주 여행,219,새로운,VA+ETM
전주 여행,219,느낌,NNG
전주 여행,219,빠져,VV+EC
전주 여행,219,는데,EC
전주 여행,219,신라,NNP
전주 여행,219,에서,JKB
전주 여행,219,아이,NNG
전주 여행,219,함께,MAG
전주 여행,219,새롭,VA
전주 여행,219,다가왔,VV+EP
전주 여행,219,한참,MAG
전주 여행,219,티비,NNG
전주 여행,219,에서,JKB
전주 여행,220,까지,JX
전주 여행,220,이동은,NNP
전주 여행,220,기차,NNG
전주 여행,220,에서,JKB
전주 여행,220,자전거,NNG
전주 여행,220,도보,NNG
전주 여행,220,버스,NNG
전주 여행,220,투어,NNG
전주 여행,220,모두,MAG
전주 여행,220,가능,NNG
전주 여행,220,코스,NNG
전주 여행,220,시내,NNG
전주 여행,220,천마총,NNG
전주 여행,220,왕릉,NNG
전주 여행,220,첨성대,NNG
전주 여행,220,계림,NNG
전주 여행,220,포석정,NNP
전주 여행,220,안압지,NNP
전주 여행,221,알라딘,NNP
전주 여행,221,100,SN
전주 여행,221,자평,NNG
전주 여행,221,일상,NNG
전주 여행,221,고고학,NNG
전주 여행,221,혼자,MAG
전주 여행,221,일상,NNG
전주 여행,221,고고학,NNG
전주 여행,221,혼자,MAG
전주 여행,221,개정,NNG
전주 여행,221,증보판,NNG
전주 여행,221,일상,NNG
전주 여행,221,고고학,NNG
전주 여행,221,시리즈,NNG
전주 여행,221,황윤,NNG
전주 여행,221,지음,NNG
전주 여행,221,고양이,NNG
전주 여행,221,한참,MAG
전주 여행,221,는데,EC
전주 여행,221,오랜만,NNG
전주 여행,221,저자,NNG
전주 여행,221,함께,MAG
전주 여행,221,걸으며,VV+EC
전주 여행,221,역사,NNG
전주 여행,221,느낌,NNG
전주 여행,221,네요,EC
전주 여행,222,감포,NNP
전주 여행,222,대말,NNG
전주 여행,222,체험,NNG
전주 여행,222,전시관,NNG
전주 여행,222,위치,NNG
전주 여행,222,경북,NNP
전주 여행,222,척사,NNG
전주 여행,222,18,SN
전주 여행,222,94,SN
전주 여행,222,운영,NNG
전주 여행,222,시간,NNG
전주 여행,222,09,SN
전주 여행,222,00,SN
전주 여행,222,18,SN
전주 여행,222,00,SN
전주 여행,222,연중무휴,NNG
전주 여행,222,대표,NNG
전주 여행,222,전화,NNG
전주 여행,222,054,SN
전주 여행,222,744,SN
전주 여행,222,3233,SN
전주 여행,222,입장료,NNG
전주 여행,222,무료,NNG
전주 여행,222,대말,NNG
전주 여행,222,체험,NNG
전주 여행,222,아이,NNG
전주 여행,222,함께,MAG
전주 여행,222,점심,NNG
전주 여행,222,시간,NNG
전주 여행,222,12,SN
전주 여행,222,00,SN
전주 여행,222,13,SN
전주 여행,222,00,SN
전주 여행,222,운영,NNG
전주 여행,223,코스,NNG
전주 여행,223,읍천항,NNP
전주 여행,223,주상,NNG
전주 여행,223,절리,NNG
전주 여행,223,파도,NNG
전주 여행,223,소리,NNG
전주 여행,223,주상,NNG
전주 여행,223,절리,NNG
전주 여행,223,제주도,NNP
전주 여행,223,만큼,JKB
전주 여행,223,이나,JX
전주 여행,223,이쁜,VA+ETM
전주 여행,223,게다가,MAG
전주 여행,223,조용,XR
전주 여행,223,읍천항,NNP
전주 여행,223,코스,NNG
전주 여행,223,읍천항,NNP
전주 여행,223,자리,NNG
전주 여행,223,주상,NNG
전주 여행,223,절리,NNG
전주 여행,223,파도,NNG
전주 여행,223,소리,NNG
전주 여행,223,주차장,NNG
전주 여행,223,갖추,VV
전주 여행,223,따라,VV+EC
전주 여행,223,등대,NNG
전주 여행,223,까지,JX
전주 여행,224,교리,NNG
전주 여행,224,김밥,NNG
전주 여행,224,맛집,NNG
전주 여행,224,면서,EC
전주 여행,224,들린,VV+ETM
전주 여행,224,김밥,NNG
전주 여행,224,남산,NNG
전주 여행,224,등산,NNG
전주 여행,224,포함,NNG
전주 여행,224,해서,XSV+EC
전주 여행,224,당일,NNG
전주 여행,224,계획,NNG
전주 여행,224,다녀왔,VV+EP
전주 여행,224,습니다,EF
전주 여행,224,코스,NNG
전주 여행,224,에선,JKB+JX
전주 여행,224,여하튼,MAJ
전주 여행,224,처럼,JKB
전주 여행,224,정도,NNG
전주 여행,224,라는,ETM
전주 여행,224,생각,NNG
전주 여행,224,네요,EF
전주 여행,224,특히나,MAG
전주 여행,224,남산,NNG
전주 여행,225,놀부,NNG
전주 여행,225,보쌈,NNG
전주 여행,225,황오,NNP
전주 여행,225,배달,NNG
전주 여행,225,후기,NNG
전주 여행,225,숙소,NNG
전주 여행,225,황남,NNG
전주 여행,225,머물,VV
전주 여행,225,어요,EF
전주 여행,225,저녁,NNG
전주 여행,225,아이,NNG
전주 여행,225,지치,VV
전주 여행,225,배민,NNG
전주 여행,225,놀부,NNG
전주 여행,225,보쌈,NNG
전주 여행,225,검색,NNG
전주 여행,225,황오,NNP
전주 여행,225,에서,JKB
전주 여행,225,배달,NNG
전주 여행,225,가능,NNG
전주 여행,225,다고,EC
전주 여행,225,나오,VV
전주 여행,225,네요,EF
전주 여행,225,저희,NP
전주 여행,225,황남,NNG
전주 여행,225,머물,VV
전주 여행,225,때문,NNB
전주 여행,226,안녕,IC
전주 여행,226,2014,SN
전주 여행,226,2014,SN
전주 여행,226,그냥,MAG
전주 여행,226,보내,VV
전주 여행,226,아쉬워서,VA+EC
전주 여행,226,기차,NNG
전주 여행,226,떠났,VV+EP
전주 여행,226,일전,NNG
전주 여행,226,크리스마스,NNG
전주 여행,226,오늘,NNG
전주 여행,226,안녕,NNG
전주 여행,226,2014,SN
전주 여행,226,이번,NNG
전주 여행,226,럭셔리,XR
전주 여행,226,컨셉,NNG
전주 여행,226,으로,JKB
전주 여행,226,호텔,NNG
전주 여행,226,에서,JKB
전주 여행,227,알라딘,NNP
전주 여행,227,서재,NNP
전주 여행,227,이야기,NNG
전주 여행,227,일상,NNG
전주 여행,227,고고학,NNG
전주 여행,227,혼자,MAG
전주 여행,227,무대,NNG
전주 여행,227,에세이,NNG
전주 여행,227,만날,VV+ETM
전주 여행,227,으로,JKB
전주 여행,227,에서,JKB
전주 여행,227,유명,XR
전주 여행,227,문화재,NNG
전주 여행,227,대한,VV+ETM
전주 여행,227,사전,NNG
전주 여행,227,지식,NNG
전주 여행,227,줄줄,MAG
전주 여행,227,얼마,NNG
전주 여행,227,든지,VCP+EC
전주 여행,227,재미있,VA
전주 여행,227,의미,NNG
전주 여행,228,알라딘,NNP
전주 여행,228,100,SN
전주 여행,228,자평,NNG
전주 여행,228,일상,NNG
전주 여행,228,고고학,NNG
전주 여행,228,혼자,MAG
전주 여행,228,일상,NNG
전주 여행,228,고고학,NNG
전주 여행,228,혼자,MAG
전주 여행,228,개정,NNG
전주 여행,228,증보판,NNG
전주 여행,228,일상,NNG
전주 여행,228,고고학,NNG
전주 여행,228,시리즈,NNG
전주 여행,228,황윤,NNG
전주 여행,228,지음,NNG
전주 여행,228,고양이,NNG
전주 여행,228,대한,VV+ETM
전주 여행,228,깊이,MAG
전주 여행,228,이야기,NNG
전주 여행,228,호기심,NNG
전주 여행,228,해줍니다,XSV+EC+VX+EF
전주 여행,228,100,SN
전주 여행,228,다니,EC
전주 여행,228,정말,MAG
전주 여행,228,대단,XR
전주 여행,228,습니다,EF
전주 여행,229,알라딘,NNP
전주 여행,229,100,SN
전주 여행,229,자평,NNG
전주 여행,229,일상,NNG
전주 여행,229,고고학,NNG
전주 여행,229,혼자,MAG
전주 여행,229,일상,NNG
전주 여행,229,고고학,NNG
전주 여행,229,혼자,MAG
전주 여행,229,개정,NNG
전주 여행,229,증보판,NNG
전주 여행,229,일상,NNG
전주 여행,229,고고학,NNG
전주 여행,229,시리즈,NNG
전주 여행,229,황윤,NNG
전주 여행,229,지음,NNG
전주 여행,229,고양이,NNG
전주 여행,229,2020,SN
전주 여행,229,10,SN
전주 여행,229,평점,NNG
전주 여행,229,신라,NNP
전주 여행,229,마니아,NNG
전주 여행,229,로부터,JKB
전주 여행,229,기라,NNG
전주 여행,229,관심,NNG
전주 여행,229,가요,NNG
전주 여행,229,고고학,NNG
전주 여행,229,관점,NNG
전주 여행,229,으로,JKB
전주 여행,230,석빙고,NNG
전주 여행,230,색다른,VA+ETM
전주 여행,230,볼거리,NNG
전주 여행,230,근처,NNG
전주 여행,230,안압,NNG
전주 여행,230,색다른,VA+ETM
전주 여행,230,볼거리,NNG
전주 여행,230,석빙고,NNG
전주 여행,230,이번,NNG
전주 여행,230,에서,JKB
전주 여행,230,다녀온,VV+ETM
전주 여행,230,석빙고,NNG
전주 여행,230,입니다,VCP+EF
전주 여행,230,석빙고,NNG
전주 여행,230,영조,NNG
전주 여행,230,만들,VV
전주 여행,230,일종,NNG
전주 여행,230,얼음,NNG
전주 여행,230,창고,NNG
전주 여행,230,근처,NNG
전주 여행,230,첨성대,NNG
전주 여행,230,비롯,XR
전주 여행,230,몰려,VV+EC
전주 여행,230,어서,EC
전주 여행,230,함께,MAG
전주 여행,231,가본,NNG
전주 여행,231,동궁,NNG
전주 여행,231,예쁜,VA+ETM
전주 여행,231,만나,VV
전주 여행,231,커피,NNG
전주 여행,231,열매,NNG
전주 여행,231,으면서,EC
전주 여행,231,노천온천,NNP
전주 여행,231,행복,NNG
전주 여행,232,황리,NNG
전주 여행,232,보문,NNG
전주 여행,232,단지,MAG
전주 여행,232,왕릉,NNG
전주 여행,232,탐방,NNG
전주 여행,232,데이트,NNG
전주 여행,232,코스,NNG
전주 여행,232,https,SL
전주 여행,232,youtu,SL
전주 여행,232,be,SL
전주 여행,232,nZzijKooIk,SL
전주 여행,232,황리,NNG
전주 여행,232,예쁘,VA
전주 여행,232,마음,NNG
전주 여행,232,낭만,NNG
전주 여행,232,으로,JKB
전주 여행,232,차오르,VV
전주 여행,232,경상도,NNP
전주 여행,232,에서,JKB
전주 여행,232,흔치,VA+EC
전주 여행,232,거리,NNG
전주 여행,232,바로,MAG
전주 여행,232,유적지,NNG
전주 여행,232,오래,MAG
전주 여행,232,한옥,NNG
전주 여행,232,고도,NNG
전주 여행,232,사뭇,MAG
전주 여행,232,어울리,VV
전주 여행,232,면서도,EC
전주 여행,233,밀면,NNP
전주 여행,233,에서,JKB
전주 여행,233,맛보,VV
전주 여행,233,가격,NNG
전주 여행,233,착해,VA+EC
전주 여행,233,5000,SN
전주 여행,233,비빔,NNG
전주 여행,233,물밀,VV
전주 여행,233,5000,SN
전주 여행,233,떡갈비,NNG
전주 여행,233,2000,SN
전주 여행,233,12,SN
전주 여행,233,000,SN
전주 여행,233,밥상,NNG
전주 여행,233,그리고,MAJ
전주 여행,233,뜨거운,VA+ETM
전주 여행,233,육수,NNG
전주 여행,233,까지,JX
전주 여행,233,평가,NNG
전주 여행,233,입맛,NNG
전주 여행,233,따라,VV+EC
전주 여행,233,취향,NNG
전주 여행,233,따루,MAG
전주 여행,233,따루,MAG
전주 여행,234,엑스,NNG
전주 여행,234,포대,NNG
전주 여행,234,공원,NNG
전주 여행,234,2025,SN
전주 여행,234,08,SN
전주 여행,234,16,SN
전주 여행,234,푸른,VA+ETM
전주 여행,234,애벌레,NNG
전주 여행,234,둘째,NR
전주 여행,234,보문호,NNP
전주 여행,234,주변,NNG
전주 여행,234,10,SN
전주 여행,234,엑스,NNG
전주 여행,234,포대,NNG
전주 여행,234,공원,NNG
전주 여행,234,입장,NNG
전주 여행,234,엑스포,NNG
전주 여행,234,기념관,NNG
전주 여행,234,천마,NNG
전주 여행,234,궁전,NNG
전주 여행,234,타워,NNG
전주 여행,234,솔거,NNG
전주 여행,234,미술관,NNG
전주 여행,234,자연사,NNG
전주 여행,234,박물관,NNG
전주 여행,235,2020,SN
전주 여행,235,동방역,NNP
전주 여행,235,능소화,NNG
전주 여행,235,서출지,NNG
전주 여행,235,경북,NNP
전주 여행,235,산림,NNG
전주 여행,235,연구원,NNG
전주 여행,235,2020,SN
전주 여행,235,25,SN
전주 여행,235,동방역,NNP
전주 여행,235,능소화,NNG
전주 여행,235,서출지,NNG
전주 여행,235,경북,NNP
전주 여행,235,산림,NNG
전주 여행,235,연구원,NNG
전주 여행,236,모녀,NNG
전주 여행,236,함께,MAG
전주 여행,236,바보,NNG
전주 여행,236,블로그,NNG
전주 여행,236,모녀,NNG
전주 여행,236,함께,MAG
전주 여행,236,2019,SN
전주 여행,236,10,SN
전주 여행,236,15,SN
전주 여행,236,첨성대,NNG
전주 여행,236,야생,NNG
전주 여행,236,단지,MAG
전주 여행,236,계림,NNG
전주 여행,236,월지,NNG
전주 여행,236,안압지,NNP
전주 여행,236,계림,NNP
전주 여행,236,월지,NNP
전주 여행,236,안압지,NNP
전주 여행,236,야경,NNG
전주 여행,236,박물관,NNG
전주 여행,236,10,SN
전주 여행,236,16,SN
전주 여행,236,김유신,NNP
전주 여행,236,장군,NNG
전주 여행,237,석굴암,NNG
전주 여행,237,2018,SN
전주 여행,237,10,SN
전주 여행,238,알라딘,NNP
전주 여행,238,100,SN
전주 여행,238,자평,NNG
전주 여행,238,일상,NNG
전주 여행,238,고고학,NNG
전주 여행,238,혼자,MAG
전주 여행,238,일상,NNG
전주 여행,238,고고학,NNG
전주 여행,238,혼자,MAG
전주 여행,238,개정,NNG
전주 여행,238,증보판,NNG
전주 여행,238,일상,NNG
전주 여행,238,고고학,NNG
전주 여행,238,시리즈,NNG
전주 여행,238,황윤,NNG
전주 여행,238,지음,NNG
전주 여행,238,고양이,NNG
전주 여행,238,2020,SN
전주 여행,238,10,SN
전주 여행,238,평점,NNG
전주 여행,238,삼국,NNG
전주 여행,238,시대,NNG
전주 여행,238,관한,VV+ETM
전주 여행,238,거의,MAG
전주 여행,238,모든,MM
전주 여행,238,자료,NNG
전주 여행,238,섭렵,NNG
전주 여행,238,소장,NNG
전주 여행,238,역사,NNG
전주 여행,238,학자,NNG
전주 여행,238,순수,NNG
전주 여행,238,시각,NNG
전주 여행,238,생생,XR
전주 여행,239,알라딘,NNP
전주 여행,239,일상,NNG
전주 여행,239,고고학,NNG
전주 여행,239,혼자,MAG
전주 여행,239,일상,NNG
전주 여행,239,고고학,NNG
전주 여행,239,혼자,MAG
전주 여행,239,개정,NNG
전주 여행,239,증보판,NNG
전주 여행,239,일상,NNG
전주 여행,239,고고학,NNG
전주 여행,239,시리즈,NNG
전주 여행,239,황윤,NNG
전주 여행,239,지음,NNG
전주 여행,239,고양이,NNG
전주 여행,239,2020,SN
전주 여행,239,10,SN
전주 여행,239,평점,NNG
전주 여행,239,수학,NNG
전주 여행,239,으로,JKB
전주 여행,239,추억,NNG
전주 여행,239,다시,MAG
전주 여행,239,한번,MAG
전주 여행,239,역사,NNG
전주 여행,239,그렇,VA
전주 여행,239,수록,EC
전주 여행,240,경비,NNG
전주 여행,240,혼자,NNG
전주 여행,240,떠난,VV+ETM
전주 여행,240,이동,NNG
전주 여행,240,수단,NNG
전주 여행,240,시외버스,NNG
전주 여행,240,버스,NNG
전주 여행,240,택시,NNG
전주 여행,240,시티투어,NNP
전주 여행,240,버스,NNG
전주 여행,240,Total,SL
전주 여행,240,13,SN
전주 여행,240,140,SN
전주 여행,240,기타,NNG
전주 여행,240,생필품,NNG
전주 여행,240,샴푸,NNG
전주 여행,240,린스,NNG
전주 여행,240,바디,NNG
전주 여행,240,워시,NNP
전주 여행,240,버블,NNG
전주 여행,240,490,SN
전주 여행,240,Total,SL
전주 여행,240,경비,NNG
전주 여행,240,148,SN
전주 여행,240,080,SN
전주 여행,241,경북,NNP
전주 여행,241,현대,NNG
전주 여행,241,호텔,NNG
전주 여행,241,현대,NNP
전주 여행,241,호텔,NNG
전주 여행,241,현대,NNG
전주 여행,241,호텔,NNG
전주 여행,241,보문,NNP
전주 여행,241,수상,NNG
전주 여행,241,공연장,NNG
전주 여행,241,보문관광단지,NNP
전주 여행,241,보문호,NNP
전주 여행,241,반길,VV+ETM
전주 여행,241,신라,NNP
전주 여행,241,컨트리클럽,NNG
전주 여행,241,숙박,NNG
전주 여행,241,현대,NNG
전주 여행,241,호텔,NNG
전주 여행,241,방문,NNG
전주 여행,241,일자,NNG
전주 여행,241,2016,SN
전주 여행,241,현대,NNG
전주 여행,241,호텔,NNG
전주 여행,241,경북,NNP
전주 여행,241,신평동,NNP
전주 여행,242,석굴암,NNG
전주 여행,242,불국사,NNG
전주 여행,242,09,SN
전주 여행,242,43,SN
전주 여행,242,석굴암,NNG
전주 여행,242,불국사,NNG
전주 여행,242,일시,NNG
전주 여행,242,2011,SN
전주 여행,242,22,SN
전주 여행,242,24,SN
전주 여행,242,장소,NNG
전주 여행,242,세째,NR
전주 여행,242,24,SN
전주 여행,242,석굴암,NNG
전주 여행,242,불국사,NNG
전주 여행,242,참여,NNG
전주 여행,242,우리,NP
전주 여행,242,가족,NNG
전주 여행,242,송국영,NNP
전주 여행,242,안종,NNP
전주 여행,242,송진주,NNP
전주 여행,242,김홍식,NNP
전주 여행,242,김연우,NNP
전주 여행,242,연주,NNP
전주 여행,242,조광민,NNP
전주 여행,243,대릉원,NNG
전주 여행,243,스탬프,NNG
전주 여행,243,투어,NNG
전주 여행,243,다섯,NR
전주 여행,243,이야기,NNG
전주 여행,243,대릉원,NNG
전주 여행,243,천마,NNG
전주 여행,243,경북,NNP
전주 여행,243,스탬프,NNG
전주 여행,243,투어,NNG
전주 여행,243,오릉,NNG
전주 여행,243,대릉원,NNG
전주 여행,243,천마총,NNG
전주 여행,243,오릉,NNG
전주 여행,243,교촌,NNG
전주 여행,243,마을,NNG
전주 여행,243,투어,NNG
전주 여행,243,마치,VV
전주 여행,243,다음,NNG
전주 여행,243,으로,JKB
전주 여행,243,찾아간,VV+ETM
전주 여행,243,바로,MAG
전주 여행,243,오릉,NNG
전주 여행,243,교촌,NNG
전주 여행,243,마을,NNG
전주 여행,243,면서,EC
전주 여행,243,조금,MAG
전주 여행,243,지치,VV
전주 여행,243,느낌,NNG
전주 여행,243,는데,EC
전주 여행,244,유적지,NNG
전주 여행,244,트레,NNP
전주 여행,244,대상지,NNG
전주 여행,244,유적지,NNG
전주 여행,244,트레,NNP
전주 여행,244,소재지,NNG
전주 여행,244,경북,NNP
전주 여행,244,2023,SN
전주 여행,244,10,SN
전주 여행,244,동궁,NNG
전주 여행,244,월지,NNG
전주 여행,244,반월,NNG
전주 여행,244,교촌,NNG
전주 여행,244,대릉원,NNG
전주 여행,244,44,SN
전주 여행,244,고분,NNG
전주 여행,244,분황사,NNG
전주 여행,244,황룡사,NNG
전주 여행,244,역사,NNG
전주 여행,244,문화원,NNG
전주 여행,244,동궁,NNG
전주 여행,244,월지,NNG
전주 여행,244,주차장,NNG
전주 여행,244,Km,SL
전주 여행,244,반월,NNG
전주 여행,244,에서,JKB
전주 여행,245,동궁,NNG
전주 여행,245,월지,NNG
전주 여행,245,안압지,NNP
전주 여행,245,야경,NNG
전주 여행,245,해외,NNG
전주 여행,245,이야기,NNG
전주 여행,245,후기,NNG
전주 여행,245,동궁,NNG
전주 여행,245,월지,NNG
전주 여행,245,안압지,NNP
전주 여행,245,야경,NNG
전주 여행,245,훌리아,NNP
전주 여행,245,2020,SN
전주 여행,245,25,SN
전주 여행,245,15,SN
전주 여행,245,17,SN
전주 여행,245,2019,SN
전주 여행,245,여름,NNG
전주 여행,245,사진,NNG
전주 여행,245,보관,NNG
전주 여행,245,구독,NNG
전주 여행,245,해외,NNG
전주 여행,245,이야기,NNG
전주 여행,245,후기,NNG
전주 여행,245,Related,SL
전주 여행,245,Articles,SL
전주 여행,246,2020,SN
전주 여행,246,06,SN
전주 여행,246,13,SN
전주 여행,246,14,SN
전주 여행,246,일요일,NNG
전주 여행,246,오전,NNG
전주 여행,246,오후,NNG
전주 여행,246,에서,JKB
전주 여행,246,고향,NNG
전주 여행,246,친구,NNG
전주 여행,246,함께,MAG
전주 여행,246,신라,NNP
전주 여행,246,대종,NNG
전주 여행,246,장맛비,NNG
전주 여행,246,시작,NNG
전주 여행,246,육월,NNP
전주 여행,246,중순,NNG
전주 여행,246,고향,NNG
전주 여행,246,친구,NNG
전주 여행,246,함께,MAG
전주 여행,246,에서,JKB
전주 여행,246,즐거운,VA+ETM
전주 여행,246,대릉원,NNG
전주 여행,246,돌담길,NNP
전주 여행,246,황리,NNG
전주 여행,247,이야기,NNG
전주 여행,247,계명,NNG
전주 여행,247,대학교,NNG
전주 여행,247,동산,NNG
전주 여행,247,병원,NNG
전주 여행,247,라고,EC
전주 여행,247,일자,NNG
전주 여행,247,2016,SN
전주 여행,247,인원,NNG
전주 여행,247,친구,NNG
전주 여행,247,함께,MAG
전주 여행,247,시외버스,NNG
전주 여행,247,터미널,NNG
전주 여행,247,경북,NNP
전주 여행,247,노서동,NNP
전주 여행,247,160,SN
전주 여행,247,전화,NNG
전주 여행,247,1666,SN
전주 여행,247,5599,SN
전주 여행,247,시외버스,NNG
전주 여행,247,터미널,NNG
전주 여행,248,알라딘,NNP
전주 여행,248,100,SN
전주 여행,248,자평,NNG
전주 여행,248,일상,NNG
전주 여행,248,고고학,NNG
전주 여행,248,혼자,MAG
전주 여행,248,일상,NNG
전주 여행,248,고고학,NNG
전주 여행,248,혼자,MAG
전주 여행,248,개정,NNG
전주 여행,248,증보판,NNG
전주 여행,248,일상,NNG
전주 여행,248,고고학,NNG
전주 여행,248,시리즈,NNG
전주 여행,248,황윤,NNG
전주 여행,248,지음,NNG
전주 여행,248,고양이,NNG
전주 여행,248,재미있,VA
전주 여행,248,길잡이,NNG
전주 여행,248,입니다,VCP+EF
전주 여행,248,풍부,XR
전주 여행,248,이해,NNG
전주 여행,249,코스,NNG
전주 여행,249,베스트,NNG
전주 여행,249,추천,NNG
전주 여행,249,top,SL
전주 여행,249,10,SN
전주 여행,249,코스,NNG
전주 여행,249,베스트,NNG
전주 여행,249,추천,NNG
전주 여행,249,top,SL
전주 여행,249,10,SN
전주 여행,249,코스,NNG
전주 여행,249,베스트,NNG
전주 여행,249,추천,NNG
전주 여행,249,top,SL
전주 여행,249,10,SN
전주 여행,249,소개,NNG
전주 여행,249,합니다,XSV+EC
전주 여행,249,황리,NNG
전주 여행,249,상호,NNG
전주 여행,249,황리,NNG
전주 여행,249,주소,NNG
전주 여행,249,경상북도,NNP
전주 여행,249,황남동,NNP
전주 여행,249,280,SN
전주 여행,249,전화,NNG
전주 여행,249,번호,NNG
전주 여행,249,입력,NNG
전주 여행,249,관련,NNG
전주 여행,249,키워드,NNP
전주 여행,249,키워드,NNP
전주 여행,250,코스,NNG
전주 여행,250,뚜벅,MAG
전주 여행,250,불국사,NNP
전주 여행,250,석굴암,NNG
전주 여행,250,중교,NNG
전주 여행,250,naver,SL
전주 여행,250,com,SL
전주 여행,250,loveartlove,SL
전주 여행,250,223054447834,SN
전주 여행,250,다시,MAG
전주 여행,250,서울,NNP
전주 여행,250,올라갈,VV+ETM
전주 여행,250,불국사,NNP
전주 여행,250,불국사,NNP
전주 여행,250,국보,NNG
전주 여행,250,다보탑,NNG
전주 여행,250,석가탑,NNG
전주 여행,250,석굴암,NNG
전주 여행,250,입장료,NNG
전주 여행,251,불국사,NNG
전주 여행,251,스탬프,NNG
전주 여행,251,투어,NNG
전주 여행,251,이야기,NNG
전주 여행,251,불국사,NNP
전주 여행,251,석굴암,NNG
전주 여행,251,경북,NNP
전주 여행,251,스탬프,NNG
전주 여행,251,투어,NNG
전주 여행,251,가을,NNG
전주 여행,251,불국사,NNG
전주 여행,251,석굴암,NNG
전주 여행,251,동리,NNG
전주 여행,251,문학관,NNG
전주 여행,251,구경,NNG
전주 여행,251,마치,VV
전주 여행,251,다음,NNG
전주 여행,251,으로,JKB
전주 여행,251,장소,NNG
전주 여행,251,핵심,NNG
전주 여행,251,메카,NNP
전주 여행,251,바로,MAG
전주 여행,251,불국사,NNP
전주 여행,251,석굴암,NNG
전주 여행,252,황리,NNG
전주 여행,252,한옥,NNG
전주 여행,252,카페,NNG
전주 여행,252,추천,NNG
전주 여행,252,카페,NNP
전주 여행,252,아덴,NNP
전주 여행,252,카페,NNP
전주 여행,252,아덴,NNP
전주 여행,252,위치,NNG
전주 여행,252,경북,NNP
전주 여행,252,사정,NNG
전주 여행,252,57,SN
전주 여행,252,운영,NNG
전주 여행,252,시간,NNG
전주 여행,252,매일,MAG
전주 여행,252,10,SN
전주 여행,252,와서,VV+EC
전주 여행,252,으로,JKB
전주 여행,252,채울,VV+ETM
전주 여행,252,어서,EC
전주 여행,252,어요,EF
전주 여행,252,실시간,NNG
전주 여행,252,예보,NNG
전주 여행,252,너무,MAG
전주 여행,252,커피,NNG
전주 여행,252,아덴,NNP
전주 여행,252,시그,NNP
전주 여행,253,알라딘,NNP
전주 여행,253,100,SN
전주 여행,253,자평,NNG
전주 여행,253,일상,NNG
전주 여행,253,고고학,NNG
전주 여행,253,혼자,MAG
전주 여행,253,일상,NNG
전주 여행,253,고고학,NNG
전주 여행,253,혼자,MAG
전주 여행,253,개정,NNG
전주 여행,253,증보판,NNG
전주 여행,253,일상,NNG
전주 여행,253,고고학,NNG
전주 여행,253,시리즈,NNG
전주 여행,253,황윤,NNG
전주 여행,253,지음,NNG
전주 여행,253,고양이,NNG
전주 여행,253,2020,SN
전주 여행,253,10,SN
전주 여행,253,평점,NNG
전주 여행,253,대한,VV+ETM
전주 여행,253,아름다움,VA+ETN
전주 여행,253,느낄,VV+ETM
전주 여행,253,기대,NNG
전주 여행,253,됩니다,XSV+EC
전주 여행,254,알라딘,NNP
전주 여행,254,서재,NNP
전주 여행,254,필수,NNG
전주 여행,254,필요,NNG
전주 여행,254,지식,NNG
전주 여행,254,설명,NNG
전주 여행,254,이해,NNG
전주 여행,254,사진,NNG
전주 여행,254,정보,NNG
전주 여행,254,가득,MAG
전주 여행,254,서울,NNP
전주 여행,254,이어,MAG
전주 여행,254,역사,NNG
전주 여행,254,꿈꾸,VV
전주 여행,254,한옥,NNG
전주 여행,254,에서,JKB
전주 여행,254,독서,NNG
전주 여행,254,모임,NNG
전주 여행,254,다가,EC
전주 여행,254,바로,MAG
전주 여행,254,주문,NNG
전주 여행,254,역사,NNG
전주 여행,254,예정,NNG
전주 여행,255,에서,JKB
전주 여행,255,걸어서,VV+EC
전주 여행,255,대릉원,NNG
전주 여행,255,까지,JX
전주 여행,255,대릉원,NNG
전주 여행,255,담장,NNG
전주 여행,255,2018,SN
전주 여행,255,11,SN
전주 여행,255,이번,NNG
전주 여행,255,천천히,MAG
전주 여행,255,걸으며,VV+EC
전주 여행,255,가을,NNG
전주 여행,255,만끽,NNG
전주 여행,255,컨셉,NNG
전주 여행,255,마침,MAG
전주 여행,255,가을,NNG
전주 여행,255,분위기,NNG
전주 여행,255,한껏,MAG
전주 여행,255,고조,NNG
전주 여행,255,시켜,XSV+EC
전주 여행,255,벚나무,NNG
전주 여행,255,좌우,NNG
전주 여행,255,어서,EC
전주 여행,255,마다,JX
전주 여행,255,가지,VV
전주 여행,255,와서,VV+EC
전주 여행,256,Knowledge,SL
전주 여행,256,Box,SL
전주 여행,256,슈만,NNP
전주 여행,256,클라라,NNP
전주 여행,256,도착,NNG
전주 여행,256,제일,MAG
전주 여행,256,먼저,MAG
전주 여행,256,슈만,NNP
전주 여행,256,클라라,NNP
전주 여행,256,라는,VCP+ETM
전주 여행,256,cafe,SL
전주 여행,256,위치,NNG
전주 여행,256,요기,NP
전주 여행,256,여기,NP
전주 여행,256,버스,NNG
전주 여행,256,려고,EC
전주 여행,256,는데,EC
전주 여행,256,버스,NNG
전주 여행,256,너무,MAG
전주 여행,256,와서,VV+EC
전주 여행,256,택시,NNG
전주 여행,256,그러나,MAJ
전주 여행,256,다음,NNG
전주 여행,256,문제,NNG
전주 여행,256,계속,MAG
전주 여행,257,2303,SN
전주 여행,257,봄꽃,NNG
전주 여행,257,습니다,EF
전주 여행,257,벌써,MAG
전주 여행,257,마지막,NNG
전주 여행,257,월요일,NNG
전주 여행,257,찾아간,VV+ETM
전주 여행,257,벚꽃,NNG
전주 여행,257,상춘객,NNG
전주 여행,257,으로,JKB
전주 여행,257,많이,MAG
전주 여행,257,붐볐,VV+EP
전주 여행,257,습니다,EF
전주 여행,257,에서,JKB
전주 여행,257,점심,NNG
전주 여행,257,집사람,NNG
전주 여행,257,국도,NNG
전주 여행,257,천천히,MAG
전주 여행,257,올라가,VV
전주 여행,257,곳곳,NNG
전주 여행,257,벚꽃,NNG
전주 여행,257,자랑,NNG
전주 여행,257,열중,NNG
전주 여행,258,황리,NNG
전주 여행,258,맛집,NNG
전주 여행,258,여도,NNG
전주 여행,258,영업,NNG
전주 여행,258,종료,NNG
전주 여행,258,오늘,NNG
전주 여행,258,맛집,NNG
전주 여행,258,황리,NNG
전주 여행,258,맛집,NNG
전주 여행,258,여주,NNG
전주 여행,258,이야기,NNG
전주 여행,258,함께,MAG
전주 여행,258,해요,VV+EF
전주 여행,258,다만,MAJ
전주 여행,258,현재,MAG
전주 여행,258,여도,NNG
전주 여행,258,다는,ETM
전주 여행,258,저희,NP
전주 여행,258,기록,NNG
전주 여행,258,해서,VV+EC
전주 여행,258,그냥,MAG
전주 여행,258,포스팅,NNP
전주 여행,258,진행,NNG
전주 여행,258,참고,NNG
전주 여행,258,세요,EP+EF
전주 여행,258,한옥,NNP
전주 여행,258,외관,NNG
전주 여행,258,눈길,NNG
전주 여행,259,황리,NNG
전주 여행,259,주전부리,NNG
전주 여행,259,황금,NNG
전주 여행,259,황남,NNG
전주 여행,259,옥수수,NNG
전주 여행,259,청년,NNG
전주 여행,259,분식,NNG
전주 여행,259,황리,NNG
전주 여행,259,주전부리,NNG
전주 여행,259,저녁,NNG
전주 여행,259,출출,XR
전주 여행,259,해서,XSA+EC
전주 여행,259,황리,NNG
전주 여행,259,주전부리,NNG
전주 여행,259,우선,MAG
전주 여행,259,급한,VA+ETM
전주 여행,259,결론,NNG
전주 여행,259,부터,JX
전주 여행,259,자면,EC
전주 여행,259,청년,NNG
전주 여행,259,분식,NNG
전주 여행,259,황남,NNG
전주 여행,259,옥수수,NNG
전주 여행,259,모두,MAG
전주 여행,259,아쉽,VA
전주 여행,259,청년,NNG
전주 여행,259,분식,NNG
전주 여행,259,쥬얼,NNP
전주 여행,259,우릴,VV+ETM
전주 여행,259,유혹,NNG
전주 여행,259,뭔가,NP+VCP+EC
전주 여행,260,13,SN
전주 여행,260,성동,NNG
전주 여행,260,시장,NNG
전주 여행,260,구경,NNG
전주 여행,260,가을,NNG
전주 여행,260,기차,NNG
전주 여행,260,피날레,NNG
전주 여행,260,2018,SN
전주 여행,260,11,SN
전주 여행,260,즐거웠,VA+EP
전주 여행,260,가을,NNG
전주 여행,260,기차,NNG
전주 여행,260,단풍,NNG
전주 여행,260,맘껏,MAG
전주 여행,260,누리,VV
전주 여행,260,돌아가,VV
전주 여행,260,노란,VA+ETM
전주 여행,260,은행,NNG
전주 여행,260,낙엽,NNG
전주 여행,260,올려,VV+EC
전주 여행,260,어야,EC
전주 여행,260,는데,EC
전주 여행,260,언니,NNG
전주 여행,260,수고,NNG
전주 여행,260,어염,EF
전주 여행,260,숙소,NNG
전주 여행,260,변경,NNG
전주 여행,260,지도자,NNG
전주 여행,260,언니,NNG
전주 여행,260,짝짝,MAG
전주 여행,261,첨성대,NNG
전주 여행,261,대릉원,NNG
전주 여행,261,주차,NNG
전주 여행,261,주차장,NNG
전주 여행,261,대릉원,NNG
전주 여행,261,주차장,NNG
전주 여행,261,여기,NP
전주 여행,261,매표,NNG
전주 여행,261,해야,VV+EC
전주 여행,261,들어갈,VV+ETM
전주 여행,261,어서,EC
전주 여행,261,그냥,MAG
전주 여행,261,혼자,NNG
전주 여행,261,굳이,MAG
전주 여행,261,들어갈,VV+ETM
전주 여행,261,필요,NNG
전주 여행,261,느꼈,VV+EP
전주 여행,261,네요,EF
전주 여행,261,편하,VA
전주 여행,261,드라이브,NNG
전주 여행,261,둘러본,VV+ETM
전주 여행,261,그리고,MAJ
전주 여행,261,그곳,NP
전주 여행,261,에서,JKB
전주 여행,261,만난,VV+ETM
전주 여행,261,첨성대,NNG
전주 여행,262,안녕,IC
전주 여행,262,2014,SN
전주 여행,262,2014,SN
전주 여행,262,마지막,NNG
전주 여행,262,에서,JKB
전주 여행,262,멋진,VA+ETM
전주 여행,262,선물,NNG
전주 여행,262,눈발,NNG
전주 여행,262,날리,VV
전주 여행,262,시작,NNG
전주 여행,262,한다,XSV+EF
전주 여행,262,그리고,MAJ
전주 여행,262,금방,MAG
전주 여행,262,하얀,VA+ETM
전주 여행,262,세상,NNG
전주 여행,262,으로,JKB
전주 여행,262,변한다,VV+EC
전주 여행,262,눈길,NNG
전주 여행,262,산책,NNG
전주 여행,262,불국사,NNP
전주 여행,262,에서,JKB
전주 여행,262,기차,NNG
전주 여행,262,마무리,NNG
전주 여행,262,한다,XSV+EF
전주 여행,262,다시,MAG
전주 여행,262,화창,XR
전주 여행,262,해진,XSA+EC+VX+ETM
전주 여행,262,하늘,NNG
전주 여행,263,야경,NNG
전주 여행,263,다른,MM
전주 여행,263,매력,NNG
전주 여행,263,정교,NNG
전주 여행,263,분위기,NNG
전주 여행,263,저녁,NNG
전주 여행,263,정교,NNG
전주 여행,263,방문,NNG
전주 여행,263,추천,NNG
전주 여행,263,드립니다,VV+EF
전주 여행,263,켜진,VV+ETM
전주 여행,263,정교,NNG
전주 여행,263,신나,VV
전주 여행,263,사진,NNG
전주 여행,263,정교,NNG
전주 여행,263,야경,NNG
전주 여행,263,마지막,NNG
전주 여행,263,으로,JKB
전주 여행,263,떠나갑니다,VV+EF
전주 여행,263,여기,NP
전주 여행,263,신라,NNP
전주 여행,263,니까,VCP+EC
전주 여행,263,신라,NNP
전주 여행,263,해장국,NNG
전주 여행,263,즐거웠,VA+EP
전주 여행,263,습니다,EF
전주 여행,264,황남,NNG
전주 여행,264,맷돌,NNG
전주 여행,264,순두부,NNG
전주 여행,264,두부,NNG
전주 여행,264,보쌈,NNG
전주 여행,264,제육,NNG
전주 여행,264,순두부찌개,NNG
전주 여행,264,그리고,MAJ
전주 여행,264,황남,NNG
전주 여행,264,맷돌,NNG
전주 여행,264,순두부,NNG
전주 여행,264,영업시간,NNG
전주 여행,264,30,SN
전주 여행,264,까지,JX
전주 여행,264,황리,NNG
전주 여행,264,시작,NNG
전주 여행,264,으로,JKB
전주 여행,264,어지간,XR
전주 여행,264,밥집,NNG
전주 여행,264,영업,NNG
전주 여행,264,마감,NNG
전주 여행,264,진짜,MAG
전주 여행,264,고기,NNG
전주 여행,264,맛있,VA
전주 여행,264,두부,NNG
전주 여행,264,순두부찌개,NNG
전주 여행,264,맛나,VA
전주 여행,264,호랑이,NNG
전주 여행,264,막걸리,NNG
전주 여행,264,완전,MAG
전주 여행,264,맛있,VA
전주 여행,264,어서,EC
전주 여행,265,마치,VV
전주 여행,265,울주,NNP
전주 여행,265,새벽,NNG
전주 여행,265,다가,EC
전주 여행,265,그친다,VV+EC
전주 여행,265,하늘,NNG
전주 여행,265,예쁘다,NNP
전주 여행,265,월드,NNG
전주 여행,265,판다,NNG
전주 여행,265,에서,JKB
전주 여행,265,점심,NNG
전주 여행,265,맛있,VA
전주 여행,265,친절,NNG
전주 여행,265,떡갈비,NNG
전주 여행,265,맛나,VA
전주 여행,265,계란찜,NNG
전주 여행,265,풍경,NNG
전주 여행,265,예쁘,VA
전주 여행,265,행복,NNG
전주 여행,265,울주,NNP
전주 여행,266,서출지,NNG
전주 여행,266,23,SN
전주 여행,266,28,SN
전주 여행,266,더운,VA+ETM
전주 여행,266,날씨,NNG
전주 여행,266,촬영,NNG
전주 여행,266,임했,VV+EP
전주 여행,266,사진가,NNG
전주 여행,266,에게,JKB
전주 여행,266,미안,NNG
전주 여행,266,생각,NNG
전주 여행,266,더운,VA+ETM
전주 여행,266,날씨,NNG
전주 여행,266,여러,MM
전주 여행,266,촬영,NNG
전주 여행,266,대작,NNG
전주 여행,266,으시,EP
전주 여행,266,무사히,MAG
전주 여행,266,습니다,EF
전주 여행,267,알라딘,NNP
전주 여행,267,100,SN
전주 여행,267,자평,NNG
전주 여행,267,우리,NP
전주 여행,267,아이,IC
전주 여행,267,우리,NP
전주 여행,267,아이,IC
전주 여행,267,세계,NNG
전주 여행,267,문화유산,NNG
전주 여행,267,아서,EC
전주 여행,267,개정판,NNG
전주 여행,267,답사,NNG
전주 여행,267,바로,MAG
전주 여행,267,역사,NNG
전주 여행,267,바로,MAG
전주 여행,267,박광일,NNP
전주 여행,267,전향,NNG
전주 여행,267,이야기,NNG
전주 여행,267,기획,NNG
전주 여행,267,성당,NNG
전주 여행,267,2011,SN
전주 여행,267,평점,NNG
전주 여행,267,초등,NNG
전주 여행,267,학교,NNG
전주 여행,267,학생,NNG
전주 여행,267,수학,NNG
전주 여행,268,알라딘,NNP
전주 여행,268,100,SN
전주 여행,268,자평,NNG
전주 여행,268,일상,NNG
전주 여행,268,고고학,NNG
전주 여행,268,혼자,MAG
전주 여행,268,일상,NNG
전주 여행,268,고고학,NNG
전주 여행,268,혼자,MAG
전주 여행,268,개정,NNG
전주 여행,268,증보판,NNG
전주 여행,268,일상,NNG
전주 여행,268,고고학,NNG
전주 여행,268,시리즈,NNG
전주 여행,268,황윤,NNG
전주 여행,268,지음,NNG
전주 여행,268,고양이,NNG
전주 여행,268,묻힌,VV+ETM
전주 여행,268,타임캡슐,NNG
전주 여행,268,신라,NNG
전주 여행,268,특별,NNG
전주 여행,268,시간,NNG
전주 여행,268,네요,EC
전주 여행,269,오늘,NNG
전주 여행,269,날씨,NNG
전주 여행,269,더우니,VA+EC
전주 여행,269,마을,NNG
전주 여행,269,식당,NNG
전주 여행,269,에서,JKB
전주 여행,269,맛난,VA+ETM
전주 여행,269,양념,NNG
전주 여행,269,게장,NNG
전주 여행,269,점심,NNG
전주 여행,269,힐튼,NNP
전주 여행,269,호텔,NNG
전주 여행,269,에서,JKB
전주 여행,269,커피,NNG
전주 여행,269,한잔,NNG
전주 여행,269,보문,NNG
전주 여행,269,단지,MAG
전주 여행,269,푸른,VA+ETM
전주 여행,269,나무,NNG
전주 여행,269,감상,NNG
전주 여행,269,커피,NNG
전주 여행,269,한잔,NNG
전주 여행,269,스콘,NNP
전주 여행,269,행복,NNG
전주 여행,269,월드,NNG
전주 여행,269,관람,NNG
전주 여행,269,보인다,VV+EF
전주 여행,269,한번,MAG
전주 여행,269,볼까,EC+VX+EC
전주 여행,270,압지,NNG
전주 여행,270,야경,NNG
전주 여행,270,투어,NNG
전주 여행,270,방문,NNG
전주 여행,270,아마도,MAG
전주 여행,270,보름달,NNG
전주 여행,270,보다,JKB
전주 여행,270,하늘,NNG
전주 여행,270,황청,NNG
전주 여행,270,연못,NNG
전주 여행,270,빠져,VV+EC
전주 여행,270,야경,NNG
전주 여행,270,함께,MAG
전주 여행,270,정말,MAG
전주 여행,270,멋진,VA+ETM
전주 여행,270,야경,NNG
전주 여행,270,보여,VV+EC
전주 여행,270,이래서,VV+EC
전주 여행,270,마다,JX
전주 여행,270,이곳,NP
전주 여행,270,압지,NNG
전주 여행,270,하나,NR
전주 여행,270,보다,JKB
전주 여행,271,알라딘,NNP
전주 여행,271,100,SN
전주 여행,271,자평,NNG
전주 여행,271,우리,NP
전주 여행,271,아이,IC
전주 여행,271,우리,NP
전주 여행,271,아이,IC
전주 여행,271,에서,JKB
전주 여행,271,신라,NNG
전주 여행,271,답사,NNG
전주 여행,271,바로,MAG
전주 여행,271,역사,NNG
전주 여행,271,바로,MAG
전주 여행,271,13,SN
전주 여행,271,박광일,NNP
전주 여행,271,2004,SN
전주 여행,271,평점,NNG
전주 여행,271,구판,NNG
전주 여행,271,절판,NNG
전주 여행,271,아이,NNG
전주 여행,271,눈높이,NNG
전주 여행,271,맞춰진,VV+EC+VX+ETM
전주 여행,272,알라딘,NNP
전주 여행,272,100,SN
전주 여행,272,자평,NNG
전주 여행,272,일상,NNG
전주 여행,272,고고학,NNG
전주 여행,272,혼자,MAG
전주 여행,272,일상,NNG
전주 여행,272,고고학,NNG
전주 여행,272,혼자,MAG
전주 여행,272,개정,NNG
전주 여행,272,증보판,NNG
전주 여행,272,일상,NNG
전주 여행,272,고고학,NNG
전주 여행,272,시리즈,NNG
전주 여행,272,황윤,NNG
전주 여행,272,지음,NNG
전주 여행,272,고양이,NNG
전주 여행,272,2020,SN
전주 여행,272,10,SN
전주 여행,272,평점,NNG
전주 여행,272,유익,NNG
전주 여행,272,아요,EC
전주 여행,273,알라딘,NNP
전주 여행,273,역사,NNG
전주 여행,273,관심,NNG
전주 여행,273,시작,NNG
전주 여행,273,해서,XSV+EC
전주 여행,273,함께,MAG
전주 여행,273,어요,EF
전주 여행,273,길래,EC
전주 여행,273,생각,NNG
전주 여행,273,는데,EC
전주 여행,273,그리,VV
전주 여행,273,마음,NNG
전주 여행,273,접하,VV
전주 여행,273,어요,EF
전주 여행,273,기억,NNG
전주 여행,273,가지,VV
전주 여행,273,는데,EC
전주 여행,273,아이,NNG
전주 여행,273,신라,NNG
전주 여행,273,배운,VV+ETM
전주 여행,273,그런지,VA+EC
전주 여행,273,동안,NNG
전주 여행,273,배운,VV+ETM
전주 여행,273,내용,NNG
전주 여행,273,생각,NNG
전주 여행,273,유적지,NNG
전주 여행,274,매화,NNG
전주 여행,274,산수유,NNG
전주 여행,274,만발,NNG
전주 여행,274,보문,NNG
전주 여행,274,단지,MAG
전주 여행,274,호수,NNG
전주 여행,274,산책,NNG
전주 여행,274,행복,NNG
전주 여행,274,마무리,NNG
전주 여행,275,알라딘,NNP
전주 여행,275,100,SN
전주 여행,275,자평,NNG
전주 여행,275,일상,NNG
전주 여행,275,고고학,NNG
전주 여행,275,혼자,MAG
전주 여행,275,일상,NNG
전주 여행,275,고고학,NNG
전주 여행,275,혼자,MAG
전주 여행,275,일상,NNG
전주 여행,275,시리즈,NNG
전주 여행,275,황윤,NNG
전주 여행,275,지음,NNG
전주 여행,275,고양이,NNG
전주 여행,275,2020,SN
전주 여행,275,10,SN
전주 여행,275,평점,NNG
전주 여행,275,마니아,NNG
전주 여행,275,알려,VV+EC
전주 여행,275,탐방기,NNG
전주 여행,275,그런지,VA+EC
전주 여행,275,대한,VV+ETM
전주 여행,275,알찬,VA+ETM
전주 여행,275,설명,NNG
전주 여행,275,습니다,EF
전주 여행,276,알라딘,NNP
전주 여행,276,100,SN
전주 여행,276,자평,NNG
전주 여행,276,일상,NNG
전주 여행,276,고고학,NNG
전주 여행,276,혼자,MAG
전주 여행,276,일상,NNG
전주 여행,276,고고학,NNG
전주 여행,276,혼자,MAG
전주 여행,276,개정,NNG
전주 여행,276,증보판,NNG
전주 여행,276,일상,NNG
전주 여행,276,고고학,NNG
전주 여행,276,시리즈,NNG
전주 여행,276,황윤,NNG
전주 여행,276,지음,NNG
전주 여행,276,고양이,NNG
전주 여행,276,2020,SN
전주 여행,276,10,SN
전주 여행,276,평점,NNG
전주 여행,276,아름다운,VA+ETM
전주 여행,276,풍경,NNG
전주 여행,276,고고학,NNG
전주 여행,276,우리,NP
전주 여행,276,지적,NNG
전주 여행,276,힐링,NNG
전주 여행,276,안겨,VV+EC
전주 여행,276,줘서,VX+EC
전주 여행,277,주상,NNG
전주 여행,277,절리,NNG
전주 여행,277,스탬프,NNG
전주 여행,277,투어,NNG
전주 여행,277,목적지,NNG
전주 여행,277,주상,NNG
전주 여행,277,스탬프,NNG
전주 여행,277,투어,NNG
전주 여행,277,주상,NNG
전주 여행,277,절리,NNG
전주 여행,277,해변,NNG
전주 여행,277,둘레길,NNP
전주 여행,277,주상,NNG
전주 여행,277,절리,NNG
전주 여행,277,파도,NNG
전주 여행,277,소리,NNG
전주 여행,277,드디어,MAG
전주 여행,277,시작,NNG
전주 여행,277,대한,VV+ETM
전주 여행,277,때문,NNB
전주 여행,277,을까,EC
전주 여행,277,오랫만,NNG
전주 여행,277,밤잠,NNG
전주 여행,277,설치,VV
전주 여행,277,다가,EC
전주 여행,277,시계,NNG
전주 여행,277,조금,MAG
전주 여행,277,시간,NNG
전주 여행,278,FeRed,SL
전주 여행,278,Conundrum,SL
전주 여행,278,of,SL
전주 여행,278,Life,SL
전주 여행,278,불국사,NNP
전주 여행,278,황남빵,NNP
전주 여행,278,교리,NNG
전주 여행,278,김밥,NNG
전주 여행,278,내소,NNG
전주 여행,278,Theme,SL
전주 여행,278,불국사,NNP
전주 여행,278,황남빵,NNP
전주 여행,278,교리,NNG
전주 여행,278,김밥,NNG
전주 여행,278,산내,NNG
전주 여행,278,소고기,NNG
전주 여행,278,울산,NNP
전주 여행,278,Comments,SL
전주 여행,278,후배,NNG
전주 여행,278,녀석,NNB
전주 여행,278,같이,MAG
전주 여행,278,울산,NNP
전주 여행,278,불국사,NNG
전주 여행,278,에서,JKB
전주 여행,278,천마총,NNG
전주 여행,278,에서,JKB
전주 여행,278,첨성대,NNG
전주 여행,278,으로,JKB
전주 여행,278,내려오,VV
전주 여행,278,다가,EC
전주 여행,278,나무,NNG
전주 여행,278,그늘,NNG
전주 여행,278,내부,NNG
전주 여행,278,전경,NNG
전주 여행,279,알라딘,NNP
전주 여행,279,100,SN
전주 여행,279,자평,NNG
전주 여행,279,일상,NNG
전주 여행,279,고고학,NNG
전주 여행,279,혼자,MAG
전주 여행,279,개정,NNG
전주 여행,279,증보판,NNG
전주 여행,279,일상,NNG
전주 여행,279,고고학,NNG
전주 여행,279,시리즈,NNG
전주 여행,279,황윤,NNG
전주 여행,279,지음,NNG
전주 여행,279,고양이,NNG
전주 여행,279,2020,SN
전주 여행,279,10,SN
전주 여행,279,평점,NNG
전주 여행,279,어려서,VA+EC
전주 여행,279,그냥,MAG
전주 여행,279,학교,NNG
전주 여행,279,에서,JKB
전주 여행,279,지금,MAG
전주 여행,279,커서,VV+EC
전주 여행,279,공부,NNG
전주 여행,279,다른,MM
전주 여행,279,느낌,NNG
전주 여행,279,습니다,EF
전주 여행,279,가보세요,NNG
전주 여행,280,알라딘,NNP
전주 여행,280,100,SN
전주 여행,280,자평,NNG
전주 여행,280,일상,NNG
전주 여행,280,고고학,NNG
전주 여행,280,혼자,MAG
전주 여행,280,혼자,NNG
전주 여행,280,개정,NNG
전주 여행,280,증보판,NNG
전주 여행,280,일상,NNG
전주 여행,280,고고학,NNG
전주 여행,280,시리즈,NNG
전주 여행,280,황윤,NNG
전주 여행,280,지음,NNG
전주 여행,280,고양이,NNG
전주 여행,280,2020,SN
전주 여행,280,10,SN
전주 여행,280,평점,NNG
전주 여행,280,이야기,NNG
전주 여행,280,봐도,VV+EC
전주 여행,280,봐도,VX+EC
전주 여행,280,들어도,VV+EC
전주 여행,280,들어도,VV+EC
전주 여행,280,재미있,VA
전주 여행,280,습니다,EF
전주 여행,280,작가,NNG
전주 여행,280,혼자,NNG
전주 여행,280,기대,NNG
전주 여행,280,봅니다,VX+EC
전주 여행,281,매화꽃,NNG
전주 여행,281,산수유,NNG
전주 여행,281,예쁜,VA+ETM
전주 여행,281,간다,VV+EC
전주 여행,281,날씨,NNG
전주 여행,281,따뜻,XR
전주 여행,281,바람,NNG
전주 여행,281,많이,MAG
전주 여행,281,햇살,NNG
전주 여행,281,따뜻,XR
전주 여행,281,점심,NNG
전주 여행,281,궁금,XR
전주 여행,281,했었,VX+EP
전주 여행,281,황룡,NNG
전주 여행,281,돌아봤,VV+EP
전주 여행,281,동국,NNG
전주 여행,281,재단,NNG
전주 여행,281,에서,JKB
전주 여행,281,운영,NNG
전주 여행,281,연수원,NNG
전주 여행,281,인데,VCP+EC
전주 여행,281,웅장,XR
전주 여행,281,꾸며져,VV+EC+VX+EC
전주 여행,282,맷돌,NNG
전주 여행,282,순부,NNG
전주 여행,282,옆집,NNG
전주 여행,282,정화,NNG
전주 여행,282,송이,NNG
전주 여행,282,순두부,NNG
전주 여행,282,맛집,NNG
전주 여행,282,옆집,NNG
전주 여행,282,아니,VCN
전주 여행,282,라도,EC
전주 여행,282,가격,NNG
전주 여행,282,비싸,VA
전주 여행,282,니까,EC
전주 여행,282,기본,NNG
전주 여행,282,반찬,NNG
전주 여행,282,생선,NNG
전주 여행,282,구이,NNG
전주 여행,282,나와서,VV+EC
전주 여행,282,후배,NNG
전주 여행,282,맛있,VA
전주 여행,282,섬세,XR
전주 여행,282,발라,VV+EC
전주 여행,282,하얀,VA+ETM
전주 여행,282,순두부,NNG
전주 여행,282,다니,EC
전주 여행,282,순두부,NNG
전주 여행,282,처음,MAG
전주 여행,282,본다,VV+EC
전주 여행,282,파전,NNG
전주 여행,282,하나,NR
전주 여행,282,주문,NNG
전주 여행,282,새송이,NNP
전주 여행,282,탁주,NNG
전주 여행,282,주문,NNG
전주 여행,282,낮술,NNG
전주 여행,283,남산,NNP
전주 여행,283,칠불암,NNG
전주 여행,283,케이트,NNP
전주 여행,283,입니다,VCP+EF
전주 여행,283,진입,NNG
전주 여행,283,읍니다,EC
전주 여행,283,서라벌,NNP
전주 여행,283,휴게소,NNG
전주 여행,283,입니다,VCP+EF
전주 여행,283,통일전,NNP
전주 여행,283,주차장,NNG
전주 여행,283,주차,NNG
전주 여행,283,아니하,VX
전주 여행,283,염불,NNG
전주 여행,283,사지,NNG
전주 여행,283,삼층석탑,NNP
전주 여행,283,주차,NNG
전주 여행,283,여기,NP
전주 여행,283,일찍,MAG
전주 여행,283,도착,NNG
전주 여행,283,여야,EC
전주 여행,283,주차,NNG
전주 여행,283,아침,NNG
전주 여행,284,알라딘,NNP
전주 여행,284,100,SN
전주 여행,284,자평,NNG
전주 여행,284,일상,NNG
전주 여행,284,고고학,NNG
전주 여행,284,혼자,MAG
전주 여행,284,일상,NNG
전주 여행,284,고고학,NNG
전주 여행,284,혼자,MAG
전주 여행,284,개정,NNG
전주 여행,284,증보판,NNG
전주 여행,284,일상,NNG
전주 여행,284,고고학,NNG
전주 여행,284,시리즈,NNG
전주 여행,284,황윤,NNG
전주 여행,284,지음,NNG
전주 여행,284,고양이,NNG
전주 여행,284,2020,SN
전주 여행,284,10,SN
전주 여행,284,평점,NNG
전주 여행,284,이런,MM
전주 여행,284,너무,MAG
전주 여행,284,아함,IC+ETN
전주 여행,284,더구나,MAJ
전주 여행,284,라서,VCP+EC
전주 여행,284,너무,MAG
전주 여행,284,마음,NNG
전주 여행,284,중학교,NNG
전주 여행,284,수학,NNG
전주 여행,284,으로,JKB
전주 여행,285,국내,NNG
전주 여행,285,사진,NNG
전주 여행,285,국내,NNG
전주 여행,285,테마,NNG
전주 여행,285,Theodor,SL
전주 여행,285,2017,SN
전주 여행,285,18,SN
전주 여행,285,08,SN
전주 여행,285,11,SN
전주 여행,285,벚꽃,NNG
전주 여행,285,거의,MAG
전주 여행,285,떨어지,VV
전주 여행,285,시기,NNG
전주 여행,285,아쉬움,NNG
전주 여행,285,대능원,NNP
전주 여행,285,출입문,NNG
전주 여행,285,능원,NNG
전주 여행,285,소나무,NNG
전주 여행,285,천마총,NNG
전주 여행,285,안압지,NNP
전주 여행,285,분황사,NNG
전주 여행,285,모전,NNG
전주 여행,285,석탑,NNG
전주 여행,285,원래,NNG
전주 여행,286,힐튼,NNP
전주 여행,286,호텔,NNG
전주 여행,286,한국,NNP
전주 여행,286,서울,NNP
전주 여행,286,호텔,NNG
전주 여행,286,체인,NNG
전주 여행,286,이상,NNG
전주 여행,286,두산,NNP
전주 여행,286,참고,NNG
전주 여행,286,미국,NNP
전주 여행,286,저명,XR
전주 여행,286,모델,NNG
전주 여행,286,철저히,MAG
전주 여행,286,손님,NNG
전주 여행,286,배려,NNG
전주 여행,286,호텔,NNG
전주 여행,286,그래서,MAJ
전주 여행,286,즐거울,VA+ETM
전주 여행,286,밖에,JX
전주 여행,287,토함산,NNP
전주 여행,287,단풍,NNG
전주 여행,287,터널,NNG
전주 여행,287,자연,NNG
전주 여행,287,그려,VV+EC
전주 여행,287,수채화,NNG
전주 여행,287,17,SN
전주 여행,287,11,SN
전주 여행,287,17,SN
전주 여행,287,떠나,VV
전주 여행,287,단풍,NNG
전주 여행,287,그윽,XR
전주 여행,287,숲길,NNG
전주 여행,287,느긋이,MAG
전주 여행,287,불국사,NNP
전주 여행,287,석굴암,NNG
전주 여행,287,토함산,NNP
전주 여행,287,숲길,NNG
전주 여행,287,월산,NNG
전주 여행,287,고갯길,NNG
전주 여행,287,굳이,MAG
전주 여행,287,신라,NNP
전주 여행,287,역사,NNG
전주 여행,287,몰라도,VV+EC
전주 여행,287,시내,NNG
전주 여행,288,배롱나무,NNG
전주 여행,288,첨성대,NNG
전주 여행,288,야경,NNG
전주 여행,288,16,SN
전주 여행,288,18,SN
전주 여행,288,수학,NNG
전주 여행,288,다녀오,VV
전주 여행,288,사람,NNG
전주 여행,288,심지어,MAG
전주 여행,288,자녀,NNG
전주 여행,288,역사,NNG
전주 여행,288,유적,NNG
전주 여행,288,답사,NNG
전주 여행,288,동행,NNG
전주 여행,288,해서,XSV+EC
전주 여행,288,이런,MM
전주 여행,288,아무리,MAG
전주 여행,288,생각,NNG
전주 여행,288,해봐도,XSV+EC+VX+EC
전주 여행,288,국내,NNG
전주 여행,288,에선,JKB+JX
전주 여행,288,특징,NNG
전주 여행,288,하나,NR
전주 여행,288,평온,NNG
전주 여행,288,자연,NNG
전주 여행,289,황리,NNG
전주 여행,289,카페,NNG
전주 여행,289,카페,NNG
전주 여행,289,카페,NNG
전주 여행,289,황리,NNG
전주 여행,289,메인,VV+ETM
전주 여행,289,거리,NNG
전주 여행,289,위치,NNG
전주 여행,289,어서,EC
전주 여행,289,거리,NNG
전주 여행,289,둘러보,VV
전주 여행,289,뚜벅,MAG
전주 여행,289,입니다,VCP+EF
전주 여행,289,인테리어,NNG
전주 여행,289,예쁘,VA
전주 여행,289,어서,EC
전주 여행,289,더욱,MAG
전주 여행,289,눈길,NNG
전주 여행,289,카페,NNG
전주 여행,289,입니다,VCP+EF
전주 여행,289,황리,NNG
전주 여행,289,카페,NNG
전주 여행,289,카페,NNG
전주 여행,289,날씨,NNG
전주 여행,290,경북,NNP
전주 여행,290,국밥,NNG
전주 여행,290,맛집,NNG
전주 여행,290,수백,NR
전주 여행,290,보문,NNG
전주 여행,290,com,SL
전주 여행,290,633,SN
전주 여행,290,경북,NNP
전주 여행,290,교촌,NNP
전주 여행,290,마을,NNG
전주 여행,290,교촌,NNG
전주 여행,290,보관,NNG
전주 여행,290,아이,NNG
전주 여행,290,가족,NNG
전주 여행,290,2024,SN
전주 여행,290,31,SN
전주 여행,290,가족,NNG
전주 여행,290,함께,MAG
전주 여행,290,기록,NNG
전주 여행,290,오늘,NNG
전주 여행,290,가족,NNG
전주 여행,290,모임,NNG
전주 여행,290,어서,EC
전주 여행,290,경북,NNP
전주 여행,290,어요,EF
전주 여행,291,불국사역,NNP
전주 여행,291,에서,JKB
전주 여행,291,동대구,NNG
전주 여행,291,까지,JX
전주 여행,291,기차,NNG
전주 여행,291,무궁화호,NNP
전주 여행,291,시간,NNG
전주 여행,291,시외,NNG
전주 여행,291,고속,NNG
전주 여행,291,버스,NNG
전주 여행,291,터미널,NNG
전주 여행,291,모두,MAG
전주 여행,291,거리,NNG
전주 여행,291,어서,EC
전주 여행,291,어디,NP
전주 여행,291,따라,VV+EC
전주 여행,291,대중,NNG
전주 여행,291,교통,NNG
전주 여행,291,종류,NNG
전주 여행,291,달라지,VV
전주 여행,291,는데,EC
전주 여행,291,서울,NNP
전주 여행,291,이나,JC
전주 여행,291,대전,NNP
전주 여행,291,까지,JX
전주 여행,291,시간,NNBC
전주 여행,291,이상,NNG
전주 여행,291,걸리,VV
전주 여행,291,코스,NNG
전주 여행,291,라고,VCP+EC
전주 여행,292,알라딘,NNP
전주 여행,292,100,SN
전주 여행,292,자평,NNG
전주 여행,292,일상,NNG
전주 여행,292,고고학,NNG
전주 여행,292,혼자,MAG
전주 여행,292,지음,NNG
전주 여행,292,고양이,NNG
전주 여행,292,2020,SN
전주 여행,292,10,SN
전주 여행,292,평점,NNG
전주 여행,292,정말,MAG
전주 여행,292,도시,NNG
전주 여행,292,입니다,VCP+EF
전주 여행,292,시간,NNG
전주 여행,292,기분,NNG
전주 여행,292,어서,EC
전주 여행,292,행복,NNG
전주 여행,292,거든요,EF
전주 여행,292,코로나,NNP
전주 여행,292,때문,NNB
전주 여행,292,버렸,VX+EP
전주 여행,292,네요,EF
전주 여행,292,으로,JKB
전주 여행,292,혼자,MAG
전주 여행,292,네요,EC
전주 여행,293,파란,VA+ETM
전주 여행,293,하늘,NNG
전주 여행,293,구름,NNG
전주 여행,293,동동,MAG
전주 여행,293,아름다운,VA+ETM
전주 여행,293,신나,VV
전주 여행,293,고속도로,NNP
전주 여행,293,달려,VV+EC
전주 여행,293,간다,VV+EC
전주 여행,293,오늘,NNG
전주 여행,293,힐링,NNG
전주 여행,293,산송,NNG
전주 여행,293,한우구,NNP
전주 여행,293,언양,NNP
전주 여행,293,불고기,NNG
전주 여행,293,더덕구이,NNG
전주 여행,293,자알,MAG
전주 여행,293,이랑,JC
전주 여행,293,라떼,NNG
전주 여행,293,한잔,NNG
전주 여행,293,노천온천,NNP
전주 여행,293,으로,JKB
전주 여행,293,간다,VV+EC
전주 여행,293,파란,VA+ETM
전주 여행,293,하늘,NNG
전주 여행,294,알라딘,NNP
전주 여행,294,100,SN
전주 여행,294,자평,NNG
전주 여행,294,일상,NNG
전주 여행,294,고고학,NNG
전주 여행,294,혼자,MAG
전주 여행,294,2020,SN
전주 여행,294,10,SN
전주 여행,294,평점,NNG
전주 여행,294,매년,MAG
전주 여행,294,가을,NNG
전주 여행,294,꿈꾸,VV
전주 여행,294,지만,EC
전주 여행,294,아직,MAG
전주 여행,294,실천,NNG
전주 여행,294,사람,NNG
전주 여행,294,입니다,VCP+EF
전주 여행,294,알차,VA
전주 여행,294,느낄,VV+ETM
전주 여행,294,기대,NNG
전주 여행,294,열심히,MAG
전주 여행,294,습니다,EF
전주 여행,295,알라딘,NNP
전주 여행,295,100,SN
전주 여행,295,자평,NNG
전주 여행,295,일상,NNG
전주 여행,295,고고학,NNG
전주 여행,295,혼자,MAG
전주 여행,295,일상,NNG
전주 여행,295,고고학,NNG
전주 여행,295,혼자,MAG
전주 여행,295,개정,NNG
전주 여행,295,증보판,NNG
전주 여행,295,일상,NNG
전주 여행,295,고고학,NNG
전주 여행,295,시리즈,NNG
전주 여행,295,황윤,NNG
전주 여행,295,지음,NNG
전주 여행,295,고양이,NNG
전주 여행,295,2020,SN
전주 여행,295,10,SN
전주 여행,295,평점,NNG
전주 여행,295,지만,EC
전주 여행,295,제대로,MAG
전주 여행,295,구경,NNG
전주 여행,295,네요,EF
전주 여행,295,코로나,NNP
전주 여행,296,알라딘,NNP
전주 여행,296,100,SN
전주 여행,296,자평,NNG
전주 여행,296,일상,NNG
전주 여행,296,고고학,NNG
전주 여행,296,혼자,MAG
전주 여행,296,일상,NNG
전주 여행,296,고고학,NNG
전주 여행,296,혼자,MAG
전주 여행,296,개정,NNG
전주 여행,296,증보판,NNG
전주 여행,296,일상,NNG
전주 여행,296,고고학,NNG
전주 여행,296,시리즈,NNG
전주 여행,296,황윤,NNG
전주 여행,296,지음,NNG
전주 여행,296,고양이,NNG
전주 여행,296,2020,SN
전주 여행,296,10,SN
전주 여행,296,평점,NNG
전주 여행,296,수학,NNG
전주 여행,296,이후,NNG
전주 여행,296,못했,VX+EP
전주 여행,296,대해,VV+EC
전주 여행,296,다시,MAG
전주 여행,296,생각,NNG
전주 여행,296,네요,EC
전주 여행,297,나정,NNG
전주 여행,297,맛집,NNG
전주 여행,297,나정,NNG
전주 여행,297,라면,NNG
전주 여행,297,맛집,NNG
전주 여행,297,에도,NNP
전주 여행,297,바다,NNG
전주 여행,297,나정,NNG
전주 여행,297,스토리,NNG
전주 여행,297,올려,VV+EC
전주 여행,297,드릴께요,VX+EF
전주 여행,297,에도,NNP
전주 여행,297,바다,NNG
전주 여행,297,다는,ETM
전주 여행,297,사실,NNG
전주 여행,297,아시나,NNP
전주 여행,297,정하,VV
전주 여행,297,면서,EC
전주 여행,297,바다,NNG
전주 여행,297,남편,NNG
전주 여행,297,역사,NNG
전주 여행,297,좋아해서,VV+EC
전주 여행,297,유적지,NNG
전주 여행,297,어요,EF
전주 여행,297,그러,VV
전주 여행,298,가을,NNG
전주 여행,298,도착,NNG
전주 여행,298,오늘,NNG
전주 여행,298,작년,NNG
전주 여행,298,여름,NNG
전주 여행,298,코스,NNG
전주 여행,298,서출지,NNG
전주 여행,298,통일전,NNP
전주 여행,298,그리고,MAJ
전주 여행,298,산림,NNG
전주 여행,298,연구원,NNG
전주 여행,298,둘러보,VV
전주 여행,298,핑크,NNG
전주 여행,298,예쁜,VA+ETM
전주 여행,298,첨성대,NNG
전주 여행,298,주변,NNG
전주 여행,298,황리,NNG
전주 여행,298,구경,NNG
전주 여행,298,헉헉,MAG
전주 여행,298,점심,NNG
전주 여행,298,커피,NNG
전주 여행,298,면서,EC
전주 여행,298,돌린다,VV+EC
전주 여행,298,조금,NNG
전주 여행,298,가을,NNG
전주 여행,298,찾아오,VV
전주 여행,299,알라딘,NNP
전주 여행,299,100,SN
전주 여행,299,자평,NNG
전주 여행,299,일상,NNG
전주 여행,299,고고학,NNG
전주 여행,299,혼자,MAG
전주 여행,299,일상,NNG
전주 여행,299,고고학,NNG
전주 여행,299,혼자,MAG
전주 여행,299,개정,NNG
전주 여행,299,증보판,NNG
전주 여행,299,일상,NNG
전주 여행,299,고고학,NNG
전주 여행,299,시리즈,NNG
전주 여행,299,황윤,NNG
전주 여행,299,지음,NNG
전주 여행,299,고양이,NNG
전주 여행,299,2020,SN
전주 여행,299,10,SN
전주 여행,299,평점,NNG
전주 여행,299,수학,NNG
전주 여행,299,역사,NNG
전주 여행,299,의미,NNG
전주 여행,299,모르,VV
전주 여행,299,지나쳤,VV+EP
전주 여행,299,지만,EC
전주 여행,299,이제,NNG
전주 여행,299,풍경,NNG
전주 여행,299,하나,NR
전주 여행,299,하나,NR
전주 여행,299,에서,JKB
전주 여행,300,알라딘,NNP
전주 여행,300,100,SN
전주 여행,300,자평,NNG
전주 여행,300,일상,NNG
전주 여행,300,고고학,NNG
전주 여행,300,혼자,MAG
전주 여행,300,앞서,MAG
전주 여행,300,출간,NNG
전주 여행,300,일상,NNG
전주 여행,300,고고학,NNG
전주 여행,300,혼자,NNG
전주 여행,300,백제,NNG
전주 여행,300,이어,MAG
전주 여행,300,이번,NNG
전주 여행,300,입니다,VCP+EF
전주 여행,300,전작,NNG
전주 여행,300,백제,NNG
전주 여행,300,만족,NNG
전주 여행,300,스러웠,XSA+EP
전주 여행,300,라면,EC
전주 여행,300,이번,NNG
전주 여행,300,무조건,MAG
전주 여행,300,탑승,NNG
전주 여행,300,바랍니다,VV+EC
전주 여행,301,동궁,NNG
전주 여행,301,월지,NNG
전주 여행,301,첨성대,NNG
전주 여행,301,야경,NNG
전주 여행,301,연꽃,NNG
전주 여행,301,단지,MAG
전주 여행,301,분황사,NNG
전주 여행,301,방문,NNG
전주 여행,301,다시,MAG
전주 여행,301,남겨,VV+EC
전주 여행,301,이웃,NNG
전주 여행,301,지내,VV
전주 여행,301,나요,EF
전주 여행,301,지난주,NNG
전주 여행,301,blog,SL
전주 여행,301,naver,SL
전주 여행,301,com,SL
전주 여행,301,예전,NNG
전주 여행,301,사진,NNG
전주 여행,301,떠나,VV
전주 여행,301,진다,VX+EC
전주 여행,302,경북,NNP
전주 여행,302,천문,NNG
전주 여행,302,기상,NNG
전주 여행,302,관측대,NNG
전주 여행,302,첨성대,NNG
전주 여행,302,일자,NNG
전주 여행,302,2016,SN
전주 여행,302,인원,NNG
전주 여행,302,친구,NNG
전주 여행,302,함께,MAG
전주 여행,302,첨성대,NNG
전주 여행,302,경북,NNP
전주 여행,302,인왕동,NNP
전주 여행,302,839,SN
전주 여행,302,전화,NNG
전주 여행,302,054,SN
전주 여행,302,779,SN
전주 여행,302,8741,SN
전주 여행,302,첨성대,NNG
전주 여행,302,관람료,NNG
전주 여행,302,무료,NNG
전주 여행,302,경북,NNP
전주 여행,302,이야기,NNG
전주 여행,302,첨성대,NNG
전주 여행,302,에서,JKB
전주 여행,302,바라본,VV+ETM
전주 여행,302,대릉원,NNG
전주 여행,302,야경,NNG
전주 여행,303,데이,NNG
전주 여행,303,택시,NNG
전주 여행,303,투어,NNG
전주 여행,303,감사,NNG
전주 여행,303,합니다,XSV+EF
전주 여행,303,구매,NNG
전주 여행,303,https,SL
전주 여행,303,smartstore,SL
전주 여행,303,naver,SL
전주 여행,303,com,SL
전주 여행,303,dptour,SL
전주 여행,303,products,SL
전주 여행,303,5981873243,SN
전주 여행,303,플레이스,NNG
전주 여행,303,데이,NNG
전주 여행,303,택시,NNG
전주 여행,303,투어,NNG
전주 여행,303,돌고래,NNG
전주 여행,303,돌핀,NNG
전주 여행,303,스토어,NNG
전주 여행,303,플레이스,NNG
전주 여행,303,데이,NNG
전주 여행,303,택시,NNG
전주 여행,303,투어,NNG
전주 여행,303,smartstore,SL
전주 여행,303,naver,SL
전주 여행,303,com,SL
전주 여행,304,설레임,VV+ETN
전주 여행,304,패밀리,NNG
전주 여행,304,일상,NNG
전주 여행,304,오늘,NNG
전주 여행,304,목적지,NNG
전주 여행,304,회사,NNG
전주 여행,304,제휴,NNG
전주 여행,304,숙소,NNG
전주 여행,304,저렴,XR
전주 여행,304,예약,NNG
전주 여행,304,나선다,VV+EC
전주 여행,304,도착,NNG
전주 여행,304,자마자,EC
전주 여행,304,고파서,VA+EC
전주 여행,304,우리,NP
전주 여행,304,가족,NNG
전주 여행,304,국수집,NNG
전주 여행,304,본다,VV+EC
전주 여행,304,와이프,NNG
전주 여행,304,검색,NNG
전주 여행,304,해서,XSV+EC
전주 여행,304,찾아간,VV+ETM
전주 여행,304,갈비,NNG
전주 여행,304,국수,NNG
전주 여행,305,경북,NNP
전주 여행,305,불국사,NNG
전주 여행,305,단아,XR
전주 여행,305,정숙,XR
전주 여행,305,묻어나,VV
전주 여행,305,겹벚꽃,NNG
전주 여행,305,벚꽃,NNG
전주 여행,305,벚꽃,NNG
전주 여행,305,즐기,VV
전주 여행,305,고수,NNG
전주 여행,305,라면,VCP+EC
전주 여행,305,서둘러,VV+EC
전주 여행,305,티켓,NNG
전주 여행,305,예약,NNG
전주 여행,305,다시,MAG
전주 여행,305,들썩이,VV
전주 여행,305,지역,NNG
전주 여행,305,벚꽃,NNG
전주 여행,305,거의,MAG
전주 여행,305,떨어지,VV
전주 여행,305,불국사,NNG
전주 여행,305,겹벚꽃,NNG
전주 여행,305,으로,JKB
전주 여행,305,유명,XR
전주 여행,305,불국사,NNP
전주 여행,305,입구,NNG
전주 여행,306,보문,NNG
전주 여행,306,단지,MAG
전주 여행,306,벚꽃,NNG
전주 여행,306,보문호,NNP
전주 여행,306,반길,VV+ETM
전주 여행,306,화사,XR
전주 여행,306,선사,NNG
전주 여행,306,17,SN
전주 여행,306,최적,NNG
전주 여행,306,지이,NNG
전주 여행,306,도로,NNG
전주 여행,306,꽃길,NNG
전주 여행,306,이른,VA+ETM
전주 여행,306,시각,NNG
전주 여행,306,와야,VV+EC
전주 여행,306,제대로,MAG
전주 여행,306,힐링,NNG
전주 여행,306,만개,NNG
전주 여행,306,아름다운,VA+ETM
전주 여행,306,경관,NNG
전주 여행,306,이루,VV
전주 여행,306,보문,NNG
전주 여행,306,단지,NNG
전주 여행,306,시가지,NNG
전주 여행,306,에서,JKB
전주 여행,306,동쪽,NNG
전주 여행,306,으로,JKB
전주 여행,306,10,SN
전주 여행,306,정도,NNG
전주 여행,306,떨어진,VV+ETM
전주 여행,306,활산,NNP
전주 여행,306,성터,NNG
전주 여행,307,경북,NNP
전주 여행,307,하얀,VA+ETM
전주 여행,307,목련,NNG
전주 여행,307,대릉원,NNG
전주 여행,307,목련,NNG
전주 여행,307,풍경,NNG
전주 여행,307,최근,NNG
전주 여행,307,빼놓,VV
전주 여행,307,코스,NNG
전주 여행,307,다름,VA+ETN
전주 여행,307,아닌,VCN+ETM
전주 여행,307,야경,NNG
전주 여행,307,둘러보,VV
전주 여행,307,연인,NNG
전주 여행,307,함께,MAG
전주 여행,307,떠나,VV
전주 여행,307,당신,NP
전주 여행,307,위한,VV+ETM
전주 여행,307,야경,NNG
전주 여행,307,투어,NNG
전주 여행,307,코스,NNG
전주 여행,307,소개,NNG
전주 여행,307,한다,XSV+EC
전주 여행,307,준비,NNG
전주 여행,308,세계,NNG
전주 여행,308,문화유산,NNG
전주 여행,308,양동,NNP
전주 여행,308,마을,NNG
전주 여행,308,18,SN
전주 여행,308,29,SN
전주 여행,308,시간,NNG
전주 여행,308,떠나,VV
전주 여행,308,다면,EC
전주 여행,308,조상,NNG
전주 여행,308,모습,NNG
전주 여행,308,고스란히,MAG
전주 여행,308,간직,NNG
전주 여행,308,수백,NR
전주 여행,308,숨결,NNG
전주 여행,308,양동,NNP
전주 여행,308,마을,NNG
전주 여행,308,제격,NNG
전주 여행,308,아닐까,VCN+EC
전주 여행,308,경상북도,NNP
전주 여행,308,강동면,NNP
전주 여행,308,양동,NNP
전주 여행,308,마을,NNG
전주 여행,308,138,SN
전주 여행,308,18,SN
전주 여행,308,지번,NNG
전주 여행,308,경상북도,NNP
전주 여행,308,강동면,NNP
전주 여행,309,경북,NNP
전주 여행,309,다리,NNG
전주 여행,309,정교,NNG
전주 여행,309,18,SN
전주 여행,309,21,SN
전주 여행,309,잠시,MAG
전주 여행,309,교촌,NNG
전주 여행,309,마을,NNG
전주 여행,309,도착,NNG
전주 여행,309,행사,NNG
전주 여행,309,잠시,MAG
전주 여행,309,간다,VX+EC
전주 여행,309,최근,NNG
전주 여행,309,빼놓,VV
전주 여행,309,연인,NNG
전주 여행,309,함께,MAG
전주 여행,309,떠나,VV
전주 여행,309,당신,NP
전주 여행,309,위한,VV+ETM
전주 여행,309,야경,NNG
전주 여행,309,투어,NNG
전주 여행,309,코스,NNG
전주 여행,309,소개,NNG
전주 여행,309,한다,XSV+EC
전주 여행,309,준비,NNG
전주 여행,310,야경,NNG
전주 여행,310,이쁜,VA+ETM
전주 여행,310,안압지,NNP
전주 여행,310,첨성대,NNG
전주 여행,310,16,SN
전주 여행,310,31,SN
전주 여행,310,어울린다,VV+EC
전주 여행,310,에서,JKB
전주 여행,310,빠질,VV+ETM
전주 여행,310,관광지,NNG
전주 여행,310,하나,NR
전주 여행,310,첨성대,NNG
전주 여행,310,첨성대,NNG
전주 여행,310,신라,NNP
전주 여행,310,시대,NNG
전주 여행,310,관측,NNG
전주 여행,310,최근,NNG
전주 여행,310,빼놓,VV
전주 여행,310,코스,NNG
전주 여행,310,다름,VA+ETN
전주 여행,310,아닌,VCN+ETM
전주 여행,310,야경,NNG
전주 여행,310,둘러보,VV
전주 여행,311,에서,JKB
전주 여행,311,사람,NNG
전주 여행,311,지나치,VV
전주 여행,311,몇몇,MM
전주 여행,311,지인,NNG
전주 여행,311,경험,NNG
전주 여행,311,생각,NNG
전주 여행,311,에서,JKB
전주 여행,311,주목,NNG
전주 여행,311,장소,NNG
전주 여행,311,정리,NNG
전주 여행,311,고즈넉,XR
전주 여행,311,산사,NNG
전주 여행,311,옥천사,NNG
전주 여행,311,수학,NNG
전주 여행,311,성지,NNG
전주 여행,311,역사,NNG
전주 여행,311,탐방,NNG
전주 여행,311,중심지,NNG
전주 여행,311,알려져,VV+EC+VX+EC
전주 여행,311,지만,EC
전주 여행,311,주변,NNG
전주 여행,311,으로,JKB
전주 여행,312,14,SN
전주 여행,312,개월,NNBC
전주 여행,312,아기,NNG
전주 여행,312,후기,NNG
전주 여행,312,정글,NNG
전주 여행,312,법칙,NNG
전주 여행,312,미디어,NNG
전주 여행,312,파크,NNG
전주 여행,312,버드,NNP
전주 여행,312,파크,NNG
전주 여행,312,그래도,VV+EC
전주 여행,312,일정,NNG
전주 여행,312,온다면,VV+EC
전주 여행,312,다녀오,VV
전주 여행,312,버드,NNP
전주 여행,312,파크,NNG
전주 여행,312,위치,NNG
전주 여행,312,경북,NNP
전주 여행,312,보문,NNG
전주 여행,312,74,SN
전주 여행,312,14,SN
전주 여행,312,북군동,NNP
전주 여행,312,185,SN
전주 여행,312,전화,NNG
전주 여행,312,054,SN
전주 여행,312,777,SN
전주 여행,312,7200,SN
전주 여행,312,운영,NNG
전주 여행,312,시간,NNG
전주 여행,312,10,SN
전주 여행,312,00,SN
전주 여행,312,19,SN
전주 여행,312,00,SN
전주 여행,312,입장료,NNG
전주 여행,312,대인,NNG
전주 여행,312,20,SN
전주 여행,312,000,SN
전주 여행,312,소인,NNG
전주 여행,312,15,SN
전주 여행,312,000,SN
전주 여행,313,울산,NNP
전주 여행,313,Part,SL
전주 여행,313,동궁,NNG
전주 여행,313,월지,NNG
전주 여행,313,누리,NNG
전주 여행,313,정원,NNG
전주 여행,313,성호,NNG
전주 여행,313,리조트,NNG
전주 여행,313,장생포,NNG
전주 여행,313,고래,NNG
전주 여행,313,문화,NNG
전주 여행,313,특구,NNP
전주 여행,313,라는,VCP+ETM
전주 여행,313,이름,NNG
전주 여행,313,으로,JKB
전주 여행,313,고래,NNG
전주 여행,313,주제,NNG
전주 여행,313,다채,XR
전주 여행,313,로운,XSA+ETM
전주 여행,313,관광지,NNG
전주 여행,313,형성,NNG
전주 여행,313,는데,EC
전주 여행,313,사실,MAG
전주 여행,313,고래,MAG
전주 여행,313,박물관,NNG
전주 여행,313,이나,JC
전주 여행,313,생태,NNG
전주 여행,313,jinstistory,SL
전주 여행,313,tistory,SL
전주 여행,313,com,SL
전주 여행,313,2023,SN
전주 여행,313,08,SN
전주 여행,313,16,SN
전주 여행,313,국내,NNG
전주 여행,313,울산,NNP
전주 여행,313,Part,SL
전주 여행,314,루비,NNG
전주 여행,314,정원,NNG
전주 여행,314,연휴,NNG
전주 여행,314,에서,JKB
전주 여행,314,시작,NNG
전주 여행,314,세요,EP+EF
전주 여행,314,신청,NNG
전주 여행,314,센터,NNG
전주 여행,314,광활,XR
전주 여행,314,부지,NNG
전주 여행,314,자리,NNG
전주 여행,314,역사,NNG
전주 여행,314,마당,NNG
전주 여행,314,엄청나,VA
전주 여행,314,너른,VA+ETM
전주 여행,314,연휴,NNG
전주 여행,314,계획,NNG
전주 여행,314,계신,VX+ETM
전주 여행,314,KTX,SL
전주 여행,314,이용,NNG
전주 여행,314,어떠,XR
전주 여행,314,신지,JKS+EP+EC
전주 여행,314,Copyright,SL
전주 여행,314,2011,SN
전주 여행,314,루비,NNG
전주 여행,314,All,SL
전주 여행,314,pictures,SL
전주 여행,315,출장,NNG
전주 여행,315,깨끗,XR
전주 여행,315,조식,NNG
전주 여행,315,제공,NNG
전주 여행,315,에이치,NNG
전주 여행,315,비뉴,NNG
전주 여행,315,호텔,NNG
전주 여행,315,불국사,NNP
전주 여행,315,까지,JX
전주 여행,315,도보,NNG
전주 여행,315,15,SN
전주 여행,315,거리,NNG
전주 여행,315,어서,EC
전주 여행,315,피로,NNG
전주 여행,315,조금,NNG
전주 여행,315,이나마,JX
전주 여행,315,습니다,EF
전주 여행,315,아침,NNG
전주 여행,315,일찍,MAG
전주 여행,315,불국사,NNG
전주 여행,315,방문,NNG
전주 여행,315,한적,XR
전주 여행,315,고요,NNG
전주 여행,315,분위기,NNG
전주 여행,315,에서,JKB
전주 여행,315,산책,NNG
전주 여행,315,즐기,VV
전주 여행,315,최적,NNG
전주 여행,315,위치,NNG
전주 여행,315,습니다,EF
전주 여행,315,스테이,NNG
전주 여행,316,알라딘,NNP
전주 여행,316,100,SN
전주 여행,316,자평,NNG
전주 여행,316,일상,NNG
전주 여행,316,고고학,NNG
전주 여행,316,혼자,MAG
전주 여행,316,일상,NNG
전주 여행,316,고고학,NNG
전주 여행,316,혼자,MAG
전주 여행,316,개정,NNG
전주 여행,316,증보판,NNG
전주 여행,316,일상,NNG
전주 여행,316,고고학,NNG
전주 여행,316,시리즈,NNG
전주 여행,316,황윤,NNG
전주 여행,316,지음,NNG
전주 여행,316,고양이,NNG
전주 여행,316,2020,SN
전주 여행,316,10,SN
전주 여행,316,평점,NNG
전주 여행,316,역사,NNG
전주 여행,316,사랑,NNG
전주 여행,316,사람,NNG
전주 여행,316,으로,JKB
전주 여행,316,바라본,VV+ETM
전주 여행,316,만큼,NNB
전주 여행,316,보이,VV
전주 여행,316,사랑,NNG
전주 여행,317,20200727,SN
전주 여행,317,08,SN
전주 여행,317,02,SN
전주 여행,317,20200728,SN
전주 여행,317,2020,SN
전주 여행,317,08,SN
전주 여행,317,02,SN
전주 여행,317,20200727,SN
전주 여행,317,2020,SN
전주 여행,317,08,SN
전주 여행,317,02,SN
전주 여행,317,평화,NNG
전주 여행,317,2020,SN
전주 여행,317,07,SN
전주 여행,317,13,SN
전주 여행,317,강릉,NNP
전주 여행,317,서나,NNG
전주 여행,317,2020,SN
전주 여행,317,07,SN
전주 여행,317,08,SN
전주 여행,317,강릉,NNP
전주 여행,317,2020,SN
전주 여행,317,07,SN
전주 여행,317,08,SN
전주 여행,318,한옥,NNG
전주 여행,318,숙소,NNG
전주 여행,318,소설,NNG
전주 여행,318,첨성,NNG
전주 여행,318,대점,NNG
전주 여행,318,비향,NNP
전주 여행,318,15,SN
전주 여행,318,한옥,NNG
전주 여행,318,숙소,NNG
전주 여행,318,이름,NNG
전주 여행,318,특이,XR
전주 여행,318,소설,NNG
전주 여행,318,첨성,NNG
전주 여행,318,대점,NNG
전주 여행,318,첨성대,NNG
전주 여행,318,진짜,MAG
전주 여행,318,가까워서,VA+EC
전주 여행,318,첨성,NNG
전주 여행,318,대점,NNG
전주 여행,318,이쁘,VA
전주 여행,318,이쁜,VA+ETM
전주 여행,318,한옥,NNG
전주 여행,318,소설,NNG
전주 여행,318,너무너무,MAG
전주 여행,318,너무,MAG
전주 여행,318,인기,NNG
전주 여행,318,라서,EC
전주 여행,318,주말,NNG
전주 여행,318,으려면,EC
전주 여행,319,알라딘,NNP
전주 여행,319,황금,NNG
전주 여행,319,호두,NNG
전주 여행,319,열리,VV
전주 여행,319,무웅,NNP
전주 여행,319,함께,MAG
전주 여행,319,떠나,VV
전주 여행,319,코스,NNG
전주 여행,319,인데,VCP+EC
전주 여행,319,새로운,VA+ETM
전주 여행,319,느낌,NNG
전주 여행,319,자꾸,MAG
전주 여행,319,새로운,VA+ETM
전주 여행,319,느낌,NNG
전주 여행,319,빠져,VV+EC
전주 여행,319,는데,EC
전주 여행,319,신라,NNP
전주 여행,319,에서,JKB
전주 여행,319,아이,NNG
전주 여행,319,함께,MAG
전주 여행,319,새롭,VA
전주 여행,319,다가왔,VV+EP
전주 여행,319,한참,MAG
전주 여행,319,티비,NNG
전주 여행,319,에서,JKB
전주 여행,320,까지,JX
전주 여행,320,이동은,NNP
전주 여행,320,기차,NNG
전주 여행,320,에서,JKB
전주 여행,320,자전거,NNG
전주 여행,320,도보,NNG
전주 여행,320,버스,NNG
전주 여행,320,투어,NNG
전주 여행,320,모두,MAG
전주 여행,320,가능,NNG
전주 여행,320,코스,NNG
전주 여행,320,시내,NNG
전주 여행,320,천마총,NNG
전주 여행,320,왕릉,NNG
전주 여행,320,첨성대,NNG
전주 여행,320,계림,NNG
전주 여행,320,포석정,NNP
전주 여행,320,안압지,NNP
전주 여행,321,알라딘,NNP
전주 여행,321,100,SN
전주 여행,321,자평,NNG
전주 여행,321,일상,NNG
전주 여행,321,고고학,NNG
전주 여행,321,혼자,MAG
전주 여행,321,일상,NNG
전주 여행,321,고고학,NNG
전주 여행,321,혼자,MAG
전주 여행,321,개정,NNG
전주 여행,321,증보판,NNG
전주 여행,321,일상,NNG
전주 여행,321,고고학,NNG
전주 여행,321,시리즈,NNG
전주 여행,321,황윤,NNG
전주 여행,321,지음,NNG
전주 여행,321,고양이,NNG
전주 여행,321,한참,MAG
전주 여행,321,는데,EC
전주 여행,321,오랜만,NNG
전주 여행,321,저자,NNG
전주 여행,321,함께,MAG
전주 여행,321,걸으며,VV+EC
전주 여행,321,역사,NNG
전주 여행,321,느낌,NNG
전주 여행,321,네요,EC
전주 여행,322,감포,NNP
전주 여행,322,대말,NNG
전주 여행,322,체험,NNG
전주 여행,322,전시관,NNG
전주 여행,322,위치,NNG
전주 여행,322,경북,NNP
전주 여행,322,척사,NNG
전주 여행,322,18,SN
전주 여행,322,94,SN
전주 여행,322,운영,NNG
전주 여행,322,시간,NNG
전주 여행,322,09,SN
전주 여행,322,00,SN
전주 여행,322,18,SN
전주 여행,322,00,SN
전주 여행,322,연중무휴,NNG
전주 여행,322,대표,NNG
전주 여행,322,전화,NNG
전주 여행,322,054,SN
전주 여행,322,744,SN
전주 여행,322,3233,SN
전주 여행,322,입장료,NNG
전주 여행,322,무료,NNG
전주 여행,322,대말,NNG
전주 여행,322,체험,NNG
전주 여행,322,아이,NNG
전주 여행,322,함께,MAG
전주 여행,322,점심,NNG
전주 여행,322,시간,NNG
전주 여행,322,12,SN
전주 여행,322,00,SN
전주 여행,322,13,SN
전주 여행,322,00,SN
전주 여행,322,운영,NNG
전주 여행,323,코스,NNG
전주 여행,323,읍천항,NNP
전주 여행,323,주상,NNG
전주 여행,323,절리,NNG
전주 여행,323,파도,NNG
전주 여행,323,소리,NNG
전주 여행,323,주상,NNG
전주 여행,323,절리,NNG
전주 여행,323,제주도,NNP
전주 여행,323,만큼,JKB
전주 여행,323,이나,JX
전주 여행,323,이쁜,VA+ETM
전주 여행,323,게다가,MAG
전주 여행,323,조용,XR
전주 여행,323,읍천항,NNP
전주 여행,323,코스,NNG
전주 여행,323,읍천항,NNP
전주 여행,323,자리,NNG
전주 여행,323,주상,NNG
전주 여행,323,절리,NNG
전주 여행,323,파도,NNG
전주 여행,323,소리,NNG
전주 여행,323,주차장,NNG
전주 여행,323,갖추,VV
전주 여행,323,따라,VV+EC
전주 여행,323,등대,NNG
전주 여행,323,까지,JX
전주 여행,324,교리,NNG
전주 여행,324,김밥,NNG
전주 여행,324,맛집,NNG
전주 여행,324,면서,EC
전주 여행,324,들린,VV+ETM
전주 여행,324,김밥,NNG
전주 여행,324,남산,NNG
전주 여행,324,등산,NNG
전주 여행,324,포함,NNG
전주 여행,324,해서,XSV+EC
전주 여행,324,당일,NNG
전주 여행,324,계획,NNG
전주 여행,324,다녀왔,VV+EP
전주 여행,324,습니다,EF
전주 여행,324,코스,NNG
전주 여행,324,에선,JKB+JX
전주 여행,324,여하튼,MAJ
전주 여행,324,처럼,JKB
전주 여행,324,정도,NNG
전주 여행,324,라는,ETM
전주 여행,324,생각,NNG
전주 여행,324,네요,EF
전주 여행,324,특히나,MAG
전주 여행,324,남산,NNG
전주 여행,325,놀부,NNG
전주 여행,325,보쌈,NNG
전주 여행,325,황오,NNP
전주 여행,325,배달,NNG
전주 여행,325,후기,NNG
전주 여행,325,숙소,NNG
전주 여행,325,황남,NNG
전주 여행,325,머물,VV
전주 여행,325,어요,EF
전주 여행,325,저녁,NNG
전주 여행,325,아이,NNG
전주 여행,325,지치,VV
전주 여행,325,배민,NNG
전주 여행,325,놀부,NNG
전주 여행,325,보쌈,NNG
전주 여행,325,검색,NNG
전주 여행,325,황오,NNP
전주 여행,325,에서,JKB
전주 여행,325,배달,NNG
전주 여행,325,가능,NNG
전주 여행,325,다고,EC
전주 여행,325,나오,VV
전주 여행,325,네요,EF
전주 여행,325,저희,NP
전주 여행,325,황남,NNG
전주 여행,325,머물,VV
전주 여행,325,때문,NNB
전주 여행,326,안녕,IC
전주 여행,326,2014,SN
전주 여행,326,2014,SN
전주 여행,326,그냥,MAG
전주 여행,326,보내,VV
전주 여행,326,아쉬워서,VA+EC
전주 여행,326,기차,NNG
전주 여행,326,떠났,VV+EP
전주 여행,326,일전,NNG
전주 여행,326,크리스마스,NNG
전주 여행,326,오늘,NNG
전주 여행,326,안녕,NNG
전주 여행,326,2014,SN
전주 여행,326,이번,NNG
전주 여행,326,럭셔리,XR
전주 여행,326,컨셉,NNG
전주 여행,326,으로,JKB
전주 여행,326,호텔,NNG
전주 여행,326,에서,JKB
전주 여행,327,알라딘,NNP
전주 여행,327,서재,NNP
전주 여행,327,이야기,NNG
전주 여행,327,일상,NNG
전주 여행,327,고고학,NNG
전주 여행,327,혼자,MAG
전주 여행,327,무대,NNG
전주 여행,327,에세이,NNG
전주 여행,327,만날,VV+ETM
전주 여행,327,으로,JKB
전주 여행,327,에서,JKB
전주 여행,327,유명,XR
전주 여행,327,문화재,NNG
전주 여행,327,대한,VV+ETM
전주 여행,327,사전,NNG
전주 여행,327,지식,NNG
전주 여행,327,줄줄,MAG
전주 여행,327,얼마,NNG
전주 여행,327,든지,VCP+EC
전주 여행,327,재미있,VA
전주 여행,327,의미,NNG
전주 여행,328,알라딘,NNP
전주 여행,328,100,SN
전주 여행,328,자평,NNG
전주 여행,328,일상,NNG
전주 여행,328,고고학,NNG
전주 여행,328,혼자,MAG
전주 여행,328,일상,NNG
전주 여행,328,고고학,NNG
전주 여행,328,혼자,MAG
전주 여행,328,개정,NNG
전주 여행,328,증보판,NNG
전주 여행,328,일상,NNG
전주 여행,328,고고학,NNG
전주 여행,328,시리즈,NNG
전주 여행,328,황윤,NNG
전주 여행,328,지음,NNG
전주 여행,328,고양이,NNG
전주 여행,328,대한,VV+ETM
전주 여행,328,깊이,MAG
전주 여행,328,이야기,NNG
전주 여행,328,호기심,NNG
전주 여행,328,해줍니다,XSV+EC+VX+EF
전주 여행,328,100,SN
전주 여행,328,다니,EC
전주 여행,328,정말,MAG
전주 여행,328,대단,XR
전주 여행,328,습니다,EF
전주 여행,329,알라딘,NNP
전주 여행,329,100,SN
전주 여행,329,자평,NNG
전주 여행,329,일상,NNG
전주 여행,329,고고학,NNG
전주 여행,329,혼자,MAG
전주 여행,329,일상,NNG
전주 여행,329,고고학,NNG
전주 여행,329,혼자,MAG
전주 여행,329,개정,NNG
전주 여행,329,증보판,NNG
전주 여행,329,일상,NNG
전주 여행,329,고고학,NNG
전주 여행,329,시리즈,NNG
전주 여행,329,황윤,NNG
전주 여행,329,지음,NNG
전주 여행,329,고양이,NNG
전주 여행,329,2020,SN
전주 여행,329,10,SN
전주 여행,329,평점,NNG
전주 여행,329,신라,NNP
전주 여행,329,마니아,NNG
전주 여행,329,로부터,JKB
전주 여행,329,기라,NNG
전주 여행,329,관심,NNG
전주 여행,329,가요,NNG
전주 여행,329,고고학,NNG
전주 여행,329,관점,NNG
전주 여행,329,으로,JKB
전주 여행,330,석빙고,NNG
전주 여행,330,색다른,VA+ETM
전주 여행,330,볼거리,NNG
전주 여행,330,근처,NNG
전주 여행,330,안압,NNG
전주 여행,330,색다른,VA+ETM
전주 여행,330,볼거리,NNG
전주 여행,330,석빙고,NNG
전주 여행,330,이번,NNG
전주 여행,330,에서,JKB
전주 여행,330,다녀온,VV+ETM
전주 여행,330,석빙고,NNG
전주 여행,330,입니다,VCP+EF
전주 여행,330,석빙고,NNG
전주 여행,330,영조,NNG
전주 여행,330,만들,VV
전주 여행,330,일종,NNG
전주 여행,330,얼음,NNG
전주 여행,330,창고,NNG
전주 여행,330,근처,NNG
전주 여행,330,첨성대,NNG
전주 여행,330,비롯,XR
전주 여행,330,몰려,VV+EC
전주 여행,330,어서,EC
전주 여행,330,함께,MAG
전주 여행,331,가본,NNG
전주 여행,331,동궁,NNG
전주 여행,331,예쁜,VA+ETM
전주 여행,331,만나,VV
전주 여행,331,커피,NNG
전주 여행,331,열매,NNG
전주 여행,331,으면서,EC
전주 여행,331,노천온천,NNP
전주 여행,331,행복,NNG
전주 여행,332,황리,NNG
전주 여행,332,보문,NNG
전주 여행,332,단지,MAG
전주 여행,332,왕릉,NNG
전주 여행,332,탐방,NNG
전주 여행,332,데이트,NNG
전주 여행,332,코스,NNG
전주 여행,332,https,SL
전주 여행,332,youtu,SL
전주 여행,332,be,SL
전주 여행,332,nZzijKooIk,SL
전주 여행,332,황리,NNG
전주 여행,332,예쁘,VA
전주 여행,332,마음,NNG
전주 여행,332,낭만,NNG
전주 여행,332,으로,JKB
전주 여행,332,차오르,VV
전주 여행,332,경상도,NNP
전주 여행,332,에서,JKB
전주 여행,332,흔치,VA+EC
전주 여행,332,거리,NNG
전주 여행,332,바로,MAG
전주 여행,332,유적지,NNG
전주 여행,332,오래,MAG
전주 여행,332,한옥,NNG
전주 여행,332,고도,NNG
전주 여행,332,사뭇,MAG
전주 여행,332,어울리,VV
전주 여행,332,면서도,EC
전주 여행,333,밀면,NNP
전주 여행,333,에서,JKB
전주 여행,333,맛보,VV
전주 여행,333,가격,NNG
전주 여행,333,착해,VA+EC
전주 여행,333,5000,SN
전주 여행,333,비빔,NNG
전주 여행,333,물밀,VV
전주 여행,333,5000,SN
전주 여행,333,떡갈비,NNG
전주 여행,333,2000,SN
전주 여행,333,12,SN
전주 여행,333,000,SN
전주 여행,333,밥상,NNG
전주 여행,333,그리고,MAJ
전주 여행,333,뜨거운,VA+ETM
전주 여행,333,육수,NNG
전주 여행,333,까지,JX
전주 여행,333,평가,NNG
전주 여행,333,입맛,NNG
전주 여행,333,따라,VV+EC
전주 여행,333,취향,NNG
전주 여행,333,따루,MAG
전주 여행,333,따루,MAG
전주 여행,334,엑스,NNG
전주 여행,334,포대,NNG
전주 여행,334,공원,NNG
전주 여행,334,2025,SN
전주 여행,334,08,SN
전주 여행,334,16,SN
전주 여행,334,푸른,VA+ETM
전주 여행,334,애벌레,NNG
전주 여행,334,둘째,NR
전주 여행,334,보문호,NNP
전주 여행,334,주변,NNG
전주 여행,334,10,SN
전주 여행,334,엑스,NNG
전주 여행,334,포대,NNG
전주 여행,334,공원,NNG
전주 여행,334,입장,NNG
전주 여행,334,엑스포,NNG
전주 여행,334,기념관,NNG
전주 여행,334,천마,NNG
전주 여행,334,궁전,NNG
전주 여행,334,타워,NNG
전주 여행,334,솔거,NNG
전주 여행,334,미술관,NNG
전주 여행,334,자연사,NNG
전주 여행,334,박물관,NNG
전주 여행,335,2020,SN
전주 여행,335,동방역,NNP
전주 여행,335,능소화,NNG
전주 여행,335,서출지,NNG
전주 여행,335,경북,NNP
전주 여행,335,산림,NNG
전주 여행,335,연구원,NNG
전주 여행,335,2020,SN
전주 여행,335,25,SN
전주 여행,335,동방역,NNP
전주 여행,335,능소화,NNG
전주 여행,335,서출지,NNG
전주 여행,335,경북,NNP
전주 여행,335,산림,NNG
전주 여행,335,연구원,NNG
전주 여행,336,모녀,NNG
전주 여행,336,함께,MAG
전주 여행,336,바보,NNG
전주 여행,336,블로그,NNG
전주 여행,336,모녀,NNG
전주 여행,336,함께,MAG
전주 여행,336,2019,SN
전주 여행,336,10,SN
전주 여행,336,15,SN
전주 여행,336,첨성대,NNG
전주 여행,336,야생,NNG
전주 여행,336,단지,MAG
전주 여행,336,계림,NNG
전주 여행,336,월지,NNG
전주 여행,336,안압지,NNP
전주 여행,336,계림,NNP
전주 여행,336,월지,NNP
전주 여행,336,안압지,NNP
전주 여행,336,야경,NNG
전주 여행,336,박물관,NNG
전주 여행,336,10,SN
전주 여행,336,16,SN
전주 여행,336,김유신,NNP
전주 여행,336,장군,NNG
전주 여행,337,석굴암,NNG
전주 여행,337,2018,SN
전주 여행,337,10,SN
전주 여행,338,알라딘,NNP
전주 여행,338,100,SN
전주 여행,338,자평,NNG
전주 여행,338,일상,NNG
전주 여행,338,고고학,NNG
전주 여행,338,혼자,MAG
전주 여행,338,일상,NNG
전주 여행,338,고고학,NNG
전주 여행,338,혼자,MAG
전주 여행,338,개정,NNG
전주 여행,338,증보판,NNG
전주 여행,338,일상,NNG
전주 여행,338,고고학,NNG
전주 여행,338,시리즈,NNG
전주 여행,338,황윤,NNG
전주 여행,338,지음,NNG
전주 여행,338,고양이,NNG
전주 여행,338,2020,SN
전주 여행,338,10,SN
전주 여행,338,평점,NNG
전주 여행,338,삼국,NNG
전주 여행,338,시대,NNG
전주 여행,338,관한,VV+ETM
전주 여행,338,거의,MAG
전주 여행,338,모든,MM
전주 여행,338,자료,NNG
전주 여행,338,섭렵,NNG
전주 여행,338,소장,NNG
전주 여행,338,역사,NNG
전주 여행,338,학자,NNG
전주 여행,338,순수,NNG
전주 여행,338,시각,NNG
전주 여행,338,생생,XR
전주 여행,339,알라딘,NNP
전주 여행,339,일상,NNG
전주 여행,339,고고학,NNG
전주 여행,339,혼자,MAG
전주 여행,339,일상,NNG
전주 여행,339,고고학,NNG
전주 여행,339,혼자,MAG
전주 여행,339,개정,NNG
전주 여행,339,증보판,NNG
전주 여행,339,일상,NNG
전주 여행,339,고고학,NNG
전주 여행,339,시리즈,NNG
전주 여행,339,황윤,NNG
전주 여행,339,지음,NNG
전주 여행,339,고양이,NNG
전주 여행,339,2020,SN
전주 여행,339,10,SN
전주 여행,339,평점,NNG
전주 여행,339,수학,NNG
전주 여행,339,으로,JKB
전주 여행,339,추억,NNG
전주 여행,339,다시,MAG
전주 여행,339,한번,MAG
전주 여행,339,역사,NNG
전주 여행,339,그렇,VA
전주 여행,339,수록,EC
전주 여행,340,경비,NNG
전주 여행,340,혼자,NNG
전주 여행,340,떠난,VV+ETM
전주 여행,340,이동,NNG
전주 여행,340,수단,NNG
전주 여행,340,시외버스,NNG
전주 여행,340,버스,NNG
전주 여행,340,택시,NNG
전주 여행,340,시티투어,NNP
전주 여행,340,버스,NNG
전주 여행,340,Total,SL
전주 여행,340,13,SN
전주 여행,340,140,SN
전주 여행,340,기타,NNG
전주 여행,340,생필품,NNG
전주 여행,340,샴푸,NNG
전주 여행,340,린스,NNG
전주 여행,340,바디,NNG
전주 여행,340,워시,NNP
전주 여행,340,버블,NNG
전주 여행,340,490,SN
전주 여행,340,Total,SL
전주 여행,340,경비,NNG
전주 여행,340,148,SN
전주 여행,340,080,SN
전주 여행,341,경북,NNP
전주 여행,341,현대,NNG
전주 여행,341,호텔,NNG
전주 여행,341,현대,NNP
전주 여행,341,호텔,NNG
전주 여행,341,현대,NNG
전주 여행,341,호텔,NNG
전주 여행,341,보문,NNP
전주 여행,341,수상,NNG
전주 여행,341,공연장,NNG
전주 여행,341,보문관광단지,NNP
전주 여행,341,보문호,NNP
전주 여행,341,반길,VV+ETM
전주 여행,341,신라,NNP
전주 여행,341,컨트리클럽,NNG
전주 여행,341,숙박,NNG
전주 여행,341,현대,NNG
전주 여행,341,호텔,NNG
전주 여행,341,방문,NNG
전주 여행,341,일자,NNG
전주 여행,341,2016,SN
전주 여행,341,현대,NNG
전주 여행,341,호텔,NNG
전주 여행,341,경북,NNP
전주 여행,341,신평동,NNP
전주 여행,342,석굴암,NNG
전주 여행,342,불국사,NNG
전주 여행,342,09,SN
전주 여행,342,43,SN
전주 여행,342,석굴암,NNG
전주 여행,342,불국사,NNG
전주 여행,342,일시,NNG
전주 여행,342,2011,SN
전주 여행,342,22,SN
전주 여행,342,24,SN
전주 여행,342,장소,NNG
전주 여행,342,세째,NR
전주 여행,342,24,SN
전주 여행,342,석굴암,NNG
전주 여행,342,불국사,NNG
전주 여행,342,참여,NNG
전주 여행,342,우리,NP
전주 여행,342,가족,NNG
전주 여행,342,송국영,NNP
전주 여행,342,안종,NNP
전주 여행,342,송진주,NNP
전주 여행,342,김홍식,NNP
전주 여행,342,김연우,NNP
전주 여행,342,연주,NNP
전주 여행,342,조광민,NNP
전주 여행,343,대릉원,NNG
전주 여행,343,스탬프,NNG
전주 여행,343,투어,NNG
전주 여행,343,다섯,NR
전주 여행,343,이야기,NNG
전주 여행,343,대릉원,NNG
전주 여행,343,천마,NNG
전주 여행,343,경북,NNP
전주 여행,343,스탬프,NNG
전주 여행,343,투어,NNG
전주 여행,343,오릉,NNG
전주 여행,343,대릉원,NNG
전주 여행,343,천마총,NNG
전주 여행,343,오릉,NNG
전주 여행,343,교촌,NNG
전주 여행,343,마을,NNG
전주 여행,343,투어,NNG
전주 여행,343,마치,VV
전주 여행,343,다음,NNG
전주 여행,343,으로,JKB
전주 여행,343,찾아간,VV+ETM
전주 여행,343,바로,MAG
전주 여행,343,오릉,NNG
전주 여행,343,교촌,NNG
전주 여행,343,마을,NNG
전주 여행,343,면서,EC
전주 여행,343,조금,MAG
전주 여행,343,지치,VV
전주 여행,343,느낌,NNG
전주 여행,343,는데,EC
전주 여행,344,유적지,NNG
전주 여행,344,트레,NNP
전주 여행,344,대상지,NNG
전주 여행,344,유적지,NNG
전주 여행,344,트레,NNP
전주 여행,344,소재지,NNG
전주 여행,344,경북,NNP
전주 여행,344,2023,SN
전주 여행,344,10,SN
전주 여행,344,동궁,NNG
전주 여행,344,월지,NNG
전주 여행,344,반월,NNG
전주 여행,344,교촌,NNG
전주 여행,344,대릉원,NNG
전주 여행,344,44,SN
전주 여행,344,고분,NNG
전주 여행,344,분황사,NNG
전주 여행,344,황룡사,NNG
전주 여행,344,역사,NNG
전주 여행,344,문화원,NNG
전주 여행,344,동궁,NNG
전주 여행,344,월지,NNG
전주 여행,344,주차장,NNG
전주 여행,344,Km,SL
전주 여행,344,반월,NNG
전주 여행,344,에서,JKB
전주 여행,345,동궁,NNG
전주 여행,345,월지,NNG
전주 여행,345,안압지,NNP
전주 여행,345,야경,NNG
전주 여행,345,해외,NNG
전주 여행,345,이야기,NNG
전주 여행,345,후기,NNG
전주 여행,345,동궁,NNG
전주 여행,345,월지,NNG
전주 여행,345,안압지,NNP
전주 여행,345,야경,NNG
전주 여행,345,훌리아,NNP
전주 여행,345,2020,SN
전주 여행,345,25,SN
전주 여행,345,15,SN
전주 여행,345,17,SN
전주 여행,345,2019,SN
전주 여행,345,여름,NNG
전주 여행,345,사진,NNG
전주 여행,345,보관,NNG
전주 여행,345,구독,NNG
전주 여행,345,해외,NNG
전주 여행,345,이야기,NNG
전주 여행,345,후기,NNG
전주 여행,345,Related,SL
전주 여행,345,Articles,SL
전주 여행,346,2020,SN
전주 여행,346,06,SN
전주 여행,346,13,SN
전주 여행,346,14,SN
전주 여행,346,일요일,NNG
전주 여행,346,오전,NNG
전주 여행,346,오후,NNG
전주 여행,346,에서,JKB
전주 여행,346,고향,NNG
전주 여행,346,친구,NNG
전주 여행,346,함께,MAG
전주 여행,346,신라,NNP
전주 여행,346,대종,NNG
전주 여행,346,장맛비,NNG
전주 여행,346,시작,NNG
전주 여행,346,육월,NNP
전주 여행,346,중순,NNG
전주 여행,346,고향,NNG
전주 여행,346,친구,NNG
전주 여행,346,함께,MAG
전주 여행,346,에서,JKB
전주 여행,346,즐거운,VA+ETM
전주 여행,346,대릉원,NNG
전주 여행,346,돌담길,NNP
전주 여행,346,황리,NNG
전주 여행,347,이야기,NNG
전주 여행,347,계명,NNG
전주 여행,347,대학교,NNG
전주 여행,347,동산,NNG
전주 여행,347,병원,NNG
전주 여행,347,라고,EC
전주 여행,347,일자,NNG
전주 여행,347,2016,SN
전주 여행,347,인원,NNG
전주 여행,347,친구,NNG
전주 여행,347,함께,MAG
전주 여행,347,시외버스,NNG
전주 여행,347,터미널,NNG
전주 여행,347,경북,NNP
전주 여행,347,노서동,NNP
전주 여행,347,160,SN
전주 여행,347,전화,NNG
전주 여행,347,1666,SN
전주 여행,347,5599,SN
전주 여행,347,시외버스,NNG
전주 여행,347,터미널,NNG
전주 여행,348,알라딘,NNP
전주 여행,348,100,SN
전주 여행,348,자평,NNG
전주 여행,348,일상,NNG
전주 여행,348,고고학,NNG
전주 여행,348,혼자,MAG
전주 여행,348,일상,NNG
전주 여행,348,고고학,NNG
전주 여행,348,혼자,MAG
전주 여행,348,개정,NNG
전주 여행,348,증보판,NNG
전주 여행,348,일상,NNG
전주 여행,348,고고학,NNG
전주 여행,348,시리즈,NNG
전주 여행,348,황윤,NNG
전주 여행,348,지음,NNG
전주 여행,348,고양이,NNG
전주 여행,348,재미있,VA
전주 여행,348,길잡이,NNG
전주 여행,348,입니다,VCP+EF
전주 여행,348,풍부,XR
전주 여행,348,이해,NNG
전주 여행,349,코스,NNG
전주 여행,349,베스트,NNG
전주 여행,349,추천,NNG
전주 여행,349,top,SL
전주 여행,349,10,SN
전주 여행,349,코스,NNG
전주 여행,349,베스트,NNG
전주 여행,349,추천,NNG
전주 여행,349,top,SL
전주 여행,349,10,SN
전주 여행,349,코스,NNG
전주 여행,349,베스트,NNG
전주 여행,349,추천,NNG
전주 여행,349,top,SL
전주 여행,349,10,SN
전주 여행,349,소개,NNG
전주 여행,349,합니다,XSV+EC
전주 여행,349,황리,NNG
전주 여행,349,상호,NNG
전주 여행,349,황리,NNG
전주 여행,349,주소,NNG
전주 여행,349,경상북도,NNP
전주 여행,349,황남동,NNP
전주 여행,349,280,SN
전주 여행,349,전화,NNG
전주 여행,349,번호,NNG
전주 여행,349,입력,NNG
전주 여행,349,관련,NNG
전주 여행,349,키워드,NNP
전주 여행,349,키워드,NNP
전주 여행,350,코스,NNG
전주 여행,350,뚜벅,MAG
전주 여행,350,불국사,NNP
전주 여행,350,석굴암,NNG
전주 여행,350,중교,NNG
전주 여행,350,naver,SL
전주 여행,350,com,SL
전주 여행,350,loveartlove,SL
전주 여행,350,223054447834,SN
전주 여행,350,다시,MAG
전주 여행,350,서울,NNP
전주 여행,350,올라갈,VV+ETM
전주 여행,350,불국사,NNP
전주 여행,350,불국사,NNP
전주 여행,350,국보,NNG
전주 여행,350,다보탑,NNG
전주 여행,350,석가탑,NNG
전주 여행,350,석굴암,NNG
전주 여행,350,입장료,NNG
전주 여행,351,불국사,NNG
전주 여행,351,스탬프,NNG
전주 여행,351,투어,NNG
전주 여행,351,이야기,NNG
전주 여행,351,불국사,NNP
전주 여행,351,석굴암,NNG
전주 여행,351,경북,NNP
전주 여행,351,스탬프,NNG
전주 여행,351,투어,NNG
전주 여행,351,가을,NNG
전주 여행,351,불국사,NNG
전주 여행,351,석굴암,NNG
전주 여행,351,동리,NNG
전주 여행,351,문학관,NNG
전주 여행,351,구경,NNG
전주 여행,351,마치,VV
전주 여행,351,다음,NNG
전주 여행,351,으로,JKB
전주 여행,351,장소,NNG
전주 여행,351,핵심,NNG
전주 여행,351,메카,NNP
전주 여행,351,바로,MAG
전주 여행,351,불국사,NNP
전주 여행,351,석굴암,NNG
전주 여행,352,황리,NNG
전주 여행,352,한옥,NNG
전주 여행,352,카페,NNG
전주 여행,352,추천,NNG
전주 여행,352,카페,NNP
전주 여행,352,아덴,NNP
전주 여행,352,카페,NNP
전주 여행,352,아덴,NNP
전주 여행,352,위치,NNG
전주 여행,352,경북,NNP
전주 여행,352,사정,NNG
전주 여행,352,57,SN
전주 여행,352,운영,NNG
전주 여행,352,시간,NNG
전주 여행,352,매일,MAG
전주 여행,352,10,SN
전주 여행,352,와서,VV+EC
전주 여행,352,으로,JKB
전주 여행,352,채울,VV+ETM
전주 여행,352,어서,EC
전주 여행,352,어요,EF
전주 여행,352,실시간,NNG
전주 여행,352,예보,NNG
전주 여행,352,너무,MAG
전주 여행,352,커피,NNG
전주 여행,352,아덴,NNP
전주 여행,352,시그,NNP
전주 여행,353,알라딘,NNP
전주 여행,353,100,SN
전주 여행,353,자평,NNG
전주 여행,353,일상,NNG
전주 여행,353,고고학,NNG
전주 여행,353,혼자,MAG
전주 여행,353,일상,NNG
전주 여행,353,고고학,NNG
전주 여행,353,혼자,MAG
전주 여행,353,개정,NNG
전주 여행,353,증보판,NNG
전주 여행,353,일상,NNG
전주 여행,353,고고학,NNG
전주 여행,353,시리즈,NNG
전주 여행,353,황윤,NNG
전주 여행,353,지음,NNG
전주 여행,353,고양이,NNG
전주 여행,353,2020,SN
전주 여행,353,10,SN
전주 여행,353,평점,NNG
전주 여행,353,대한,VV+ETM
전주 여행,353,아름다움,VA+ETN
전주 여행,353,느낄,VV+ETM
전주 여행,353,기대,NNG
전주 여행,353,됩니다,XSV+EC
전주 여행,354,알라딘,NNP
전주 여행,354,서재,NNP
전주 여행,354,필수,NNG
전주 여행,354,필요,NNG
전주 여행,354,지식,NNG
전주 여행,354,설명,NNG
전주 여행,354,이해,NNG
전주 여행,354,사진,NNG
전주 여행,354,정보,NNG
전주 여행,354,가득,MAG
전주 여행,354,서울,NNP
전주 여행,354,이어,MAG
전주 여행,354,역사,NNG
전주 여행,354,꿈꾸,VV
전주 여행,354,한옥,NNG
전주 여행,354,에서,JKB
전주 여행,354,독서,NNG
전주 여행,354,모임,NNG
전주 여행,354,다가,EC
전주 여행,354,바로,MAG
전주 여행,354,주문,NNG
전주 여행,354,역사,NNG
전주 여행,354,예정,NNG
전주 여행,355,에서,JKB
전주 여행,355,걸어서,VV+EC
전주 여행,355,대릉원,NNG
전주 여행,355,까지,JX
전주 여행,355,대릉원,NNG
전주 여행,355,담장,NNG
전주 여행,355,2018,SN
전주 여행,355,11,SN
전주 여행,355,이번,NNG
전주 여행,355,천천히,MAG
전주 여행,355,걸으며,VV+EC
전주 여행,355,가을,NNG
전주 여행,355,만끽,NNG
전주 여행,355,컨셉,NNG
전주 여행,355,마침,MAG
전주 여행,355,가을,NNG
전주 여행,355,분위기,NNG
전주 여행,355,한껏,MAG
전주 여행,355,고조,NNG
전주 여행,355,시켜,XSV+EC
전주 여행,355,벚나무,NNG
전주 여행,355,좌우,NNG
전주 여행,355,어서,EC
전주 여행,355,마다,JX
전주 여행,355,가지,VV
전주 여행,355,와서,VV+EC
전주 여행,356,Knowledge,SL
전주 여행,356,Box,SL
전주 여행,356,슈만,NNP
전주 여행,356,클라라,NNP
전주 여행,356,도착,NNG
전주 여행,356,제일,MAG
전주 여행,356,먼저,MAG
전주 여행,356,슈만,NNP
전주 여행,356,클라라,NNP
전주 여행,356,라는,VCP+ETM
전주 여행,356,cafe,SL
전주 여행,356,위치,NNG
전주 여행,356,요기,NP
전주 여행,356,여기,NP
전주 여행,356,버스,NNG
전주 여행,356,려고,EC
전주 여행,356,는데,EC
전주 여행,356,버스,NNG
전주 여행,356,너무,MAG
전주 여행,356,와서,VV+EC
전주 여행,356,택시,NNG
전주 여행,356,그러나,MAJ
전주 여행,356,다음,NNG
전주 여행,356,문제,NNG
전주 여행,356,계속,MAG
전주 여행,357,2303,SN
전주 여행,357,봄꽃,NNG
전주 여행,357,습니다,EF
전주 여행,357,벌써,MAG
전주 여행,357,마지막,NNG
전주 여행,357,월요일,NNG
전주 여행,357,찾아간,VV+ETM
전주 여행,357,벚꽃,NNG
전주 여행,357,상춘객,NNG
전주 여행,357,으로,JKB
전주 여행,357,많이,MAG
전주 여행,357,붐볐,VV+EP
전주 여행,357,습니다,EF
전주 여행,357,에서,JKB
전주 여행,357,점심,NNG
전주 여행,357,집사람,NNG
전주 여행,357,국도,NNG
전주 여행,357,천천히,MAG
전주 여행,357,올라가,VV
전주 여행,357,곳곳,NNG
전주 여행,357,벚꽃,NNG
전주 여행,357,자랑,NNG
전주 여행,357,열중,NNG
전주 여행,358,황리,NNG
전주 여행,358,맛집,NNG
전주 여행,358,여도,NNG
전주 여행,358,영업,NNG
전주 여행,358,종료,NNG
전주 여행,358,오늘,NNG
전주 여행,358,맛집,NNG
전주 여행,358,황리,NNG
전주 여행,358,맛집,NNG
전주 여행,358,여주,NNG
전주 여행,358,이야기,NNG
전주 여행,358,함께,MAG
전주 여행,358,해요,VV+EF
전주 여행,358,다만,MAJ
전주 여행,358,현재,MAG
전주 여행,358,여도,NNG
전주 여행,358,다는,ETM
전주 여행,358,저희,NP
전주 여행,358,기록,NNG
전주 여행,358,해서,VV+EC
전주 여행,358,그냥,MAG
전주 여행,358,포스팅,NNP
전주 여행,358,진행,NNG
전주 여행,358,참고,NNG
전주 여행,358,세요,EP+EF
전주 여행,358,한옥,NNP
전주 여행,358,외관,NNG
전주 여행,358,눈길,NNG
전주 여행,359,황리,NNG
전주 여행,359,주전부리,NNG
전주 여행,359,황금,NNG
전주 여행,359,황남,NNG
전주 여행,359,옥수수,NNG
전주 여행,359,청년,NNG
전주 여행,359,분식,NNG
전주 여행,359,황리,NNG
전주 여행,359,주전부리,NNG
전주 여행,359,저녁,NNG
전주 여행,359,출출,XR
전주 여행,359,해서,XSA+EC
전주 여행,359,황리,NNG
전주 여행,359,주전부리,NNG
전주 여행,359,우선,MAG
전주 여행,359,급한,VA+ETM
전주 여행,359,결론,NNG
전주 여행,359,부터,JX
전주 여행,359,자면,EC
전주 여행,359,청년,NNG
전주 여행,359,분식,NNG
전주 여행,359,황남,NNG
전주 여행,359,옥수수,NNG
전주 여행,359,모두,MAG
전주 여행,359,아쉽,VA
전주 여행,359,청년,NNG
전주 여행,359,분식,NNG
전주 여행,359,쥬얼,NNP
전주 여행,359,우릴,VV+ETM
전주 여행,359,유혹,NNG
전주 여행,359,뭔가,NP+VCP+EC
전주 여행,360,13,SN
전주 여행,360,성동,NNG
전주 여행,360,시장,NNG
전주 여행,360,구경,NNG
전주 여행,360,가을,NNG
전주 여행,360,기차,NNG
전주 여행,360,피날레,NNG
전주 여행,360,2018,SN
전주 여행,360,11,SN
전주 여행,360,즐거웠,VA+EP
전주 여행,360,가을,NNG
전주 여행,360,기차,NNG
전주 여행,360,단풍,NNG
전주 여행,360,맘껏,MAG
전주 여행,360,누리,VV
전주 여행,360,돌아가,VV
전주 여행,360,노란,VA+ETM
전주 여행,360,은행,NNG
전주 여행,360,낙엽,NNG
전주 여행,360,올려,VV+EC
전주 여행,360,어야,EC
전주 여행,360,는데,EC
전주 여행,360,언니,NNG
전주 여행,360,수고,NNG
전주 여행,360,어염,EF
전주 여행,360,숙소,NNG
전주 여행,360,변경,NNG
전주 여행,360,지도자,NNG
전주 여행,360,언니,NNG
전주 여행,360,짝짝,MAG
전주 여행,361,첨성대,NNG
전주 여행,361,대릉원,NNG
전주 여행,361,주차,NNG
전주 여행,361,주차장,NNG
전주 여행,361,대릉원,NNG
전주 여행,361,주차장,NNG
전주 여행,361,여기,NP
전주 여행,361,매표,NNG
전주 여행,361,해야,VV+EC
전주 여행,361,들어갈,VV+ETM
전주 여행,361,어서,EC
전주 여행,361,그냥,MAG
전주 여행,361,혼자,NNG
전주 여행,361,굳이,MAG
전주 여행,361,들어갈,VV+ETM
전주 여행,361,필요,NNG
전주 여행,361,느꼈,VV+EP
전주 여행,361,네요,EF
전주 여행,361,편하,VA
전주 여행,361,드라이브,NNG
전주 여행,361,둘러본,VV+ETM
전주 여행,361,그리고,MAJ
전주 여행,361,그곳,NP
전주 여행,361,에서,JKB
전주 여행,361,만난,VV+ETM
전주 여행,361,첨성대,NNG
전주 여행,362,안녕,IC
전주 여행,362,2014,SN
전주 여행,362,2014,SN
전주 여행,362,마지막,NNG
전주 여행,362,에서,JKB
전주 여행,362,멋진,VA+ETM
전주 여행,362,선물,NNG
전주 여행,362,눈발,NNG
전주 여행,362,날리,VV
전주 여행,362,시작,NNG
전주 여행,362,한다,XSV+EF
전주 여행,362,그리고,MAJ
전주 여행,362,금방,MAG
전주 여행,362,하얀,VA+ETM
전주 여행,362,세상,NNG
전주 여행,362,으로,JKB
전주 여행,362,변한다,VV+EC
전주 여행,362,눈길,NNG
전주 여행,362,산책,NNG
전주 여행,362,불국사,NNP
전주 여행,362,에서,JKB
전주 여행,362,기차,NNG
전주 여행,362,마무리,NNG
전주 여행,362,한다,XSV+EF
전주 여행,362,다시,MAG
전주 여행,362,화창,XR
전주 여행,362,해진,XSA+EC+VX+ETM
전주 여행,362,하늘,NNG
전주 여행,363,야경,NNG
전주 여행,363,다른,MM
전주 여행,363,매력,NNG
전주 여행,363,정교,NNG
전주 여행,363,분위기,NNG
전주 여행,363,저녁,NNG
전주 여행,363,정교,NNG
전주 여행,363,방문,NNG
전주 여행,363,추천,NNG
전주 여행,363,드립니다,VV+EF
전주 여행,363,켜진,VV+ETM
전주 여행,363,정교,NNG
전주 여행,363,신나,VV
전주 여행,363,사진,NNG
전주 여행,363,정교,NNG
전주 여행,363,야경,NNG
전주 여행,363,마지막,NNG
전주 여행,363,으로,JKB
전주 여행,363,떠나갑니다,VV+EF
전주 여행,363,여기,NP
전주 여행,363,신라,NNP
전주 여행,363,니까,VCP+EC
전주 여행,363,신라,NNP
전주 여행,363,해장국,NNG
전주 여행,363,즐거웠,VA+EP
전주 여행,363,습니다,EF
전주 여행,364,황남,NNG
전주 여행,364,맷돌,NNG
전주 여행,364,순두부,NNG
전주 여행,364,두부,NNG
전주 여행,364,보쌈,NNG
전주 여행,364,제육,NNG
전주 여행,364,순두부찌개,NNG
전주 여행,364,그리고,MAJ
전주 여행,364,황남,NNG
전주 여행,364,맷돌,NNG
전주 여행,364,순두부,NNG
전주 여행,364,영업시간,NNG
전주 여행,364,30,SN
전주 여행,364,까지,JX
전주 여행,364,황리,NNG
전주 여행,364,시작,NNG
전주 여행,364,으로,JKB
전주 여행,364,어지간,XR
전주 여행,364,밥집,NNG
전주 여행,364,영업,NNG
전주 여행,364,마감,NNG
전주 여행,364,진짜,MAG
전주 여행,364,고기,NNG
전주 여행,364,맛있,VA
전주 여행,364,두부,NNG
전주 여행,364,순두부찌개,NNG
전주 여행,364,맛나,VA
전주 여행,364,호랑이,NNG
전주 여행,364,막걸리,NNG
전주 여행,364,완전,MAG
전주 여행,364,맛있,VA
전주 여행,364,어서,EC
전주 여행,365,마치,VV
전주 여행,365,울주,NNP
전주 여행,365,새벽,NNG
전주 여행,365,다가,EC
전주 여행,365,그친다,VV+EC
전주 여행,365,하늘,NNG
전주 여행,365,예쁘다,NNP
전주 여행,365,월드,NNG
전주 여행,365,판다,NNG
전주 여행,365,에서,JKB
전주 여행,365,점심,NNG
전주 여행,365,맛있,VA
전주 여행,365,친절,NNG
전주 여행,365,떡갈비,NNG
전주 여행,365,맛나,VA
전주 여행,365,계란찜,NNG
전주 여행,365,풍경,NNG
전주 여행,365,예쁘,VA
전주 여행,365,행복,NNG
전주 여행,365,울주,NNP
전주 여행,366,서출지,NNG
전주 여행,366,23,SN
전주 여행,366,28,SN
전주 여행,366,더운,VA+ETM
전주 여행,366,날씨,NNG
전주 여행,366,촬영,NNG
전주 여행,366,임했,VV+EP
전주 여행,366,사진가,NNG
전주 여행,366,에게,JKB
전주 여행,366,미안,NNG
전주 여행,366,생각,NNG
전주 여행,366,더운,VA+ETM
전주 여행,366,날씨,NNG
전주 여행,366,여러,MM
전주 여행,366,촬영,NNG
전주 여행,366,대작,NNG
전주 여행,366,으시,EP
전주 여행,366,무사히,MAG
전주 여행,366,습니다,EF
전주 여행,367,알라딘,NNP
전주 여행,367,100,SN
전주 여행,367,자평,NNG
전주 여행,367,우리,NP
전주 여행,367,아이,IC
전주 여행,367,우리,NP
전주 여행,367,아이,IC
전주 여행,367,세계,NNG
전주 여행,367,문화유산,NNG
전주 여행,367,아서,EC
전주 여행,367,개정판,NNG
전주 여행,367,답사,NNG
전주 여행,367,바로,MAG
전주 여행,367,역사,NNG
전주 여행,367,바로,MAG
전주 여행,367,박광일,NNP
전주 여행,367,전향,NNG
전주 여행,367,이야기,NNG
전주 여행,367,기획,NNG
전주 여행,367,성당,NNG
전주 여행,367,2011,SN
전주 여행,367,평점,NNG
전주 여행,367,초등,NNG
전주 여행,367,학교,NNG
전주 여행,367,학생,NNG
전주 여행,367,수학,NNG
전주 여행,368,알라딘,NNP
전주 여행,368,100,SN
전주 여행,368,자평,NNG
전주 여행,368,일상,NNG
전주 여행,368,고고학,NNG
전주 여행,368,혼자,MAG
전주 여행,368,일상,NNG
전주 여행,368,고고학,NNG
전주 여행,368,혼자,MAG
전주 여행,368,개정,NNG
전주 여행,368,증보판,NNG
전주 여행,368,일상,NNG
전주 여행,368,고고학,NNG
전주 여행,368,시리즈,NNG
전주 여행,368,황윤,NNG
전주 여행,368,지음,NNG
전주 여행,368,고양이,NNG
전주 여행,368,묻힌,VV+ETM
전주 여행,368,타임캡슐,NNG
전주 여행,368,신라,NNG
전주 여행,368,특별,NNG
전주 여행,368,시간,NNG
전주 여행,368,네요,EC
전주 여행,369,오늘,NNG
전주 여행,369,날씨,NNG
전주 여행,369,더우니,VA+EC
전주 여행,369,마을,NNG
전주 여행,369,식당,NNG
전주 여행,369,에서,JKB
전주 여행,369,맛난,VA+ETM
전주 여행,369,양념,NNG
전주 여행,369,게장,NNG
전주 여행,369,점심,NNG
전주 여행,369,힐튼,NNP
전주 여행,369,호텔,NNG
전주 여행,369,에서,JKB
전주 여행,369,커피,NNG
전주 여행,369,한잔,NNG
전주 여행,369,보문,NNG
전주 여행,369,단지,MAG
전주 여행,369,푸른,VA+ETM
전주 여행,369,나무,NNG
전주 여행,369,감상,NNG
전주 여행,369,커피,NNG
전주 여행,369,한잔,NNG
전주 여행,369,스콘,NNP
전주 여행,369,행복,NNG
전주 여행,369,월드,NNG
전주 여행,369,관람,NNG
전주 여행,369,보인다,VV+EF
전주 여행,369,한번,MAG
전주 여행,369,볼까,EC+VX+EC
전주 여행,370,압지,NNG
전주 여행,370,야경,NNG
전주 여행,370,투어,NNG
전주 여행,370,방문,NNG
전주 여행,370,아마도,MAG
전주 여행,370,보름달,NNG
전주 여행,370,보다,JKB
전주 여행,370,하늘,NNG
전주 여행,370,황청,NNG
전주 여행,370,연못,NNG
전주 여행,370,빠져,VV+EC
전주 여행,370,야경,NNG
전주 여행,370,함께,MAG
전주 여행,370,정말,MAG
전주 여행,370,멋진,VA+ETM
전주 여행,370,야경,NNG
전주 여행,370,보여,VV+EC
전주 여행,370,이래서,VV+EC
전주 여행,370,마다,JX
전주 여행,370,이곳,NP
전주 여행,370,압지,NNG
전주 여행,370,하나,NR
전주 여행,370,보다,JKB
전주 여행,371,알라딘,NNP
전주 여행,371,100,SN
전주 여행,371,자평,NNG
전주 여행,371,우리,NP
전주 여행,371,아이,IC
전주 여행,371,우리,NP
전주 여행,371,아이,IC
전주 여행,371,에서,JKB
전주 여행,371,신라,NNG
전주 여행,371,답사,NNG
전주 여행,371,바로,MAG
전주 여행,371,역사,NNG
전주 여행,371,바로,MAG
전주 여행,371,13,SN
전주 여행,371,박광일,NNP
전주 여행,371,2004,SN
전주 여행,371,평점,NNG
전주 여행,371,구판,NNG
전주 여행,371,절판,NNG
전주 여행,371,아이,NNG
전주 여행,371,눈높이,NNG
전주 여행,371,맞춰진,VV+EC+VX+ETM
전주 여행,372,알라딘,NNP
전주 여행,372,100,SN
전주 여행,372,자평,NNG
전주 여행,372,일상,NNG
전주 여행,372,고고학,NNG
전주 여행,372,혼자,MAG
전주 여행,372,일상,NNG
전주 여행,372,고고학,NNG
전주 여행,372,혼자,MAG
전주 여행,372,개정,NNG
전주 여행,372,증보판,NNG
전주 여행,372,일상,NNG
전주 여행,372,고고학,NNG
전주 여행,372,시리즈,NNG
전주 여행,372,황윤,NNG
전주 여행,372,지음,NNG
전주 여행,372,고양이,NNG
전주 여행,372,2020,SN
전주 여행,372,10,SN
전주 여행,372,평점,NNG
전주 여행,372,유익,NNG
전주 여행,372,아요,EC
전주 여행,373,알라딘,NNP
전주 여행,373,역사,NNG
전주 여행,373,관심,NNG
전주 여행,373,시작,NNG
전주 여행,373,해서,XSV+EC
전주 여행,373,함께,MAG
전주 여행,373,어요,EF
전주 여행,373,길래,EC
전주 여행,373,생각,NNG
전주 여행,373,는데,EC
전주 여행,373,그리,VV
전주 여행,373,마음,NNG
전주 여행,373,접하,VV
전주 여행,373,어요,EF
전주 여행,373,기억,NNG
전주 여행,373,가지,VV
전주 여행,373,는데,EC
전주 여행,373,아이,NNG
전주 여행,373,신라,NNG
전주 여행,373,배운,VV+ETM
전주 여행,373,그런지,VA+EC
전주 여행,373,동안,NNG
전주 여행,373,배운,VV+ETM
전주 여행,373,내용,NNG
전주 여행,373,생각,NNG
전주 여행,373,유적지,NNG
전주 여행,374,매화,NNG
전주 여행,374,산수유,NNG
전주 여행,374,만발,NNG
전주 여행,374,보문,NNG
전주 여행,374,단지,MAG
전주 여행,374,호수,NNG
전주 여행,374,산책,NNG
전주 여행,374,행복,NNG
전주 여행,374,마무리,NNG
전주 여행,375,알라딘,NNP
전주 여행,375,100,SN
전주 여행,375,자평,NNG
전주 여행,375,일상,NNG
전주 여행,375,고고학,NNG
전주 여행,375,혼자,MAG
전주 여행,375,일상,NNG
전주 여행,375,고고학,NNG
전주 여행,375,혼자,MAG
전주 여행,375,일상,NNG
전주 여행,375,시리즈,NNG
전주 여행,375,황윤,NNG
전주 여행,375,지음,NNG
전주 여행,375,고양이,NNG
전주 여행,375,2020,SN
전주 여행,375,10,SN
전주 여행,375,평점,NNG
전주 여행,375,마니아,NNG
전주 여행,375,알려,VV+EC
전주 여행,375,탐방기,NNG
전주 여행,375,그런지,VA+EC
전주 여행,375,대한,VV+ETM
전주 여행,375,알찬,VA+ETM
전주 여행,375,설명,NNG
전주 여행,375,습니다,EF
전주 여행,376,알라딘,NNP
전주 여행,376,100,SN
전주 여행,376,자평,NNG
전주 여행,376,일상,NNG
전주 여행,376,고고학,NNG
전주 여행,376,혼자,MAG
전주 여행,376,일상,NNG
전주 여행,376,고고학,NNG
전주 여행,376,혼자,MAG
전주 여행,376,개정,NNG
전주 여행,376,증보판,NNG
전주 여행,376,일상,NNG
전주 여행,376,고고학,NNG
전주 여행,376,시리즈,NNG
전주 여행,376,황윤,NNG
전주 여행,376,지음,NNG
전주 여행,376,고양이,NNG
전주 여행,376,2020,SN
전주 여행,376,10,SN
전주 여행,376,평점,NNG
전주 여행,376,아름다운,VA+ETM
전주 여행,376,풍경,NNG
전주 여행,376,고고학,NNG
전주 여행,376,우리,NP
전주 여행,376,지적,NNG
전주 여행,376,힐링,NNG
전주 여행,376,안겨,VV+EC
전주 여행,376,줘서,VX+EC
전주 여행,377,주상,NNG
전주 여행,377,절리,NNG
전주 여행,377,스탬프,NNG
전주 여행,377,투어,NNG
전주 여행,377,목적지,NNG
전주 여행,377,주상,NNG
전주 여행,377,스탬프,NNG
전주 여행,377,투어,NNG
전주 여행,377,주상,NNG
전주 여행,377,절리,NNG
전주 여행,377,해변,NNG
전주 여행,377,둘레길,NNP
전주 여행,377,주상,NNG
전주 여행,377,절리,NNG
전주 여행,377,파도,NNG
전주 여행,377,소리,NNG
전주 여행,377,드디어,MAG
전주 여행,377,시작,NNG
전주 여행,377,대한,VV+ETM
전주 여행,377,때문,NNB
전주 여행,377,을까,EC
전주 여행,377,오랫만,NNG
전주 여행,377,밤잠,NNG
전주 여행,377,설치,VV
전주 여행,377,다가,EC
전주 여행,377,시계,NNG
전주 여행,377,조금,MAG
전주 여행,377,시간,NNG
전주 여행,378,FeRed,SL
전주 여행,378,Conundrum,SL
전주 여행,378,of,SL
전주 여행,378,Life,SL
전주 여행,378,불국사,NNP
전주 여행,378,황남빵,NNP
전주 여행,378,교리,NNG
전주 여행,378,김밥,NNG
전주 여행,378,내소,NNG
전주 여행,378,Theme,SL
전주 여행,378,불국사,NNP
전주 여행,378,황남빵,NNP
전주 여행,378,교리,NNG
전주 여행,378,김밥,NNG
전주 여행,378,산내,NNG
전주 여행,378,소고기,NNG
전주 여행,378,울산,NNP
전주 여행,378,Comments,SL
전주 여행,378,후배,NNG
전주 여행,378,녀석,NNB
전주 여행,378,같이,MAG
전주 여행,378,울산,NNP
전주 여행,378,불국사,NNG
전주 여행,378,에서,JKB
전주 여행,378,천마총,NNG
전주 여행,378,에서,JKB
전주 여행,378,첨성대,NNG
전주 여행,378,으로,JKB
전주 여행,378,내려오,VV
전주 여행,378,다가,EC
전주 여행,378,나무,NNG
전주 여행,378,그늘,NNG
전주 여행,378,내부,NNG
전주 여행,378,전경,NNG
전주 여행,379,알라딘,NNP
전주 여행,379,100,SN
전주 여행,379,자평,NNG
전주 여행,379,일상,NNG
전주 여행,379,고고학,NNG
전주 여행,379,혼자,MAG
전주 여행,379,개정,NNG
전주 여행,379,증보판,NNG
전주 여행,379,일상,NNG
전주 여행,379,고고학,NNG
전주 여행,379,시리즈,NNG
전주 여행,379,황윤,NNG
전주 여행,379,지음,NNG
전주 여행,379,고양이,NNG
전주 여행,379,2020,SN
전주 여행,379,10,SN
전주 여행,379,평점,NNG
전주 여행,379,어려서,VA+EC
전주 여행,379,그냥,MAG
전주 여행,379,학교,NNG
전주 여행,379,에서,JKB
전주 여행,379,지금,MAG
전주 여행,379,커서,VV+EC
전주 여행,379,공부,NNG
전주 여행,379,다른,MM
전주 여행,379,느낌,NNG
전주 여행,379,습니다,EF
전주 여행,379,가보세요,NNG
전주 여행,380,알라딘,NNP
전주 여행,380,100,SN
전주 여행,380,자평,NNG
전주 여행,380,일상,NNG
전주 여행,380,고고학,NNG
전주 여행,380,혼자,MAG
전주 여행,380,혼자,NNG
전주 여행,380,개정,NNG
전주 여행,380,증보판,NNG
전주 여행,380,일상,NNG
전주 여행,380,고고학,NNG
전주 여행,380,시리즈,NNG
전주 여행,380,황윤,NNG
전주 여행,380,지음,NNG
전주 여행,380,고양이,NNG
전주 여행,380,2020,SN
전주 여행,380,10,SN
전주 여행,380,평점,NNG
전주 여행,380,이야기,NNG
전주 여행,380,봐도,VV+EC
전주 여행,380,봐도,VX+EC
전주 여행,380,들어도,VV+EC
전주 여행,380,들어도,VV+EC
전주 여행,380,재미있,VA
전주 여행,380,습니다,EF
전주 여행,380,작가,NNG
전주 여행,380,혼자,NNG
전주 여행,380,기대,NNG
전주 여행,380,봅니다,VX+EC
전주 여행,381,매화꽃,NNG
전주 여행,381,산수유,NNG
전주 여행,381,예쁜,VA+ETM
전주 여행,381,간다,VV+EC
전주 여행,381,날씨,NNG
전주 여행,381,따뜻,XR
전주 여행,381,바람,NNG
전주 여행,381,많이,MAG
전주 여행,381,햇살,NNG
전주 여행,381,따뜻,XR
전주 여행,381,점심,NNG
전주 여행,381,궁금,XR
전주 여행,381,했었,VX+EP
전주 여행,381,황룡,NNG
전주 여행,381,돌아봤,VV+EP
전주 여행,381,동국,NNG
전주 여행,381,재단,NNG
전주 여행,381,에서,JKB
전주 여행,381,운영,NNG
전주 여행,381,연수원,NNG
전주 여행,381,인데,VCP+EC
전주 여행,381,웅장,XR
전주 여행,381,꾸며져,VV+EC+VX+EC
전주 여행,382,맷돌,NNG
전주 여행,382,순부,NNG
전주 여행,382,옆집,NNG
전주 여행,382,정화,NNG
전주 여행,382,송이,NNG
전주 여행,382,순두부,NNG
전주 여행,382,맛집,NNG
전주 여행,382,옆집,NNG
전주 여행,382,아니,VCN
전주 여행,382,라도,EC
전주 여행,382,가격,NNG
전주 여행,382,비싸,VA
전주 여행,382,니까,EC
전주 여행,382,기본,NNG
전주 여행,382,반찬,NNG
전주 여행,382,생선,NNG
전주 여행,382,구이,NNG
전주 여행,382,나와서,VV+EC
전주 여행,382,후배,NNG
전주 여행,382,맛있,VA
전주 여행,382,섬세,XR
전주 여행,382,발라,VV+EC
전주 여행,382,하얀,VA+ETM
전주 여행,382,순두부,NNG
전주 여행,382,다니,EC
전주 여행,382,순두부,NNG
전주 여행,382,처음,MAG
전주 여행,382,본다,VV+EC
전주 여행,382,파전,NNG
전주 여행,382,하나,NR
전주 여행,382,주문,NNG
전주 여행,382,새송이,NNP
전주 여행,382,탁주,NNG
전주 여행,382,주문,NNG
전주 여행,382,낮술,NNG
전주 여행,383,남산,NNP
전주 여행,383,칠불암,NNG
전주 여행,383,케이트,NNP
전주 여행,383,입니다,VCP+EF
전주 여행,383,진입,NNG
전주 여행,383,읍니다,EC
전주 여행,383,서라벌,NNP
전주 여행,383,휴게소,NNG
전주 여행,383,입니다,VCP+EF
전주 여행,383,통일전,NNP
전주 여행,383,주차장,NNG
전주 여행,383,주차,NNG
전주 여행,383,아니하,VX
전주 여행,383,염불,NNG
전주 여행,383,사지,NNG
전주 여행,383,삼층석탑,NNP
전주 여행,383,주차,NNG
전주 여행,383,여기,NP
전주 여행,383,일찍,MAG
전주 여행,383,도착,NNG
전주 여행,383,여야,EC
전주 여행,383,주차,NNG
전주 여행,383,아침,NNG
전주 여행,384,알라딘,NNP
전주 여행,384,100,SN
전주 여행,384,자평,NNG
전주 여행,384,일상,NNG
전주 여행,384,고고학,NNG
전주 여행,384,혼자,MAG
전주 여행,384,일상,NNG
전주 여행,384,고고학,NNG
전주 여행,384,혼자,MAG
전주 여행,384,개정,NNG
전주 여행,384,증보판,NNG
전주 여행,384,일상,NNG
전주 여행,384,고고학,NNG
전주 여행,384,시리즈,NNG
전주 여행,384,황윤,NNG
전주 여행,384,지음,NNG
전주 여행,384,고양이,NNG
전주 여행,384,2020,SN
전주 여행,384,10,SN
전주 여행,384,평점,NNG
전주 여행,384,이런,MM
전주 여행,384,너무,MAG
전주 여행,384,아함,IC+ETN
전주 여행,384,더구나,MAJ
전주 여행,384,라서,VCP+EC
전주 여행,384,너무,MAG
전주 여행,384,마음,NNG
전주 여행,384,중학교,NNG
전주 여행,384,수학,NNG
전주 여행,384,으로,JKB
전주 여행,385,국내,NNG
전주 여행,385,사진,NNG
전주 여행,385,국내,NNG
전주 여행,385,테마,NNG
전주 여행,385,Theodor,SL
전주 여행,385,2017,SN
전주 여행,385,18,SN
전주 여행,385,08,SN
전주 여행,385,11,SN
전주 여행,385,벚꽃,NNG
전주 여행,385,거의,MAG
전주 여행,385,떨어지,VV
전주 여행,385,시기,NNG
전주 여행,385,아쉬움,NNG
전주 여행,385,대능원,NNP
전주 여행,385,출입문,NNG
전주 여행,385,능원,NNG
전주 여행,385,소나무,NNG
전주 여행,385,천마총,NNG
전주 여행,385,안압지,NNP
전주 여행,385,분황사,NNG
전주 여행,385,모전,NNG
전주 여행,385,석탑,NNG
전주 여행,385,원래,NNG
전주 여행,386,힐튼,NNP
전주 여행,386,호텔,NNG
전주 여행,386,한국,NNP
전주 여행,386,서울,NNP
전주 여행,386,호텔,NNG
전주 여행,386,체인,NNG
전주 여행,386,이상,NNG
전주 여행,386,두산,NNP
전주 여행,386,참고,NNG
전주 여행,386,미국,NNP
전주 여행,386,저명,XR
전주 여행,386,모델,NNG
전주 여행,386,철저히,MAG
전주 여행,386,손님,NNG
전주 여행,386,배려,NNG
전주 여행,386,호텔,NNG
전주 여행,386,그래서,MAJ
전주 여행,386,즐거울,VA+ETM
전주 여행,386,밖에,JX
전주 여행,387,토함산,NNP
전주 여행,387,단풍,NNG
전주 여행,387,터널,NNG
전주 여행,387,자연,NNG
전주 여행,387,그려,VV+EC
전주 여행,387,수채화,NNG
전주 여행,387,17,SN
전주 여행,387,11,SN
전주 여행,387,17,SN
전주 여행,387,떠나,VV
전주 여행,387,단풍,NNG
전주 여행,387,그윽,XR
전주 여행,387,숲길,NNG
전주 여행,387,느긋이,MAG
전주 여행,387,불국사,NNP
전주 여행,387,석굴암,NNG
전주 여행,387,토함산,NNP
전주 여행,387,숲길,NNG
전주 여행,387,월산,NNG
전주 여행,387,고갯길,NNG
전주 여행,387,굳이,MAG
전주 여행,387,신라,NNP
전주 여행,387,역사,NNG
전주 여행,387,몰라도,VV+EC
전주 여행,387,시내,NNG
전주 여행,388,배롱나무,NNG
전주 여행,388,첨성대,NNG
전주 여행,388,야경,NNG
전주 여행,388,16,SN
전주 여행,388,18,SN
전주 여행,388,수학,NNG
전주 여행,388,다녀오,VV
전주 여행,388,사람,NNG
전주 여행,388,심지어,MAG
전주 여행,388,자녀,NNG
전주 여행,388,역사,NNG
전주 여행,388,유적,NNG
전주 여행,388,답사,NNG
전주 여행,388,동행,NNG
전주 여행,388,해서,XSV+EC
전주 여행,388,이런,MM
전주 여행,388,아무리,MAG
전주 여행,388,생각,NNG
전주 여행,388,해봐도,XSV+EC+VX+EC
전주 여행,388,국내,NNG
전주 여행,388,에선,JKB+JX
전주 여행,388,특징,NNG
전주 여행,388,하나,NR
전주 여행,388,평온,NNG
전주 여행,388,자연,NNG
전주 여행,389,황리,NNG
전주 여행,389,카페,NNG
전주 여행,389,카페,NNG
전주 여행,389,카페,NNG
전주 여행,389,황리,NNG
전주 여행,389,메인,VV+ETM
전주 여행,389,거리,NNG
전주 여행,389,위치,NNG
전주 여행,389,어서,EC
전주 여행,389,거리,NNG
전주 여행,389,둘러보,VV
전주 여행,389,뚜벅,MAG
전주 여행,389,입니다,VCP+EF
전주 여행,389,인테리어,NNG
전주 여행,389,예쁘,VA
전주 여행,389,어서,EC
전주 여행,389,더욱,MAG
전주 여행,389,눈길,NNG
전주 여행,389,카페,NNG
전주 여행,389,입니다,VCP+EF
전주 여행,389,황리,NNG
전주 여행,389,카페,NNG
전주 여행,389,카페,NNG
전주 여행,389,날씨,NNG
전주 여행,390,경북,NNP
전주 여행,390,국밥,NNG
전주 여행,390,맛집,NNG
전주 여행,390,수백,NR
전주 여행,390,보문,NNG
전주 여행,390,com,SL
전주 여행,390,633,SN
전주 여행,390,경북,NNP
전주 여행,390,교촌,NNP
전주 여행,390,마을,NNG
전주 여행,390,교촌,NNG
전주 여행,390,보관,NNG
전주 여행,390,아이,NNG
전주 여행,390,가족,NNG
전주 여행,390,2024,SN
전주 여행,390,31,SN
전주 여행,390,가족,NNG
전주 여행,390,함께,MAG
전주 여행,390,기록,NNG
전주 여행,390,오늘,NNG
전주 여행,390,가족,NNG
전주 여행,390,모임,NNG
전주 여행,390,어서,EC
전주 여행,390,경북,NNP
전주 여행,390,어요,EF
전주 여행,391,불국사역,NNP
전주 여행,391,에서,JKB
전주 여행,391,동대구,NNG
전주 여행,391,까지,JX
전주 여행,391,기차,NNG
전주 여행,391,무궁화호,NNP
전주 여행,391,시간,NNG
전주 여행,391,시외,NNG
전주 여행,391,고속,NNG
전주 여행,391,버스,NNG
전주 여행,391,터미널,NNG
전주 여행,391,모두,MAG
전주 여행,391,거리,NNG
전주 여행,391,어서,EC
전주 여행,391,어디,NP
전주 여행,391,따라,VV+EC
전주 여행,391,대중,NNG
전주 여행,391,교통,NNG
전주 여행,391,종류,NNG
전주 여행,391,달라지,VV
전주 여행,391,는데,EC
전주 여행,391,서울,NNP
전주 여행,391,이나,JC
전주 여행,391,대전,NNP
전주 여행,391,까지,JX
전주 여행,391,시간,NNBC
전주 여행,391,이상,NNG
전주 여행,391,걸리,VV
전주 여행,391,코스,NNG
전주 여행,391,라고,VCP+EC
전주 여행,392,알라딘,NNP
전주 여행,392,100,SN
전주 여행,392,자평,NNG
전주 여행,392,일상,NNG
전주 여행,392,고고학,NNG
전주 여행,392,혼자,MAG
전주 여행,392,지음,NNG
전주 여행,392,고양이,NNG
전주 여행,392,2020,SN
전주 여행,392,10,SN
전주 여행,392,평점,NNG
전주 여행,392,정말,MAG
전주 여행,392,도시,NNG
전주 여행,392,입니다,VCP+EF
전주 여행,392,시간,NNG
전주 여행,392,기분,NNG
전주 여행,392,어서,EC
전주 여행,392,행복,NNG
전주 여행,392,거든요,EF
전주 여행,392,코로나,NNP
전주 여행,392,때문,NNB
전주 여행,392,버렸,VX+EP
전주 여행,392,네요,EF
전주 여행,392,으로,JKB
전주 여행,392,혼자,MAG
전주 여행,392,네요,EC
전주 여행,393,파란,VA+ETM
전주 여행,393,하늘,NNG
전주 여행,393,구름,NNG
전주 여행,393,동동,MAG
전주 여행,393,아름다운,VA+ETM
전주 여행,393,신나,VV
전주 여행,393,고속도로,NNP
전주 여행,393,달려,VV+EC
전주 여행,393,간다,VV+EC
전주 여행,393,오늘,NNG
전주 여행,393,힐링,NNG
전주 여행,393,산송,NNG
전주 여행,393,한우구,NNP
전주 여행,393,언양,NNP
전주 여행,393,불고기,NNG
전주 여행,393,더덕구이,NNG
전주 여행,393,자알,MAG
전주 여행,393,이랑,JC
전주 여행,393,라떼,NNG
전주 여행,393,한잔,NNG
전주 여행,393,노천온천,NNP
전주 여행,393,으로,JKB
전주 여행,393,간다,VV+EC
전주 여행,393,파란,VA+ETM
전주 여행,393,하늘,NNG
전주 여행,394,알라딘,NNP
전주 여행,394,100,SN
전주 여행,394,자평,NNG
전주 여행,394,일상,NNG
전주 여행,394,고고학,NNG
전주 여행,394,혼자,MAG
전주 여행,394,2020,SN
전주 여행,394,10,SN
전주 여행,394,평점,NNG
전주 여행,394,매년,MAG
전주 여행,394,가을,NNG
전주 여행,394,꿈꾸,VV
전주 여행,394,지만,EC
전주 여행,394,아직,MAG
전주 여행,394,실천,NNG
전주 여행,394,사람,NNG
전주 여행,394,입니다,VCP+EF
전주 여행,394,알차,VA
전주 여행,394,느낄,VV+ETM
전주 여행,394,기대,NNG
전주 여행,394,열심히,MAG
전주 여행,394,습니다,EF
전주 여행,395,알라딘,NNP
전주 여행,395,100,SN
전주 여행,395,자평,NNG
전주 여행,395,일상,NNG
전주 여행,395,고고학,NNG
전주 여행,395,혼자,MAG
전주 여행,395,일상,NNG
전주 여행,395,고고학,NNG
전주 여행,395,혼자,MAG
전주 여행,395,개정,NNG
전주 여행,395,증보판,NNG
전주 여행,395,일상,NNG
전주 여행,395,고고학,NNG
전주 여행,395,시리즈,NNG
전주 여행,395,황윤,NNG
전주 여행,395,지음,NNG
전주 여행,395,고양이,NNG
전주 여행,395,2020,SN
전주 여행,395,10,SN
전주 여행,395,평점,NNG
전주 여행,395,지만,EC
전주 여행,395,제대로,MAG
전주 여행,395,구경,NNG
전주 여행,395,네요,EF
전주 여행,395,코로나,NNP
전주 여행,396,알라딘,NNP
전주 여행,396,100,SN
전주 여행,396,자평,NNG
전주 여행,396,일상,NNG
전주 여행,396,고고학,NNG
전주 여행,396,혼자,MAG
전주 여행,396,일상,NNG
전주 여행,396,고고학,NNG
전주 여행,396,혼자,MAG
전주 여행,396,개정,NNG
전주 여행,396,증보판,NNG
전주 여행,396,일상,NNG
전주 여행,396,고고학,NNG
전주 여행,396,시리즈,NNG
전주 여행,396,황윤,NNG
전주 여행,396,지음,NNG
전주 여행,396,고양이,NNG
전주 여행,396,2020,SN
전주 여행,396,10,SN
전주 여행,396,평점,NNG
전주 여행,396,수학,NNG
전주 여행,396,이후,NNG
전주 여행,396,못했,VX+EP
전주 여행,396,대해,VV+EC
전주 여행,396,다시,MAG
전주 여행,396,생각,NNG
전주 여행,396,네요,EC
전주 여행,397,나정,NNG
전주 여행,397,맛집,NNG
전주 여행,397,나정,NNG
전주 여행,397,라면,NNG
전주 여행,397,맛집,NNG
전주 여행,397,에도,NNP
전주 여행,397,바다,NNG
전주 여행,397,나정,NNG
전주 여행,397,스토리,NNG
전주 여행,397,올려,VV+EC
전주 여행,397,드릴께요,VX+EF
전주 여행,397,에도,NNP
전주 여행,397,바다,NNG
전주 여행,397,다는,ETM
전주 여행,397,사실,NNG
전주 여행,397,아시나,NNP
전주 여행,397,정하,VV
전주 여행,397,면서,EC
전주 여행,397,바다,NNG
전주 여행,397,남편,NNG
전주 여행,397,역사,NNG
전주 여행,397,좋아해서,VV+EC
전주 여행,397,유적지,NNG
전주 여행,397,어요,EF
전주 여행,397,그러,VV
전주 여행,398,가을,NNG
전주 여행,398,도착,NNG
전주 여행,398,오늘,NNG
전주 여행,398,작년,NNG
전주 여행,398,여름,NNG
전주 여행,398,코스,NNG
전주 여행,398,서출지,NNG
전주 여행,398,통일전,NNP
전주 여행,398,그리고,MAJ
전주 여행,398,산림,NNG
전주 여행,398,연구원,NNG
전주 여행,398,둘러보,VV
전주 여행,398,핑크,NNG
전주 여행,398,예쁜,VA+ETM
전주 여행,398,첨성대,NNG
전주 여행,398,주변,NNG
전주 여행,398,황리,NNG
전주 여행,398,구경,NNG
전주 여행,398,헉헉,MAG
전주 여행,398,점심,NNG
전주 여행,398,커피,NNG
전주 여행,398,면서,EC
전주 여행,398,돌린다,VV+EC
전주 여행,398,조금,NNG
전주 여행,398,가을,NNG
전주 여행,398,찾아오,VV
전주 여행,399,알라딘,NNP
전주 여행,399,100,SN
전주 여행,399,자평,NNG
전주 여행,399,일상,NNG
전주 여행,399,고고학,NNG
전주 여행,399,혼자,MAG
전주 여행,399,일상,NNG
전주 여행,399,고고학,NNG
전주 여행,399,혼자,MAG
전주 여행,399,개정,NNG
전주 여행,399,증보판,NNG
전주 여행,399,일상,NNG
전주 여행,399,고고학,NNG
전주 여행,399,시리즈,NNG
전주 여행,399,황윤,NNG
전주 여행,399,지음,NNG
전주 여행,399,고양이,NNG
전주 여행,399,2020,SN
전주 여행,399,10,SN
전주 여행,399,평점,NNG
전주 여행,399,수학,NNG
전주 여행,399,역사,NNG
전주 여행,399,의미,NNG
전주 여행,399,모르,VV
전주 여행,399,지나쳤,VV+EP
전주 여행,399,지만,EC
전주 여행,399,이제,NNG
전주 여행,399,풍경,NNG
전주 여행,399,하나,NR
전주 여행,399,하나,NR
전주 여행,399,에서,JKB
전주 여행,400,알라딘,NNP
전주 여행,400,100,SN
전주 여행,400,자평,NNG
전주 여행,400,일상,NNG
전주 여행,400,고고학,NNG
전주 여행,400,혼자,MAG
전주 여행,400,앞서,MAG
전주 여행,400,출간,NNG
전주 여행,400,일상,NNG
전주 여행,400,고고학,NNG
전주 여행,400,혼자,NNG
전주 여행,400,백제,NNG
전주 여행,400,이어,MAG
전주 여행,400,이번,NNG
전주 여행,400,입니다,VCP+EF
전주 여행,400,전작,NNG
전주 여행,400,백제,NNG
전주 여행,400,만족,NNG
전주 여행,400,스러웠,XSA+EP
전주 여행,400,라면,EC
전주 여행,400,이번,NNG
전주 여행,400,무조건,MAG
전주 여행,400,탑승,NNG
전주 여행,400,바랍니다,VV+EC
전주 여행,401,동궁,NNG
전주 여행,401,월지,NNG
전주 여행,401,첨성대,NNG
전주 여행,401,야경,NNG
전주 여행,401,연꽃,NNG
전주 여행,401,단지,MAG
전주 여행,401,분황사,NNG
전주 여행,401,방문,NNG
전주 여행,401,다시,MAG
전주 여행,401,남겨,VV+EC
전주 여행,401,이웃,NNG
전주 여행,401,지내,VV
전주 여행,401,나요,EF
전주 여행,401,지난주,NNG
전주 여행,401,blog,SL
전주 여행,401,naver,SL
전주 여행,401,com,SL
전주 여행,401,예전,NNG
전주 여행,401,사진,NNG
전주 여행,401,떠나,VV
전주 여행,401,진다,VX+EC
전주 여행,402,경북,NNP
전주 여행,402,천문,NNG
전주 여행,402,기상,NNG
전주 여행,402,관측대,NNG
전주 여행,402,첨성대,NNG
전주 여행,402,일자,NNG
전주 여행,402,2016,SN
전주 여행,402,인원,NNG
전주 여행,402,친구,NNG
전주 여행,402,함께,MAG
전주 여행,402,첨성대,NNG
전주 여행,402,경북,NNP
전주 여행,402,인왕동,NNP
전주 여행,402,839,SN
전주 여행,402,전화,NNG
전주 여행,402,054,SN
전주 여행,402,779,SN
전주 여행,402,8741,SN
전주 여행,402,첨성대,NNG
전주 여행,402,관람료,NNG
전주 여행,402,무료,NNG
전주 여행,402,경북,NNP
전주 여행,402,이야기,NNG
전주 여행,402,첨성대,NNG
전주 여행,402,에서,JKB
전주 여행,402,바라본,VV+ETM
전주 여행,402,대릉원,NNG
전주 여행,402,야경,NNG
전주 여행,403,데이,NNG
전주 여행,403,택시,NNG
전주 여행,403,투어,NNG
전주 여행,403,감사,NNG
전주 여행,403,합니다,XSV+EF
전주 여행,403,구매,NNG
전주 여행,403,https,SL
전주 여행,403,smartstore,SL
전주 여행,403,naver,SL
전주 여행,403,com,SL
전주 여행,403,dptour,SL
전주 여행,403,products,SL
전주 여행,403,5981873243,SN
전주 여행,403,플레이스,NNG
전주 여행,403,데이,NNG
전주 여행,403,택시,NNG
전주 여행,403,투어,NNG
전주 여행,403,돌고래,NNG
전주 여행,403,돌핀,NNG
전주 여행,403,스토어,NNG
전주 여행,403,플레이스,NNG
전주 여행,403,데이,NNG
전주 여행,403,택시,NNG
전주 여행,403,투어,NNG
전주 여행,403,smartstore,SL
전주 여행,403,naver,SL
전주 여행,403,com,SL
전주 여행,404,설레임,VV+ETN
전주 여행,404,패밀리,NNG
전주 여행,404,일상,NNG
전주 여행,404,오늘,NNG
전주 여행,404,목적지,NNG
전주 여행,404,회사,NNG
전주 여행,404,제휴,NNG
전주 여행,404,숙소,NNG
전주 여행,404,저렴,XR
전주 여행,404,예약,NNG
전주 여행,404,나선다,VV+EC
전주 여행,404,도착,NNG
전주 여행,404,자마자,EC
전주 여행,404,고파서,VA+EC
전주 여행,404,우리,NP
전주 여행,404,가족,NNG
전주 여행,404,국수집,NNG
전주 여행,404,본다,VV+EC
전주 여행,404,와이프,NNG
전주 여행,404,검색,NNG
전주 여행,404,해서,XSV+EC
전주 여행,404,찾아간,VV+ETM
전주 여행,404,갈비,NNG
전주 여행,404,국수,NNG
전주 여행,405,경북,NNP
전주 여행,405,불국사,NNG
전주 여행,405,단아,XR
전주 여행,405,정숙,XR
전주 여행,405,묻어나,VV
전주 여행,405,겹벚꽃,NNG
전주 여행,405,벚꽃,NNG
전주 여행,405,벚꽃,NNG
전주 여행,405,즐기,VV
전주 여행,405,고수,NNG
전주 여행,405,라면,VCP+EC
전주 여행,405,서둘러,VV+EC
전주 여행,405,티켓,NNG
전주 여행,405,예약,NNG
전주 여행,405,다시,MAG
전주 여행,405,들썩이,VV
전주 여행,405,지역,NNG
전주 여행,405,벚꽃,NNG
전주 여행,405,거의,MAG
전주 여행,405,떨어지,VV
전주 여행,405,불국사,NNG
전주 여행,405,겹벚꽃,NNG
전주 여행,405,으로,JKB
전주 여행,405,유명,XR
전주 여행,405,불국사,NNP
전주 여행,405,입구,NNG
전주 여행,406,보문,NNG
전주 여행,406,단지,MAG
전주 여행,406,벚꽃,NNG
전주 여행,406,보문호,NNP
전주 여행,406,반길,VV+ETM
전주 여행,406,화사,XR
전주 여행,406,선사,NNG
전주 여행,406,17,SN
전주 여행,406,최적,NNG
전주 여행,406,지이,NNG
전주 여행,406,도로,NNG
전주 여행,406,꽃길,NNG
전주 여행,406,이른,VA+ETM
전주 여행,406,시각,NNG
전주 여행,406,와야,VV+EC
전주 여행,406,제대로,MAG
전주 여행,406,힐링,NNG
전주 여행,406,만개,NNG
전주 여행,406,아름다운,VA+ETM
전주 여행,406,경관,NNG
전주 여행,406,이루,VV
전주 여행,406,보문,NNG
전주 여행,406,단지,NNG
전주 여행,406,시가지,NNG
전주 여행,406,에서,JKB
전주 여행,406,동쪽,NNG
전주 여행,406,으로,JKB
전주 여행,406,10,SN
전주 여행,406,정도,NNG
전주 여행,406,떨어진,VV+ETM
전주 여행,406,활산,NNP
전주 여행,406,성터,NNG
전주 여행,407,경북,NNP
전주 여행,407,하얀,VA+ETM
전주 여행,407,목련,NNG
전주 여행,407,대릉원,NNG
전주 여행,407,목련,NNG
전주 여행,407,풍경,NNG
전주 여행,407,최근,NNG
전주 여행,407,빼놓,VV
전주 여행,407,코스,NNG
전주 여행,407,다름,VA+ETN
전주 여행,407,아닌,VCN+ETM
전주 여행,407,야경,NNG
전주 여행,407,둘러보,VV
전주 여행,407,연인,NNG
전주 여행,407,함께,MAG
전주 여행,407,떠나,VV
전주 여행,407,당신,NP
전주 여행,407,위한,VV+ETM
전주 여행,407,야경,NNG
전주 여행,407,투어,NNG
전주 여행,407,코스,NNG
전주 여행,407,소개,NNG
전주 여행,407,한다,XSV+EC
전주 여행,407,준비,NNG
전주 여행,408,세계,NNG
전주 여행,408,문화유산,NNG
전주 여행,408,양동,NNP
전주 여행,408,마을,NNG
전주 여행,408,18,SN
전주 여행,408,29,SN
전주 여행,408,시간,NNG
전주 여행,408,떠나,VV
전주 여행,408,다면,EC
전주 여행,408,조상,NNG
전주 여행,408,모습,NNG
전주 여행,408,고스란히,MAG
전주 여행,408,간직,NNG
전주 여행,408,수백,NR
전주 여행,408,숨결,NNG
전주 여행,408,양동,NNP
전주 여행,408,마을,NNG
전주 여행,408,제격,NNG
전주 여행,408,아닐까,VCN+EC
전주 여행,408,경상북도,NNP
전주 여행,408,강동면,NNP
전주 여행,408,양동,NNP
전주 여행,408,마을,NNG
전주 여행,408,138,SN
전주 여행,408,18,SN
전주 여행,408,지번,NNG
전주 여행,408,경상북도,NNP
전주 여행,408,강동면,NNP
전주 여행,409,경북,NNP
전주 여행,409,다리,NNG
전주 여행,409,정교,NNG
전주 여행,409,18,SN
전주 여행,409,21,SN
전주 여행,409,잠시,MAG
전주 여행,409,교촌,NNG
전주 여행,409,마을,NNG
전주 여행,409,도착,NNG
전주 여행,409,행사,NNG
전주 여행,409,잠시,MAG
전주 여행,409,간다,VX+EC
전주 여행,409,최근,NNG
전주 여행,409,빼놓,VV
전주 여행,409,연인,NNG
전주 여행,409,함께,MAG
전주 여행,409,떠나,VV
전주 여행,409,당신,NP
전주 여행,409,위한,VV+ETM
전주 여행,409,야경,NNG
전주 여행,409,투어,NNG
전주 여행,409,코스,NNG
전주 여행,409,소개,NNG
전주 여행,409,한다,XSV+EC
전주 여행,409,준비,NNG
전주 여행,410,야경,NNG
전주 여행,410,이쁜,VA+ETM
전주 여행,410,안압지,NNP
전주 여행,410,첨성대,NNG
전주 여행,410,16,SN
전주 여행,410,31,SN
전주 여행,410,어울린다,VV+EC
전주 여행,410,에서,JKB
전주 여행,410,빠질,VV+ETM
전주 여행,410,관광지,NNG
전주 여행,410,하나,NR
전주 여행,410,첨성대,NNG
전주 여행,410,첨성대,NNG
전주 여행,410,신라,NNP
전주 여행,410,시대,NNG
전주 여행,410,관측,NNG
전주 여행,410,최근,NNG
전주 여행,410,빼놓,VV
전주 여행,410,코스,NNG
전주 여행,410,다름,VA+ETN
전주 여행,410,아닌,VCN+ETM
전주 여행,410,야경,NNG
전주 여행,410,둘러보,VV
전주 여행,411,에서,JKB
전주 여행,411,사람,NNG
전주 여행,411,지나치,VV
전주 여행,411,몇몇,MM
전주 여행,411,지인,NNG
전주 여행,411,경험,NNG
전주 여행,411,생각,NNG
전주 여행,411,에서,JKB
전주 여행,411,주목,NNG
전주 여행,411,장소,NNG
전주 여행,411,정리,NNG
전주 여행,411,고즈넉,XR
전주 여행,411,산사,NNG
전주 여행,411,옥천사,NNG
전주 여행,411,수학,NNG
전주 여행,411,성지,NNG
전주 여행,411,역사,NNG
전주 여행,411,탐방,NNG
전주 여행,411,중심지,NNG
전주 여행,411,알려져,VV+EC+VX+EC
전주 여행,411,지만,EC
전주 여행,411,주변,NNG
전주 여행,411,으로,JKB
전주 여행,412,14,SN
전주 여행,412,개월,NNBC
전주 여행,412,아기,NNG
전주 여행,412,후기,NNG
전주 여행,412,정글,NNG
전주 여행,412,법칙,NNG
전주 여행,412,미디어,NNG
전주 여행,412,파크,NNG
전주 여행,412,버드,NNP
전주 여행,412,파크,NNG
전주 여행,412,그래도,VV+EC
전주 여행,412,일정,NNG
전주 여행,412,온다면,VV+EC
전주 여행,412,다녀오,VV
전주 여행,412,버드,NNP
전주 여행,412,파크,NNG
전주 여행,412,위치,NNG
전주 여행,412,경북,NNP
전주 여행,412,보문,NNG
전주 여행,412,74,SN
전주 여행,412,14,SN
전주 여행,412,북군동,NNP
전주 여행,412,185,SN
전주 여행,412,전화,NNG
전주 여행,412,054,SN
전주 여행,412,777,SN
전주 여행,412,7200,SN
전주 여행,412,운영,NNG
전주 여행,412,시간,NNG
전주 여행,412,10,SN
전주 여행,412,00,SN
전주 여행,412,19,SN
전주 여행,412,00,SN
전주 여행,412,입장료,NNG
전주 여행,412,대인,NNG
전주 여행,412,20,SN
전주 여행,412,000,SN
전주 여행,412,소인,NNG
전주 여행,412,15,SN
전주 여행,412,000,SN
전주 여행,413,울산,NNP
전주 여행,413,Part,SL
전주 여행,413,동궁,NNG
전주 여행,413,월지,NNG
전주 여행,413,누리,NNG
전주 여행,413,정원,NNG
전주 여행,413,성호,NNG
전주 여행,413,리조트,NNG
전주 여행,413,장생포,NNG
전주 여행,413,고래,NNG
전주 여행,413,문화,NNG
전주 여행,413,특구,NNP
전주 여행,413,라는,VCP+ETM
전주 여행,413,이름,NNG
전주 여행,413,으로,JKB
전주 여행,413,고래,NNG
전주 여행,413,주제,NNG
전주 여행,413,다채,XR
전주 여행,413,로운,XSA+ETM
전주 여행,413,관광지,NNG
전주 여행,413,형성,NNG
전주 여행,413,는데,EC
전주 여행,413,사실,MAG
전주 여행,413,고래,MAG
전주 여행,413,박물관,NNG
전주 여행,413,이나,JC
전주 여행,413,생태,NNG
전주 여행,413,jinstistory,SL
전주 여행,413,tistory,SL
전주 여행,413,com,SL
전주 여행,413,2023,SN
전주 여행,413,08,SN
전주 여행,413,16,SN
전주 여행,413,국내,NNG
전주 여행,413,울산,NNP
전주 여행,413,Part,SL
전주 여행,414,루비,NNG
전주 여행,414,정원,NNG
전주 여행,414,연휴,NNG
전주 여행,414,에서,JKB
전주 여행,414,시작,NNG
전주 여행,414,세요,EP+EF
전주 여행,414,신청,NNG
전주 여행,414,센터,NNG
전주 여행,414,광활,XR
전주 여행,414,부지,NNG
전주 여행,414,자리,NNG
전주 여행,414,역사,NNG
전주 여행,414,마당,NNG
전주 여행,414,엄청나,VA
전주 여행,414,너른,VA+ETM
전주 여행,414,연휴,NNG
전주 여행,414,계획,NNG
전주 여행,414,계신,VX+ETM
전주 여행,414,KTX,SL
전주 여행,414,이용,NNG
전주 여행,414,어떠,XR
전주 여행,414,신지,JKS+EP+EC
전주 여행,414,Copyright,SL
전주 여행,414,2011,SN
전주 여행,414,루비,NNG
전주 여행,414,All,SL
전주 여행,414,pictures,SL
전주 여행,415,출장,NNG
전주 여행,415,깨끗,XR
전주 여행,415,조식,NNG
전주 여행,415,제공,NNG
전주 여행,415,에이치,NNG
전주 여행,415,비뉴,NNG
전주 여행,415,호텔,NNG
전주 여행,415,불국사,NNP
전주 여행,415,까지,JX
전주 여행,415,도보,NNG
전주 여행,415,15,SN
전주 여행,415,거리,NNG
전주 여행,415,어서,EC
전주 여행,415,피로,NNG
전주 여행,415,조금,NNG
전주 여행,415,이나마,JX
전주 여행,415,습니다,EF
전주 여행,415,아침,NNG
전주 여행,415,일찍,MAG
전주 여행,415,불국사,NNG
전주 여행,415,방문,NNG
전주 여행,415,한적,XR
전주 여행,415,고요,NNG
전주 여행,415,분위기,NNG
전주 여행,415,에서,JKB
전주 여행,415,산책,NNG
전주 여행,415,즐기,VV
전주 여행,415,최적,NNG
전주 여행,415,위치,NNG
전주 여행,415,습니다,EF
전주 여행,415,스테이,NNG
전주 여행,416,알라딘,NNP
전주 여행,416,100,SN
전주 여행,416,자평,NNG
전주 여행,416,일상,NNG
전주 여행,416,고고학,NNG
전주 여행,416,혼자,MAG
전주 여행,416,일상,NNG
전주 여행,416,고고학,NNG
전주 여행,416,혼자,MAG
전주 여행,416,개정,NNG
전주 여행,416,증보판,NNG
전주 여행,416,일상,NNG
전주 여행,416,고고학,NNG
전주 여행,416,시리즈,NNG
전주 여행,416,황윤,NNG
전주 여행,416,지음,NNG
전주 여행,416,고양이,NNG
전주 여행,416,2020,SN
전주 여행,416,10,SN
전주 여행,416,평점,NNG
전주 여행,416,역사,NNG
전주 여행,416,사랑,NNG
전주 여행,416,사람,NNG
전주 여행,416,으로,JKB
전주 여행,416,바라본,VV+ETM
전주 여행,416,만큼,NNB
전주 여행,416,보이,VV
전주 여행,416,사랑,NNG
전주 여행,417,20200727,SN
전주 여행,417,08,SN
전주 여행,417,02,SN
전주 여행,417,20200728,SN
전주 여행,417,2020,SN
전주 여행,417,08,SN
전주 여행,417,02,SN
전주 여행,417,20200727,SN
전주 여행,417,2020,SN
전주 여행,417,08,SN
전주 여행,417,02,SN
전주 여행,417,평화,NNG
전주 여행,417,2020,SN
전주 여행,417,07,SN
전주 여행,417,13,SN
전주 여행,417,강릉,NNP
전주 여행,417,서나,NNG
전주 여행,417,2020,SN
전주 여행,417,07,SN
전주 여행,417,08,SN
전주 여행,417,강릉,NNP
전주 여행,417,2020,SN
전주 여행,417,07,SN
전주 여행,417,08,SN
전주 여행,418,한옥,NNG
전주 여행,418,숙소,NNG
전주 여행,418,소설,NNG
전주 여행,418,첨성,NNG
전주 여행,418,대점,NNG
전주 여행,418,비향,NNP
전주 여행,418,15,SN
전주 여행,418,한옥,NNG
전주 여행,418,숙소,NNG
전주 여행,418,이름,NNG
전주 여행,418,특이,XR
전주 여행,418,소설,NNG
전주 여행,418,첨성,NNG
전주 여행,418,대점,NNG
전주 여행,418,첨성대,NNG
전주 여행,418,진짜,MAG
전주 여행,418,가까워서,VA+EC
전주 여행,418,첨성,NNG
전주 여행,418,대점,NNG
전주 여행,418,이쁘,VA
전주 여행,418,이쁜,VA+ETM
전주 여행,418,한옥,NNG
전주 여행,418,소설,NNG
전주 여행,418,너무너무,MAG
전주 여행,418,너무,MAG
전주 여행,418,인기,NNG
전주 여행,418,라서,EC
전주 여행,418,주말,NNG
전주 여행,418,으려면,EC
전주 여행,419,알라딘,NNP
전주 여행,419,황금,NNG
전주 여행,419,호두,NNG
전주 여행,419,열리,VV
전주 여행,419,무웅,NNP
전주 여행,419,함께,MAG
전주 여행,419,떠나,VV
전주 여행,419,코스,NNG
전주 여행,419,인데,VCP+EC
전주 여행,419,새로운,VA+ETM
전주 여행,419,느낌,NNG
전주 여행,419,자꾸,MAG
전주 여행,419,새로운,VA+ETM
전주 여행,419,느낌,NNG
전주 여행,419,빠져,VV+EC
전주 여행,419,는데,EC
전주 여행,419,신라,NNP
전주 여행,419,에서,JKB
전주 여행,419,아이,NNG
전주 여행,419,함께,MAG
전주 여행,419,새롭,VA
전주 여행,419,다가왔,VV+EP
전주 여행,419,한참,MAG
전주 여행,419,티비,NNG
전주 여행,419,에서,JKB
전주 여행,420,까지,JX
전주 여행,420,이동은,NNP
전주 여행,420,기차,NNG
전주 여행,420,에서,JKB
전주 여행,420,자전거,NNG
전주 여행,420,도보,NNG
전주 여행,420,버스,NNG
전주 여행,420,투어,NNG
전주 여행,420,모두,MAG
전주 여행,420,가능,NNG
전주 여행,420,코스,NNG
전주 여행,420,시내,NNG
전주 여행,420,천마총,NNG
전주 여행,420,왕릉,NNG
전주 여행,420,첨성대,NNG
전주 여행,420,계림,NNG
전주 여행,420,포석정,NNP
전주 여행,420,안압지,NNP
전주 여행,421,알라딘,NNP
전주 여행,421,100,SN
전주 여행,421,자평,NNG
전주 여행,421,일상,NNG
전주 여행,421,고고학,NNG
전주 여행,421,혼자,MAG
전주 여행,421,일상,NNG
전주 여행,421,고고학,NNG
전주 여행,421,혼자,MAG
전주 여행,421,개정,NNG
전주 여행,421,증보판,NNG
전주 여행,421,일상,NNG
전주 여행,421,고고학,NNG
전주 여행,421,시리즈,NNG
전주 여행,421,황윤,NNG
전주 여행,421,지음,NNG
전주 여행,421,고양이,NNG
전주 여행,421,한참,MAG
전주 여행,421,는데,EC
전주 여행,421,오랜만,NNG
전주 여행,421,저자,NNG
전주 여행,421,함께,MAG
전주 여행,421,걸으며,VV+EC
전주 여행,421,역사,NNG
전주 여행,421,느낌,NNG
전주 여행,421,네요,EC
전주 여행,422,감포,NNP
전주 여행,422,대말,NNG
전주 여행,422,체험,NNG
전주 여행,422,전시관,NNG
전주 여행,422,위치,NNG
전주 여행,422,경북,NNP
전주 여행,422,척사,NNG
전주 여행,422,18,SN
전주 여행,422,94,SN
전주 여행,422,운영,NNG
전주 여행,422,시간,NNG
전주 여행,422,09,SN
전주 여행,422,00,SN
전주 여행,422,18,SN
전주 여행,422,00,SN
전주 여행,422,연중무휴,NNG
전주 여행,422,대표,NNG
전주 여행,422,전화,NNG
전주 여행,422,054,SN
전주 여행,422,744,SN
전주 여행,422,3233,SN
전주 여행,422,입장료,NNG
전주 여행,422,무료,NNG
전주 여행,422,대말,NNG
전주 여행,422,체험,NNG
전주 여행,422,아이,NNG
전주 여행,422,함께,MAG
전주 여행,422,점심,NNG
전주 여행,422,시간,NNG
전주 여행,422,12,SN
전주 여행,422,00,SN
전주 여행,422,13,SN
전주 여행,422,00,SN
전주 여행,422,운영,NNG
전주 여행,423,코스,NNG
전주 여행,423,읍천항,NNP
전주 여행,423,주상,NNG
전주 여행,423,절리,NNG
전주 여행,423,파도,NNG
전주 여행,423,소리,NNG
전주 여행,423,주상,NNG
전주 여행,423,절리,NNG
전주 여행,423,제주도,NNP
전주 여행,423,만큼,JKB
전주 여행,423,이나,JX
전주 여행,423,이쁜,VA+ETM
전주 여행,423,게다가,MAG
전주 여행,423,조용,XR
전주 여행,423,읍천항,NNP
전주 여행,423,코스,NNG
전주 여행,423,읍천항,NNP
전주 여행,423,자리,NNG
전주 여행,423,주상,NNG
전주 여행,423,절리,NNG
전주 여행,423,파도,NNG
전주 여행,423,소리,NNG
전주 여행,423,주차장,NNG
전주 여행,423,갖추,VV
전주 여행,423,따라,VV+EC
전주 여행,423,등대,NNG
전주 여행,423,까지,JX
전주 여행,424,교리,NNG
전주 여행,424,김밥,NNG
전주 여행,424,맛집,NNG
전주 여행,424,면서,EC
전주 여행,424,들린,VV+ETM
전주 여행,424,김밥,NNG
전주 여행,424,남산,NNG
전주 여행,424,등산,NNG
전주 여행,424,포함,NNG
전주 여행,424,해서,XSV+EC
전주 여행,424,당일,NNG
전주 여행,424,계획,NNG
전주 여행,424,다녀왔,VV+EP
전주 여행,424,습니다,EF
전주 여행,424,코스,NNG
전주 여행,424,에선,JKB+JX
전주 여행,424,여하튼,MAJ
전주 여행,424,처럼,JKB
전주 여행,424,정도,NNG
전주 여행,424,라는,ETM
전주 여행,424,생각,NNG
전주 여행,424,네요,EF
전주 여행,424,특히나,MAG
전주 여행,424,남산,NNG
전주 여행,425,놀부,NNG
전주 여행,425,보쌈,NNG
전주 여행,425,황오,NNP
전주 여행,425,배달,NNG
전주 여행,425,후기,NNG
전주 여행,425,숙소,NNG
전주 여행,425,황남,NNG
전주 여행,425,머물,VV
전주 여행,425,어요,EF
전주 여행,425,저녁,NNG
전주 여행,425,아이,NNG
전주 여행,425,지치,VV
전주 여행,425,배민,NNG
전주 여행,425,놀부,NNG
전주 여행,425,보쌈,NNG
전주 여행,425,검색,NNG
전주 여행,425,황오,NNP
전주 여행,425,에서,JKB
전주 여행,425,배달,NNG
전주 여행,425,가능,NNG
전주 여행,425,다고,EC
전주 여행,425,나오,VV
전주 여행,425,네요,EF
전주 여행,425,저희,NP
전주 여행,425,황남,NNG
전주 여행,425,머물,VV
전주 여행,425,때문,NNB
전주 여행,426,안녕,IC
전주 여행,426,2014,SN
전주 여행,426,2014,SN
전주 여행,426,그냥,MAG
전주 여행,426,보내,VV
전주 여행,426,아쉬워서,VA+EC
전주 여행,426,기차,NNG
전주 여행,426,떠났,VV+EP
전주 여행,426,일전,NNG
전주 여행,426,크리스마스,NNG
전주 여행,426,오늘,NNG
전주 여행,426,안녕,NNG
전주 여행,426,2014,SN
전주 여행,426,이번,NNG
전주 여행,426,럭셔리,XR
전주 여행,426,컨셉,NNG
전주 여행,426,으로,JKB
전주 여행,426,호텔,NNG
전주 여행,426,에서,JKB
전주 여행,427,알라딘,NNP
전주 여행,427,서재,NNP
전주 여행,427,이야기,NNG
전주 여행,427,일상,NNG
전주 여행,427,고고학,NNG
전주 여행,427,혼자,MAG
전주 여행,427,무대,NNG
전주 여행,427,에세이,NNG
전주 여행,427,만날,VV+ETM
전주 여행,427,으로,JKB
전주 여행,427,에서,JKB
전주 여행,427,유명,XR
전주 여행,427,문화재,NNG
전주 여행,427,대한,VV+ETM
전주 여행,427,사전,NNG
전주 여행,427,지식,NNG
전주 여행,427,줄줄,MAG
전주 여행,427,얼마,NNG
전주 여행,427,든지,VCP+EC
전주 여행,427,재미있,VA
전주 여행,427,의미,NNG
전주 여행,428,알라딘,NNP
전주 여행,428,100,SN
전주 여행,428,자평,NNG
전주 여행,428,일상,NNG
전주 여행,428,고고학,NNG
전주 여행,428,혼자,MAG
전주 여행,428,일상,NNG
전주 여행,428,고고학,NNG
전주 여행,428,혼자,MAG
전주 여행,428,개정,NNG
전주 여행,428,증보판,NNG
전주 여행,428,일상,NNG
전주 여행,428,고고학,NNG
전주 여행,428,시리즈,NNG
전주 여행,428,황윤,NNG
전주 여행,428,지음,NNG
전주 여행,428,고양이,NNG
전주 여행,428,대한,VV+ETM
전주 여행,428,깊이,MAG
전주 여행,428,이야기,NNG
전주 여행,428,호기심,NNG
전주 여행,428,해줍니다,XSV+EC+VX+EF
전주 여행,428,100,SN
전주 여행,428,다니,EC
전주 여행,428,정말,MAG
전주 여행,428,대단,XR
전주 여행,428,습니다,EF
전주 여행,429,알라딘,NNP
전주 여행,429,100,SN
전주 여행,429,자평,NNG
전주 여행,429,일상,NNG
전주 여행,429,고고학,NNG
전주 여행,429,혼자,MAG
전주 여행,429,일상,NNG
전주 여행,429,고고학,NNG
전주 여행,429,혼자,MAG
전주 여행,429,개정,NNG
전주 여행,429,증보판,NNG
전주 여행,429,일상,NNG
전주 여행,429,고고학,NNG
전주 여행,429,시리즈,NNG
전주 여행,429,황윤,NNG
전주 여행,429,지음,NNG
전주 여행,429,고양이,NNG
전주 여행,429,2020,SN
전주 여행,429,10,SN
전주 여행,429,평점,NNG
전주 여행,429,신라,NNP
전주 여행,429,마니아,NNG
전주 여행,429,로부터,JKB
전주 여행,429,기라,NNG
전주 여행,429,관심,NNG
전주 여행,429,가요,NNG
전주 여행,429,고고학,NNG
전주 여행,429,관점,NNG
전주 여행,429,으로,JKB
전주 여행,430,석빙고,NNG
전주 여행,430,색다른,VA+ETM
전주 여행,430,볼거리,NNG
전주 여행,430,근처,NNG
전주 여행,430,안압,NNG
전주 여행,430,색다른,VA+ETM
전주 여행,430,볼거리,NNG
전주 여행,430,석빙고,NNG
전주 여행,430,이번,NNG
전주 여행,430,에서,JKB
전주 여행,430,다녀온,VV+ETM
전주 여행,430,석빙고,NNG
전주 여행,430,입니다,VCP+EF
전주 여행,430,석빙고,NNG
전주 여행,430,영조,NNG
전주 여행,430,만들,VV
전주 여행,430,일종,NNG
전주 여행,430,얼음,NNG
전주 여행,430,창고,NNG
전주 여행,430,근처,NNG
전주 여행,430,첨성대,NNG
전주 여행,430,비롯,XR
전주 여행,430,몰려,VV+EC
전주 여행,430,어서,EC
전주 여행,430,함께,MAG
전주 여행,431,가본,NNG
전주 여행,431,동궁,NNG
전주 여행,431,예쁜,VA+ETM
전주 여행,431,만나,VV
전주 여행,431,커피,NNG
전주 여행,431,열매,NNG
전주 여행,431,으면서,EC
전주 여행,431,노천온천,NNP
전주 여행,431,행복,NNG
전주 여행,432,황리,NNG
전주 여행,432,보문,NNG
전주 여행,432,단지,MAG
전주 여행,432,왕릉,NNG
전주 여행,432,탐방,NNG
전주 여행,432,데이트,NNG
전주 여행,432,코스,NNG
전주 여행,432,https,SL
전주 여행,432,youtu,SL
전주 여행,432,be,SL
전주 여행,432,nZzijKooIk,SL
전주 여행,432,황리,NNG
전주 여행,432,예쁘,VA
전주 여행,432,마음,NNG
전주 여행,432,낭만,NNG
전주 여행,432,으로,JKB
전주 여행,432,차오르,VV
전주 여행,432,경상도,NNP
전주 여행,432,에서,JKB
전주 여행,432,흔치,VA+EC
전주 여행,432,거리,NNG
전주 여행,432,바로,MAG
전주 여행,432,유적지,NNG
전주 여행,432,오래,MAG
전주 여행,432,한옥,NNG
전주 여행,432,고도,NNG
전주 여행,432,사뭇,MAG
전주 여행,432,어울리,VV
전주 여행,432,면서도,EC
전주 여행,433,밀면,NNP
전주 여행,433,에서,JKB
전주 여행,433,맛보,VV
전주 여행,433,가격,NNG
전주 여행,433,착해,VA+EC
전주 여행,433,5000,SN
전주 여행,433,비빔,NNG
전주 여행,433,물밀,VV
전주 여행,433,5000,SN
전주 여행,433,떡갈비,NNG
전주 여행,433,2000,SN
전주 여행,433,12,SN
전주 여행,433,000,SN
전주 여행,433,밥상,NNG
전주 여행,433,그리고,MAJ
전주 여행,433,뜨거운,VA+ETM
전주 여행,433,육수,NNG
전주 여행,433,까지,JX
전주 여행,433,평가,NNG
전주 여행,433,입맛,NNG
전주 여행,433,따라,VV+EC
전주 여행,433,취향,NNG
전주 여행,433,따루,MAG
전주 여행,433,따루,MAG
전주 여행,434,엑스,NNG
전주 여행,434,포대,NNG
전주 여행,434,공원,NNG
전주 여행,434,2025,SN
전주 여행,434,08,SN
전주 여행,434,16,SN
전주 여행,434,푸른,VA+ETM
전주 여행,434,애벌레,NNG
전주 여행,434,둘째,NR
전주 여행,434,보문호,NNP
전주 여행,434,주변,NNG
전주 여행,434,10,SN
전주 여행,434,엑스,NNG
전주 여행,434,포대,NNG
전주 여행,434,공원,NNG
전주 여행,434,입장,NNG
전주 여행,434,엑스포,NNG
전주 여행,434,기념관,NNG
전주 여행,434,천마,NNG
전주 여행,434,궁전,NNG
전주 여행,434,타워,NNG
전주 여행,434,솔거,NNG
전주 여행,434,미술관,NNG
전주 여행,434,자연사,NNG
전주 여행,434,박물관,NNG
전주 여행,435,2020,SN
전주 여행,435,동방역,NNP
전주 여행,435,능소화,NNG
전주 여행,435,서출지,NNG
전주 여행,435,경북,NNP
전주 여행,435,산림,NNG
전주 여행,435,연구원,NNG
전주 여행,435,2020,SN
전주 여행,435,25,SN
전주 여행,435,동방역,NNP
전주 여행,435,능소화,NNG
전주 여행,435,서출지,NNG
전주 여행,435,경북,NNP
전주 여행,435,산림,NNG
전주 여행,435,연구원,NNG
전주 여행,436,모녀,NNG
전주 여행,436,함께,MAG
전주 여행,436,바보,NNG
전주 여행,436,블로그,NNG
전주 여행,436,모녀,NNG
전주 여행,436,함께,MAG
전주 여행,436,2019,SN
전주 여행,436,10,SN
전주 여행,436,15,SN
전주 여행,436,첨성대,NNG
전주 여행,436,야생,NNG
전주 여행,436,단지,MAG
전주 여행,436,계림,NNG
전주 여행,436,월지,NNG
전주 여행,436,안압지,NNP
전주 여행,436,계림,NNP
전주 여행,436,월지,NNP
전주 여행,436,안압지,NNP
전주 여행,436,야경,NNG
전주 여행,436,박물관,NNG
전주 여행,436,10,SN
전주 여행,436,16,SN
전주 여행,436,김유신,NNP
전주 여행,436,장군,NNG
전주 여행,437,석굴암,NNG
전주 여행,437,2018,SN
전주 여행,437,10,SN
전주 여행,438,알라딘,NNP
전주 여행,438,100,SN
전주 여행,438,자평,NNG
전주 여행,438,일상,NNG
전주 여행,438,고고학,NNG
전주 여행,438,혼자,MAG
전주 여행,438,일상,NNG
전주 여행,438,고고학,NNG
전주 여행,438,혼자,MAG
전주 여행,438,개정,NNG
전주 여행,438,증보판,NNG
전주 여행,438,일상,NNG
전주 여행,438,고고학,NNG
전주 여행,438,시리즈,NNG
전주 여행,438,황윤,NNG
전주 여행,438,지음,NNG
전주 여행,438,고양이,NNG
전주 여행,438,2020,SN
전주 여행,438,10,SN
전주 여행,438,평점,NNG
전주 여행,438,삼국,NNG
전주 여행,438,시대,NNG
전주 여행,438,관한,VV+ETM
전주 여행,438,거의,MAG
전주 여행,438,모든,MM
전주 여행,438,자료,NNG
전주 여행,438,섭렵,NNG
전주 여행,438,소장,NNG
전주 여행,438,역사,NNG
전주 여행,438,학자,NNG
전주 여행,438,순수,NNG
전주 여행,438,시각,NNG
전주 여행,438,생생,XR
전주 여행,439,알라딘,NNP
전주 여행,439,일상,NNG
전주 여행,439,고고학,NNG
전주 여행,439,혼자,MAG
전주 여행,439,일상,NNG
전주 여행,439,고고학,NNG
전주 여행,439,혼자,MAG
전주 여행,439,개정,NNG
전주 여행,439,증보판,NNG
전주 여행,439,일상,NNG
전주 여행,439,고고학,NNG
전주 여행,439,시리즈,NNG
전주 여행,439,황윤,NNG
전주 여행,439,지음,NNG
전주 여행,439,고양이,NNG
전주 여행,439,2020,SN
전주 여행,439,10,SN
전주 여행,439,평점,NNG
전주 여행,439,수학,NNG
전주 여행,439,으로,JKB
전주 여행,439,추억,NNG
전주 여행,439,다시,MAG
전주 여행,439,한번,MAG
전주 여행,439,역사,NNG
전주 여행,439,그렇,VA
전주 여행,439,수록,EC
전주 여행,440,경비,NNG
전주 여행,440,혼자,NNG
전주 여행,440,떠난,VV+ETM
전주 여행,440,이동,NNG
전주 여행,440,수단,NNG
전주 여행,440,시외버스,NNG
전주 여행,440,버스,NNG
전주 여행,440,택시,NNG
전주 여행,440,시티투어,NNP
전주 여행,440,버스,NNG
전주 여행,440,Total,SL
전주 여행,440,13,SN
전주 여행,440,140,SN
전주 여행,440,기타,NNG
전주 여행,440,생필품,NNG
전주 여행,440,샴푸,NNG
전주 여행,440,린스,NNG
전주 여행,440,바디,NNG
전주 여행,440,워시,NNP
전주 여행,440,버블,NNG
전주 여행,440,490,SN
전주 여행,440,Total,SL
전주 여행,440,경비,NNG
전주 여행,440,148,SN
전주 여행,440,080,SN
전주 여행,441,경북,NNP
전주 여행,441,현대,NNG
전주 여행,441,호텔,NNG
전주 여행,441,현대,NNP
전주 여행,441,호텔,NNG
전주 여행,441,현대,NNG
전주 여행,441,호텔,NNG
전주 여행,441,보문,NNP
전주 여행,441,수상,NNG
전주 여행,441,공연장,NNG
전주 여행,441,보문관광단지,NNP
전주 여행,441,보문호,NNP
전주 여행,441,반길,VV+ETM
전주 여행,441,신라,NNP
전주 여행,441,컨트리클럽,NNG
전주 여행,441,숙박,NNG
전주 여행,441,현대,NNG
전주 여행,441,호텔,NNG
전주 여행,441,방문,NNG
전주 여행,441,일자,NNG
전주 여행,441,2016,SN
전주 여행,441,현대,NNG
전주 여행,441,호텔,NNG
전주 여행,441,경북,NNP
전주 여행,441,신평동,NNP
전주 여행,442,석굴암,NNG
전주 여행,442,불국사,NNG
전주 여행,442,09,SN
전주 여행,442,43,SN
전주 여행,442,석굴암,NNG
전주 여행,442,불국사,NNG
전주 여행,442,일시,NNG
전주 여행,442,2011,SN
전주 여행,442,22,SN
전주 여행,442,24,SN
전주 여행,442,장소,NNG
전주 여행,442,세째,NR
전주 여행,442,24,SN
전주 여행,442,석굴암,NNG
전주 여행,442,불국사,NNG
전주 여행,442,참여,NNG
전주 여행,442,우리,NP
전주 여행,442,가족,NNG
전주 여행,442,송국영,NNP
전주 여행,442,안종,NNP
전주 여행,442,송진주,NNP
전주 여행,442,김홍식,NNP
전주 여행,442,김연우,NNP
전주 여행,442,연주,NNP
전주 여행,442,조광민,NNP
전주 여행,443,대릉원,NNG
전주 여행,443,스탬프,NNG
전주 여행,443,투어,NNG
전주 여행,443,다섯,NR
전주 여행,443,이야기,NNG
전주 여행,443,대릉원,NNG
전주 여행,443,천마,NNG
전주 여행,443,경북,NNP
전주 여행,443,스탬프,NNG
전주 여행,443,투어,NNG
전주 여행,443,오릉,NNG
전주 여행,443,대릉원,NNG
전주 여행,443,천마총,NNG
전주 여행,443,오릉,NNG
전주 여행,443,교촌,NNG
전주 여행,443,마을,NNG
전주 여행,443,투어,NNG
전주 여행,443,마치,VV
전주 여행,443,다음,NNG
전주 여행,443,으로,JKB
전주 여행,443,찾아간,VV+ETM
전주 여행,443,바로,MAG
전주 여행,443,오릉,NNG
전주 여행,443,교촌,NNG
전주 여행,443,마을,NNG
전주 여행,443,면서,EC
전주 여행,443,조금,MAG
전주 여행,443,지치,VV
전주 여행,443,느낌,NNG
전주 여행,443,는데,EC
전주 여행,444,유적지,NNG
전주 여행,444,트레,NNP
전주 여행,444,대상지,NNG
전주 여행,444,유적지,NNG
전주 여행,444,트레,NNP
전주 여행,444,소재지,NNG
전주 여행,444,경북,NNP
전주 여행,444,2023,SN
전주 여행,444,10,SN
전주 여행,444,동궁,NNG
전주 여행,444,월지,NNG
전주 여행,444,반월,NNG
전주 여행,444,교촌,NNG
전주 여행,444,대릉원,NNG
전주 여행,444,44,SN
전주 여행,444,고분,NNG
전주 여행,444,분황사,NNG
전주 여행,444,황룡사,NNG
전주 여행,444,역사,NNG
전주 여행,444,문화원,NNG
전주 여행,444,동궁,NNG
전주 여행,444,월지,NNG
전주 여행,444,주차장,NNG
전주 여행,444,Km,SL
전주 여행,444,반월,NNG
전주 여행,444,에서,JKB
전주 여행,445,동궁,NNG
전주 여행,445,월지,NNG
전주 여행,445,안압지,NNP
전주 여행,445,야경,NNG
전주 여행,445,해외,NNG
전주 여행,445,이야기,NNG
전주 여행,445,후기,NNG
전주 여행,445,동궁,NNG
전주 여행,445,월지,NNG
전주 여행,445,안압지,NNP
전주 여행,445,야경,NNG
전주 여행,445,훌리아,NNP
전주 여행,445,2020,SN
전주 여행,445,25,SN
전주 여행,445,15,SN
전주 여행,445,17,SN
전주 여행,445,2019,SN
전주 여행,445,여름,NNG
전주 여행,445,사진,NNG
전주 여행,445,보관,NNG
전주 여행,445,구독,NNG
전주 여행,445,해외,NNG
전주 여행,445,이야기,NNG
전주 여행,445,후기,NNG
전주 여행,445,Related,SL
전주 여행,445,Articles,SL
전주 여행,446,2020,SN
전주 여행,446,06,SN
전주 여행,446,13,SN
전주 여행,446,14,SN
전주 여행,446,일요일,NNG
전주 여행,446,오전,NNG
전주 여행,446,오후,NNG
전주 여행,446,에서,JKB
전주 여행,446,고향,NNG
전주 여행,446,친구,NNG
전주 여행,446,함께,MAG
전주 여행,446,신라,NNP
전주 여행,446,대종,NNG
전주 여행,446,장맛비,NNG
전주 여행,446,시작,NNG
전주 여행,446,육월,NNP
전주 여행,446,중순,NNG
전주 여행,446,고향,NNG
전주 여행,446,친구,NNG
전주 여행,446,함께,MAG
전주 여행,446,에서,JKB
전주 여행,446,즐거운,VA+ETM
전주 여행,446,대릉원,NNG
전주 여행,446,돌담길,NNP
전주 여행,446,황리,NNG
전주 여행,447,이야기,NNG
전주 여행,447,계명,NNG
전주 여행,447,대학교,NNG
전주 여행,447,동산,NNG
전주 여행,447,병원,NNG
전주 여행,447,라고,EC
전주 여행,447,일자,NNG
전주 여행,447,2016,SN
전주 여행,447,인원,NNG
전주 여행,447,친구,NNG
전주 여행,447,함께,MAG
전주 여행,447,시외버스,NNG
전주 여행,447,터미널,NNG
전주 여행,447,경북,NNP
전주 여행,447,노서동,NNP
전주 여행,447,160,SN
전주 여행,447,전화,NNG
전주 여행,447,1666,SN
전주 여행,447,5599,SN
전주 여행,447,시외버스,NNG
전주 여행,447,터미널,NNG
전주 여행,448,알라딘,NNP
전주 여행,448,100,SN
전주 여행,448,자평,NNG
전주 여행,448,일상,NNG
전주 여행,448,고고학,NNG
전주 여행,448,혼자,MAG
전주 여행,448,일상,NNG
전주 여행,448,고고학,NNG
전주 여행,448,혼자,MAG
전주 여행,448,개정,NNG
전주 여행,448,증보판,NNG
전주 여행,448,일상,NNG
전주 여행,448,고고학,NNG
전주 여행,448,시리즈,NNG
전주 여행,448,황윤,NNG
전주 여행,448,지음,NNG
전주 여행,448,고양이,NNG
전주 여행,448,재미있,VA
전주 여행,448,길잡이,NNG
전주 여행,448,입니다,VCP+EF
전주 여행,448,풍부,XR
전주 여행,448,이해,NNG
전주 여행,449,코스,NNG
전주 여행,449,베스트,NNG
전주 여행,449,추천,NNG
전주 여행,449,top,SL
전주 여행,449,10,SN
전주 여행,449,코스,NNG
전주 여행,449,베스트,NNG
전주 여행,449,추천,NNG
전주 여행,449,top,SL
전주 여행,449,10,SN
전주 여행,449,코스,NNG
전주 여행,449,베스트,NNG
전주 여행,449,추천,NNG
전주 여행,449,top,SL
전주 여행,449,10,SN
전주 여행,449,소개,NNG
전주 여행,449,합니다,XSV+EC
전주 여행,449,황리,NNG
전주 여행,449,상호,NNG
전주 여행,449,황리,NNG
전주 여행,449,주소,NNG
전주 여행,449,경상북도,NNP
전주 여행,449,황남동,NNP
전주 여행,449,280,SN
전주 여행,449,전화,NNG
전주 여행,449,번호,NNG
전주 여행,449,입력,NNG
전주 여행,449,관련,NNG
전주 여행,449,키워드,NNP
전주 여행,449,키워드,NNP
전주 여행,450,코스,NNG
전주 여행,450,뚜벅,MAG
전주 여행,450,불국사,NNP
전주 여행,450,석굴암,NNG
전주 여행,450,중교,NNG
전주 여행,450,naver,SL
전주 여행,450,com,SL
전주 여행,450,loveartlove,SL
전주 여행,450,223054447834,SN
전주 여행,450,다시,MAG
전주 여행,450,서울,NNP
전주 여행,450,올라갈,VV+ETM
전주 여행,450,불국사,NNP
전주 여행,450,불국사,NNP
전주 여행,450,국보,NNG
전주 여행,450,다보탑,NNG
전주 여행,450,석가탑,NNG
전주 여행,450,석굴암,NNG
전주 여행,450,입장료,NNG
전주 여행,451,불국사,NNG
전주 여행,451,스탬프,NNG
전주 여행,451,투어,NNG
전주 여행,451,이야기,NNG
전주 여행,451,불국사,NNP
전주 여행,451,석굴암,NNG
전주 여행,451,경북,NNP
전주 여행,451,스탬프,NNG
전주 여행,451,투어,NNG
전주 여행,451,가을,NNG
전주 여행,451,불국사,NNG
전주 여행,451,석굴암,NNG
전주 여행,451,동리,NNG
전주 여행,451,문학관,NNG
전주 여행,451,구경,NNG
전주 여행,451,마치,VV
전주 여행,451,다음,NNG
전주 여행,451,으로,JKB
전주 여행,451,장소,NNG
전주 여행,451,핵심,NNG
전주 여행,451,메카,NNP
전주 여행,451,바로,MAG
전주 여행,451,불국사,NNP
전주 여행,451,석굴암,NNG
전주 여행,452,황리,NNG
전주 여행,452,한옥,NNG
전주 여행,452,카페,NNG
전주 여행,452,추천,NNG
전주 여행,452,카페,NNP
전주 여행,452,아덴,NNP
전주 여행,452,카페,NNP
전주 여행,452,아덴,NNP
전주 여행,452,위치,NNG
전주 여행,452,경북,NNP
전주 여행,452,사정,NNG
전주 여행,452,57,SN
전주 여행,452,운영,NNG
전주 여행,452,시간,NNG
전주 여행,452,매일,MAG
전주 여행,452,10,SN
전주 여행,452,와서,VV+EC
전주 여행,452,으로,JKB
전주 여행,452,채울,VV+ETM
전주 여행,452,어서,EC
전주 여행,452,어요,EF
전주 여행,452,실시간,NNG
전주 여행,452,예보,NNG
전주 여행,452,너무,MAG
전주 여행,452,커피,NNG
전주 여행,452,아덴,NNP
전주 여행,452,시그,NNP
전주 여행,453,알라딘,NNP
전주 여행,453,100,SN
전주 여행,453,자평,NNG
전주 여행,453,일상,NNG
전주 여행,453,고고학,NNG
전주 여행,453,혼자,MAG
전주 여행,453,일상,NNG
전주 여행,453,고고학,NNG
전주 여행,453,혼자,MAG
전주 여행,453,개정,NNG
전주 여행,453,증보판,NNG
전주 여행,453,일상,NNG
전주 여행,453,고고학,NNG
전주 여행,453,시리즈,NNG
전주 여행,453,황윤,NNG
전주 여행,453,지음,NNG
전주 여행,453,고양이,NNG
전주 여행,453,2020,SN
전주 여행,453,10,SN
전주 여행,453,평점,NNG
전주 여행,453,대한,VV+ETM
전주 여행,453,아름다움,VA+ETN
전주 여행,453,느낄,VV+ETM
전주 여행,453,기대,NNG
전주 여행,453,됩니다,XSV+EC
전주 여행,454,알라딘,NNP
전주 여행,454,서재,NNP
전주 여행,454,필수,NNG
전주 여행,454,필요,NNG
전주 여행,454,지식,NNG
전주 여행,454,설명,NNG
전주 여행,454,이해,NNG
전주 여행,454,사진,NNG
전주 여행,454,정보,NNG
전주 여행,454,가득,MAG
전주 여행,454,서울,NNP
전주 여행,454,이어,MAG
전주 여행,454,역사,NNG
전주 여행,454,꿈꾸,VV
전주 여행,454,한옥,NNG
전주 여행,454,에서,JKB
전주 여행,454,독서,NNG
전주 여행,454,모임,NNG
전주 여행,454,다가,EC
전주 여행,454,바로,MAG
전주 여행,454,주문,NNG
전주 여행,454,역사,NNG
전주 여행,454,예정,NNG
전주 여행,455,에서,JKB
전주 여행,455,걸어서,VV+EC
전주 여행,455,대릉원,NNG
전주 여행,455,까지,JX
전주 여행,455,대릉원,NNG
전주 여행,455,담장,NNG
전주 여행,455,2018,SN
전주 여행,455,11,SN
전주 여행,455,이번,NNG
전주 여행,455,천천히,MAG
전주 여행,455,걸으며,VV+EC
전주 여행,455,가을,NNG
전주 여행,455,만끽,NNG
전주 여행,455,컨셉,NNG
전주 여행,455,마침,MAG
전주 여행,455,가을,NNG
전주 여행,455,분위기,NNG
전주 여행,455,한껏,MAG
전주 여행,455,고조,NNG
전주 여행,455,시켜,XSV+EC
전주 여행,455,벚나무,NNG
전주 여행,455,좌우,NNG
전주 여행,455,어서,EC
전주 여행,455,마다,JX
전주 여행,455,가지,VV
전주 여행,455,와서,VV+EC
전주 여행,456,Knowledge,SL
전주 여행,456,Box,SL
전주 여행,456,슈만,NNP
전주 여행,456,클라라,NNP
전주 여행,456,도착,NNG
전주 여행,456,제일,MAG
전주 여행,456,먼저,MAG
전주 여행,456,슈만,NNP
전주 여행,456,클라라,NNP
전주 여행,456,라는,VCP+ETM
전주 여행,456,cafe,SL
전주 여행,456,위치,NNG
전주 여행,456,요기,NP
전주 여행,456,여기,NP
전주 여행,456,버스,NNG
전주 여행,456,려고,EC
전주 여행,456,는데,EC
전주 여행,456,버스,NNG
전주 여행,456,너무,MAG
전주 여행,456,와서,VV+EC
전주 여행,456,택시,NNG
전주 여행,456,그러나,MAJ
전주 여행,456,다음,NNG
전주 여행,456,문제,NNG
전주 여행,456,계속,MAG
전주 여행,457,2303,SN
전주 여행,457,봄꽃,NNG
전주 여행,457,습니다,EF
전주 여행,457,벌써,MAG
전주 여행,457,마지막,NNG
전주 여행,457,월요일,NNG
전주 여행,457,찾아간,VV+ETM
전주 여행,457,벚꽃,NNG
전주 여행,457,상춘객,NNG
전주 여행,457,으로,JKB
전주 여행,457,많이,MAG
전주 여행,457,붐볐,VV+EP
전주 여행,457,습니다,EF
전주 여행,457,에서,JKB
전주 여행,457,점심,NNG
전주 여행,457,집사람,NNG
전주 여행,457,국도,NNG
전주 여행,457,천천히,MAG
전주 여행,457,올라가,VV
전주 여행,457,곳곳,NNG
전주 여행,457,벚꽃,NNG
전주 여행,457,자랑,NNG
전주 여행,457,열중,NNG
전주 여행,458,황리,NNG
전주 여행,458,맛집,NNG
전주 여행,458,여도,NNG
전주 여행,458,영업,NNG
전주 여행,458,종료,NNG
전주 여행,458,오늘,NNG
전주 여행,458,맛집,NNG
전주 여행,458,황리,NNG
전주 여행,458,맛집,NNG
전주 여행,458,여주,NNG
전주 여행,458,이야기,NNG
전주 여행,458,함께,MAG
전주 여행,458,해요,VV+EF
전주 여행,458,다만,MAJ
전주 여행,458,현재,MAG
전주 여행,458,여도,NNG
전주 여행,458,다는,ETM
전주 여행,458,저희,NP
전주 여행,458,기록,NNG
전주 여행,458,해서,VV+EC
전주 여행,458,그냥,MAG
전주 여행,458,포스팅,NNP
전주 여행,458,진행,NNG
전주 여행,458,참고,NNG
전주 여행,458,세요,EP+EF
전주 여행,458,한옥,NNP
전주 여행,458,외관,NNG
전주 여행,458,눈길,NNG
전주 여행,459,황리,NNG
전주 여행,459,주전부리,NNG
전주 여행,459,황금,NNG
전주 여행,459,황남,NNG
전주 여행,459,옥수수,NNG
전주 여행,459,청년,NNG
전주 여행,459,분식,NNG
전주 여행,459,황리,NNG
전주 여행,459,주전부리,NNG
전주 여행,459,저녁,NNG
전주 여행,459,출출,XR
전주 여행,459,해서,XSA+EC
전주 여행,459,황리,NNG
전주 여행,459,주전부리,NNG
전주 여행,459,우선,MAG
전주 여행,459,급한,VA+ETM
전주 여행,459,결론,NNG
전주 여행,459,부터,JX
전주 여행,459,자면,EC
전주 여행,459,청년,NNG
전주 여행,459,분식,NNG
전주 여행,459,황남,NNG
전주 여행,459,옥수수,NNG
전주 여행,459,모두,MAG
전주 여행,459,아쉽,VA
전주 여행,459,청년,NNG
전주 여행,459,분식,NNG
전주 여행,459,쥬얼,NNP
전주 여행,459,우릴,VV+ETM
전주 여행,459,유혹,NNG
전주 여행,459,뭔가,NP+VCP+EC
전주 여행,460,13,SN
전주 여행,460,성동,NNG
전주 여행,460,시장,NNG
전주 여행,460,구경,NNG
전주 여행,460,가을,NNG
전주 여행,460,기차,NNG
전주 여행,460,피날레,NNG
전주 여행,460,2018,SN
전주 여행,460,11,SN
전주 여행,460,즐거웠,VA+EP
전주 여행,460,가을,NNG
전주 여행,460,기차,NNG
전주 여행,460,단풍,NNG
전주 여행,460,맘껏,MAG
전주 여행,460,누리,VV
전주 여행,460,돌아가,VV
전주 여행,460,노란,VA+ETM
전주 여행,460,은행,NNG
전주 여행,460,낙엽,NNG
전주 여행,460,올려,VV+EC
전주 여행,460,어야,EC
전주 여행,460,는데,EC
전주 여행,460,언니,NNG
전주 여행,460,수고,NNG
전주 여행,460,어염,EF
전주 여행,460,숙소,NNG
전주 여행,460,변경,NNG
전주 여행,460,지도자,NNG
전주 여행,460,언니,NNG
전주 여행,460,짝짝,MAG
전주 여행,461,첨성대,NNG
전주 여행,461,대릉원,NNG
전주 여행,461,주차,NNG
전주 여행,461,주차장,NNG
전주 여행,461,대릉원,NNG
전주 여행,461,주차장,NNG
전주 여행,461,여기,NP
전주 여행,461,매표,NNG
전주 여행,461,해야,VV+EC
전주 여행,461,들어갈,VV+ETM
전주 여행,461,어서,EC
전주 여행,461,그냥,MAG
전주 여행,461,혼자,NNG
전주 여행,461,굳이,MAG
전주 여행,461,들어갈,VV+ETM
전주 여행,461,필요,NNG
전주 여행,461,느꼈,VV+EP
전주 여행,461,네요,EF
전주 여행,461,편하,VA
전주 여행,461,드라이브,NNG
전주 여행,461,둘러본,VV+ETM
전주 여행,461,그리고,MAJ
전주 여행,461,그곳,NP
전주 여행,461,에서,JKB
전주 여행,461,만난,VV+ETM
전주 여행,461,첨성대,NNG
전주 여행,462,안녕,IC
전주 여행,462,2014,SN
전주 여행,462,2014,SN
전주 여행,462,마지막,NNG
전주 여행,462,에서,JKB
전주 여행,462,멋진,VA+ETM
전주 여행,462,선물,NNG
전주 여행,462,눈발,NNG
전주 여행,462,날리,VV
전주 여행,462,시작,NNG
전주 여행,462,한다,XSV+EF
전주 여행,462,그리고,MAJ
전주 여행,462,금방,MAG
전주 여행,462,하얀,VA+ETM
전주 여행,462,세상,NNG
전주 여행,462,으로,JKB
전주 여행,462,변한다,VV+EC
전주 여행,462,눈길,NNG
전주 여행,462,산책,NNG
전주 여행,462,불국사,NNP
전주 여행,462,에서,JKB
전주 여행,462,기차,NNG
전주 여행,462,마무리,NNG
전주 여행,462,한다,XSV+EF
전주 여행,462,다시,MAG
전주 여행,462,화창,XR
전주 여행,462,해진,XSA+EC+VX+ETM
전주 여행,462,하늘,NNG
전주 여행,463,야경,NNG
전주 여행,463,다른,MM
전주 여행,463,매력,NNG
전주 여행,463,정교,NNG
전주 여행,463,분위기,NNG
전주 여행,463,저녁,NNG
전주 여행,463,정교,NNG
전주 여행,463,방문,NNG
전주 여행,463,추천,NNG
전주 여행,463,드립니다,VV+EF
전주 여행,463,켜진,VV+ETM
전주 여행,463,정교,NNG
전주 여행,463,신나,VV
전주 여행,463,사진,NNG
전주 여행,463,정교,NNG
전주 여행,463,야경,NNG
전주 여행,463,마지막,NNG
전주 여행,463,으로,JKB
전주 여행,463,떠나갑니다,VV+EF
전주 여행,463,여기,NP
전주 여행,463,신라,NNP
전주 여행,463,니까,VCP+EC
전주 여행,463,신라,NNP
전주 여행,463,해장국,NNG
전주 여행,463,즐거웠,VA+EP
전주 여행,463,습니다,EF
전주 여행,464,황남,NNG
전주 여행,464,맷돌,NNG
전주 여행,464,순두부,NNG
전주 여행,464,두부,NNG
전주 여행,464,보쌈,NNG
전주 여행,464,제육,NNG
전주 여행,464,순두부찌개,NNG
전주 여행,464,그리고,MAJ
전주 여행,464,황남,NNG
전주 여행,464,맷돌,NNG
전주 여행,464,순두부,NNG
전주 여행,464,영업시간,NNG
전주 여행,464,30,SN
전주 여행,464,까지,JX
전주 여행,464,황리,NNG
전주 여행,464,시작,NNG
전주 여행,464,으로,JKB
전주 여행,464,어지간,XR
전주 여행,464,밥집,NNG
전주 여행,464,영업,NNG
전주 여행,464,마감,NNG
전주 여행,464,진짜,MAG
전주 여행,464,고기,NNG
전주 여행,464,맛있,VA
전주 여행,464,두부,NNG
전주 여행,464,순두부찌개,NNG
전주 여행,464,맛나,VA
전주 여행,464,호랑이,NNG
전주 여행,464,막걸리,NNG
전주 여행,464,완전,MAG
전주 여행,464,맛있,VA
전주 여행,464,어서,EC
전주 여행,465,마치,VV
전주 여행,465,울주,NNP
전주 여행,465,새벽,NNG
전주 여행,465,다가,EC
전주 여행,465,그친다,VV+EC
전주 여행,465,하늘,NNG
전주 여행,465,예쁘다,NNP
전주 여행,465,월드,NNG
전주 여행,465,판다,NNG
전주 여행,465,에서,JKB
전주 여행,465,점심,NNG
전주 여행,465,맛있,VA
전주 여행,465,친절,NNG
전주 여행,465,떡갈비,NNG
전주 여행,465,맛나,VA
전주 여행,465,계란찜,NNG
전주 여행,465,풍경,NNG
전주 여행,465,예쁘,VA
전주 여행,465,행복,NNG
전주 여행,465,울주,NNP
전주 여행,466,서출지,NNG
전주 여행,466,23,SN
전주 여행,466,28,SN
전주 여행,466,더운,VA+ETM
전주 여행,466,날씨,NNG
전주 여행,466,촬영,NNG
전주 여행,466,임했,VV+EP
전주 여행,466,사진가,NNG
전주 여행,466,에게,JKB
전주 여행,466,미안,NNG
전주 여행,466,생각,NNG
전주 여행,466,더운,VA+ETM
전주 여행,466,날씨,NNG
전주 여행,466,여러,MM
전주 여행,466,촬영,NNG
전주 여행,466,대작,NNG
전주 여행,466,으시,EP
전주 여행,466,무사히,MAG
전주 여행,466,습니다,EF
전주 여행,467,알라딘,NNP
전주 여행,467,100,SN
전주 여행,467,자평,NNG
전주 여행,467,우리,NP
전주 여행,467,아이,IC
전주 여행,467,우리,NP
전주 여행,467,아이,IC
전주 여행,467,세계,NNG
전주 여행,467,문화유산,NNG
전주 여행,467,아서,EC
전주 여행,467,개정판,NNG
전주 여행,467,답사,NNG
전주 여행,467,바로,MAG
전주 여행,467,역사,NNG
전주 여행,467,바로,MAG
전주 여행,467,박광일,NNP
전주 여행,467,전향,NNG
전주 여행,467,이야기,NNG
전주 여행,467,기획,NNG
전주 여행,467,성당,NNG
전주 여행,467,2011,SN
전주 여행,467,평점,NNG
전주 여행,467,초등,NNG
전주 여행,467,학교,NNG
전주 여행,467,학생,NNG
전주 여행,467,수학,NNG
전주 여행,468,알라딘,NNP
전주 여행,468,100,SN
전주 여행,468,자평,NNG
전주 여행,468,일상,NNG
전주 여행,468,고고학,NNG
전주 여행,468,혼자,MAG
전주 여행,468,일상,NNG
전주 여행,468,고고학,NNG
전주 여행,468,혼자,MAG
전주 여행,468,개정,NNG
전주 여행,468,증보판,NNG
전주 여행,468,일상,NNG
전주 여행,468,고고학,NNG
전주 여행,468,시리즈,NNG
전주 여행,468,황윤,NNG
전주 여행,468,지음,NNG
전주 여행,468,고양이,NNG
전주 여행,468,묻힌,VV+ETM
전주 여행,468,타임캡슐,NNG
전주 여행,468,신라,NNG
전주 여행,468,특별,NNG
전주 여행,468,시간,NNG
전주 여행,468,네요,EC
전주 여행,469,오늘,NNG
전주 여행,469,날씨,NNG
전주 여행,469,더우니,VA+EC
전주 여행,469,마을,NNG
전주 여행,469,식당,NNG
전주 여행,469,에서,JKB
전주 여행,469,맛난,VA+ETM
전주 여행,469,양념,NNG
전주 여행,469,게장,NNG
전주 여행,469,점심,NNG
전주 여행,469,힐튼,NNP
전주 여행,469,호텔,NNG
전주 여행,469,에서,JKB
전주 여행,469,커피,NNG
전주 여행,469,한잔,NNG
전주 여행,469,보문,NNG
전주 여행,469,단지,MAG
전주 여행,469,푸른,VA+ETM
전주 여행,469,나무,NNG
전주 여행,469,감상,NNG
전주 여행,469,커피,NNG
전주 여행,469,한잔,NNG
전주 여행,469,스콘,NNP
전주 여행,469,행복,NNG
전주 여행,469,월드,NNG
전주 여행,469,관람,NNG
전주 여행,469,보인다,VV+EF
전주 여행,469,한번,MAG
전주 여행,469,볼까,EC+VX+EC
전주 여행,470,압지,NNG
전주 여행,470,야경,NNG
전주 여행,470,투어,NNG
전주 여행,470,방문,NNG
전주 여행,470,아마도,MAG
전주 여행,470,보름달,NNG
전주 여행,470,보다,JKB
전주 여행,470,하늘,NNG
전주 여행,470,황청,NNG
전주 여행,470,연못,NNG
전주 여행,470,빠져,VV+EC
전주 여행,470,야경,NNG
전주 여행,470,함께,MAG
전주 여행,470,정말,MAG
전주 여행,470,멋진,VA+ETM
전주 여행,470,야경,NNG
전주 여행,470,보여,VV+EC
전주 여행,470,이래서,VV+EC
전주 여행,470,마다,JX
전주 여행,470,이곳,NP
전주 여행,470,압지,NNG
전주 여행,470,하나,NR
전주 여행,470,보다,JKB
전주 여행,471,알라딘,NNP
전주 여행,471,100,SN
전주 여행,471,자평,NNG
전주 여행,471,우리,NP
전주 여행,471,아이,IC
전주 여행,471,우리,NP
전주 여행,471,아이,IC
전주 여행,471,에서,JKB
전주 여행,471,신라,NNG
전주 여행,471,답사,NNG
전주 여행,471,바로,MAG
전주 여행,471,역사,NNG
전주 여행,471,바로,MAG
전주 여행,471,13,SN
전주 여행,471,박광일,NNP
전주 여행,471,2004,SN
전주 여행,471,평점,NNG
전주 여행,471,구판,NNG
전주 여행,471,절판,NNG
전주 여행,471,아이,NNG
전주 여행,471,눈높이,NNG
전주 여행,471,맞춰진,VV+EC+VX+ETM
전주 여행,472,알라딘,NNP
전주 여행,472,100,SN
전주 여행,472,자평,NNG
전주 여행,472,일상,NNG
전주 여행,472,고고학,NNG
전주 여행,472,혼자,MAG
전주 여행,472,일상,NNG
전주 여행,472,고고학,NNG
전주 여행,472,혼자,MAG
전주 여행,472,개정,NNG
전주 여행,472,증보판,NNG
전주 여행,472,일상,NNG
전주 여행,472,고고학,NNG
전주 여행,472,시리즈,NNG
전주 여행,472,황윤,NNG
전주 여행,472,지음,NNG
전주 여행,472,고양이,NNG
전주 여행,472,2020,SN
전주 여행,472,10,SN
전주 여행,472,평점,NNG
전주 여행,472,유익,NNG
전주 여행,472,아요,EC
전주 여행,473,알라딘,NNP
전주 여행,473,역사,NNG
전주 여행,473,관심,NNG
전주 여행,473,시작,NNG
전주 여행,473,해서,XSV+EC
전주 여행,473,함께,MAG
전주 여행,473,어요,EF
전주 여행,473,길래,EC
전주 여행,473,생각,NNG
전주 여행,473,는데,EC
전주 여행,473,그리,VV
전주 여행,473,마음,NNG
전주 여행,473,접하,VV
전주 여행,473,어요,EF
전주 여행,473,기억,NNG
전주 여행,473,가지,VV
전주 여행,473,는데,EC
전주 여행,473,아이,NNG
전주 여행,473,신라,NNG
전주 여행,473,배운,VV+ETM
전주 여행,473,그런지,VA+EC
전주 여행,473,동안,NNG
전주 여행,473,배운,VV+ETM
전주 여행,473,내용,NNG
전주 여행,473,생각,NNG
전주 여행,473,유적지,NNG
전주 여행,474,매화,NNG
전주 여행,474,산수유,NNG
전주 여행,474,만발,NNG
전주 여행,474,보문,NNG
전주 여행,474,단지,MAG
전주 여행,474,호수,NNG
전주 여행,474,산책,NNG
전주 여행,474,행복,NNG
전주 여행,474,마무리,NNG
전주 여행,475,알라딘,NNP
전주 여행,475,100,SN
전주 여행,475,자평,NNG
전주 여행,475,일상,NNG
전주 여행,475,고고학,NNG
전주 여행,475,혼자,MAG
전주 여행,475,일상,NNG
전주 여행,475,고고학,NNG
전주 여행,475,혼자,MAG
전주 여행,475,일상,NNG
전주 여행,475,시리즈,NNG
전주 여행,475,황윤,NNG
전주 여행,475,지음,NNG
전주 여행,475,고양이,NNG
전주 여행,475,2020,SN
전주 여행,475,10,SN
전주 여행,475,평점,NNG
전주 여행,475,마니아,NNG
전주 여행,475,알려,VV+EC
전주 여행,475,탐방기,NNG
전주 여행,475,그런지,VA+EC
전주 여행,475,대한,VV+ETM
전주 여행,475,알찬,VA+ETM
전주 여행,475,설명,NNG
전주 여행,475,습니다,EF
전주 여행,476,알라딘,NNP
전주 여행,476,100,SN
전주 여행,476,자평,NNG
전주 여행,476,일상,NNG
전주 여행,476,고고학,NNG
전주 여행,476,혼자,MAG
전주 여행,476,일상,NNG
전주 여행,476,고고학,NNG
전주 여행,476,혼자,MAG
전주 여행,476,개정,NNG
전주 여행,476,증보판,NNG
전주 여행,476,일상,NNG
전주 여행,476,고고학,NNG
전주 여행,476,시리즈,NNG
전주 여행,476,황윤,NNG
전주 여행,476,지음,NNG
전주 여행,476,고양이,NNG
전주 여행,476,2020,SN
전주 여행,476,10,SN
전주 여행,476,평점,NNG
전주 여행,476,아름다운,VA+ETM
전주 여행,476,풍경,NNG
전주 여행,476,고고학,NNG
전주 여행,476,우리,NP
전주 여행,476,지적,NNG
전주 여행,476,힐링,NNG
전주 여행,476,안겨,VV+EC
전주 여행,476,줘서,VX+EC
전주 여행,477,주상,NNG
전주 여행,477,절리,NNG
전주 여행,477,스탬프,NNG
전주 여행,477,투어,NNG
전주 여행,477,목적지,NNG
전주 여행,477,주상,NNG
전주 여행,477,스탬프,NNG
전주 여행,477,투어,NNG
전주 여행,477,주상,NNG
전주 여행,477,절리,NNG
전주 여행,477,해변,NNG
전주 여행,477,둘레길,NNP
전주 여행,477,주상,NNG
전주 여행,477,절리,NNG
전주 여행,477,파도,NNG
전주 여행,477,소리,NNG
전주 여행,477,드디어,MAG
전주 여행,477,시작,NNG
전주 여행,477,대한,VV+ETM
전주 여행,477,때문,NNB
전주 여행,477,을까,EC
전주 여행,477,오랫만,NNG
전주 여행,477,밤잠,NNG
전주 여행,477,설치,VV
전주 여행,477,다가,EC
전주 여행,477,시계,NNG
전주 여행,477,조금,MAG
전주 여행,477,시간,NNG
전주 여행,478,FeRed,SL
전주 여행,478,Conundrum,SL
전주 여행,478,of,SL
전주 여행,478,Life,SL
전주 여행,478,불국사,NNP
전주 여행,478,황남빵,NNP
전주 여행,478,교리,NNG
전주 여행,478,김밥,NNG
전주 여행,478,내소,NNG
전주 여행,478,Theme,SL
전주 여행,478,불국사,NNP
전주 여행,478,황남빵,NNP
전주 여행,478,교리,NNG
전주 여행,478,김밥,NNG
전주 여행,478,산내,NNG
전주 여행,478,소고기,NNG
전주 여행,478,울산,NNP
전주 여행,478,Comments,SL
전주 여행,478,후배,NNG
전주 여행,478,녀석,NNB
전주 여행,478,같이,MAG
전주 여행,478,울산,NNP
전주 여행,478,불국사,NNG
전주 여행,478,에서,JKB
전주 여행,478,천마총,NNG
전주 여행,478,에서,JKB
전주 여행,478,첨성대,NNG
전주 여행,478,으로,JKB
전주 여행,478,내려오,VV
전주 여행,478,다가,EC
전주 여행,478,나무,NNG
전주 여행,478,그늘,NNG
전주 여행,478,내부,NNG
전주 여행,478,전경,NNG
전주 여행,479,알라딘,NNP
전주 여행,479,100,SN
전주 여행,479,자평,NNG
전주 여행,479,일상,NNG
전주 여행,479,고고학,NNG
전주 여행,479,혼자,MAG
전주 여행,479,개정,NNG
전주 여행,479,증보판,NNG
전주 여행,479,일상,NNG
전주 여행,479,고고학,NNG
전주 여행,479,시리즈,NNG
전주 여행,479,황윤,NNG
전주 여행,479,지음,NNG
전주 여행,479,고양이,NNG
전주 여행,479,2020,SN
전주 여행,479,10,SN
전주 여행,479,평점,NNG
전주 여행,479,어려서,VA+EC
전주 여행,479,그냥,MAG
전주 여행,479,학교,NNG
전주 여행,479,에서,JKB
전주 여행,479,지금,MAG
전주 여행,479,커서,VV+EC
전주 여행,479,공부,NNG
전주 여행,479,다른,MM
전주 여행,479,느낌,NNG
전주 여행,479,습니다,EF
전주 여행,479,가보세요,NNG
전주 여행,480,알라딘,NNP
전주 여행,480,100,SN
전주 여행,480,자평,NNG
전주 여행,480,일상,NNG
전주 여행,480,고고학,NNG
전주 여행,480,혼자,MAG
전주 여행,480,혼자,NNG
전주 여행,480,개정,NNG
전주 여행,480,증보판,NNG
전주 여행,480,일상,NNG
전주 여행,480,고고학,NNG
전주 여행,480,시리즈,NNG
전주 여행,480,황윤,NNG
전주 여행,480,지음,NNG
전주 여행,480,고양이,NNG
전주 여행,480,2020,SN
전주 여행,480,10,SN
전주 여행,480,평점,NNG
전주 여행,480,이야기,NNG
전주 여행,480,봐도,VV+EC
전주 여행,480,봐도,VX+EC
전주 여행,480,들어도,VV+EC
전주 여행,480,들어도,VV+EC
전주 여행,480,재미있,VA
전주 여행,480,습니다,EF
전주 여행,480,작가,NNG
전주 여행,480,혼자,NNG
전주 여행,480,기대,NNG
전주 여행,480,봅니다,VX+EC
전주 여행,481,매화꽃,NNG
전주 여행,481,산수유,NNG
전주 여행,481,예쁜,VA+ETM
전주 여행,481,간다,VV+EC
전주 여행,481,날씨,NNG
전주 여행,481,따뜻,XR
전주 여행,481,바람,NNG
전주 여행,481,많이,MAG
전주 여행,481,햇살,NNG
전주 여행,481,따뜻,XR
전주 여행,481,점심,NNG
전주 여행,481,궁금,XR
전주 여행,481,했었,VX+EP
전주 여행,481,황룡,NNG
전주 여행,481,돌아봤,VV+EP
전주 여행,481,동국,NNG
전주 여행,481,재단,NNG
전주 여행,481,에서,JKB
전주 여행,481,운영,NNG
전주 여행,481,연수원,NNG
전주 여행,481,인데,VCP+EC
전주 여행,481,웅장,XR
전주 여행,481,꾸며져,VV+EC+VX+EC
전주 여행,482,맷돌,NNG
전주 여행,482,순부,NNG
전주 여행,482,옆집,NNG
전주 여행,482,정화,NNG
전주 여행,482,송이,NNG
전주 여행,482,순두부,NNG
전주 여행,482,맛집,NNG
전주 여행,482,옆집,NNG
전주 여행,482,아니,VCN
전주 여행,482,라도,EC
전주 여행,482,가격,NNG
전주 여행,482,비싸,VA
전주 여행,482,니까,EC
전주 여행,482,기본,NNG
전주 여행,482,반찬,NNG
전주 여행,482,생선,NNG
전주 여행,482,구이,NNG
전주 여행,482,나와서,VV+EC
전주 여행,482,후배,NNG
전주 여행,482,맛있,VA
전주 여행,482,섬세,XR
전주 여행,482,발라,VV+EC
전주 여행,482,하얀,VA+ETM
전주 여행,482,순두부,NNG
전주 여행,482,다니,EC
전주 여행,482,순두부,NNG
전주 여행,482,처음,MAG
전주 여행,482,본다,VV+EC
전주 여행,482,파전,NNG
전주 여행,482,하나,NR
전주 여행,482,주문,NNG
전주 여행,482,새송이,NNP
전주 여행,482,탁주,NNG
전주 여행,482,주문,NNG
전주 여행,482,낮술,NNG
전주 여행,483,남산,NNP
전주 여행,483,칠불암,NNG
전주 여행,483,케이트,NNP
전주 여행,483,입니다,VCP+EF
전주 여행,483,진입,NNG
전주 여행,483,읍니다,EC
전주 여행,483,서라벌,NNP
전주 여행,483,휴게소,NNG
전주 여행,483,입니다,VCP+EF
전주 여행,483,통일전,NNP
전주 여행,483,주차장,NNG
전주 여행,483,주차,NNG
전주 여행,483,아니하,VX
전주 여행,483,염불,NNG
전주 여행,483,사지,NNG
전주 여행,483,삼층석탑,NNP
전주 여행,483,주차,NNG
전주 여행,483,여기,NP
전주 여행,483,일찍,MAG
전주 여행,483,도착,NNG
전주 여행,483,여야,EC
전주 여행,483,주차,NNG
전주 여행,483,아침,NNG
전주 여행,484,알라딘,NNP
전주 여행,484,100,SN
전주 여행,484,자평,NNG
전주 여행,484,일상,NNG
전주 여행,484,고고학,NNG
전주 여행,484,혼자,MAG
전주 여행,484,일상,NNG
전주 여행,484,고고학,NNG
전주 여행,484,혼자,MAG
전주 여행,484,개정,NNG
전주 여행,484,증보판,NNG
전주 여행,484,일상,NNG
전주 여행,484,고고학,NNG
전주 여행,484,시리즈,NNG
전주 여행,484,황윤,NNG
전주 여행,484,지음,NNG
전주 여행,484,고양이,NNG
전주 여행,484,2020,SN
전주 여행,484,10,SN
전주 여행,484,평점,NNG
전주 여행,484,이런,MM
전주 여행,484,너무,MAG
전주 여행,484,아함,IC+ETN
전주 여행,484,더구나,MAJ
전주 여행,484,라서,VCP+EC
전주 여행,484,너무,MAG
전주 여행,484,마음,NNG
전주 여행,484,중학교,NNG
전주 여행,484,수학,NNG
전주 여행,484,으로,JKB
전주 여행,485,국내,NNG
전주 여행,485,사진,NNG
전주 여행,485,국내,NNG
전주 여행,485,테마,NNG
전주 여행,485,Theodor,SL
전주 여행,485,2017,SN
전주 여행,485,18,SN
전주 여행,485,08,SN
전주 여행,485,11,SN
전주 여행,485,벚꽃,NNG
전주 여행,485,거의,MAG
전주 여행,485,떨어지,VV
전주 여행,485,시기,NNG
전주 여행,485,아쉬움,NNG
전주 여행,485,대능원,NNP
전주 여행,485,출입문,NNG
전주 여행,485,능원,NNG
전주 여행,485,소나무,NNG
전주 여행,485,천마총,NNG
전주 여행,485,안압지,NNP
전주 여행,485,분황사,NNG
전주 여행,485,모전,NNG
전주 여행,485,석탑,NNG
전주 여행,485,원래,NNG
전주 여행,486,힐튼,NNP
전주 여행,486,호텔,NNG
전주 여행,486,한국,NNP
전주 여행,486,서울,NNP
전주 여행,486,호텔,NNG
전주 여행,486,체인,NNG
전주 여행,486,이상,NNG
전주 여행,486,두산,NNP
전주 여행,486,참고,NNG
전주 여행,486,미국,NNP
전주 여행,486,저명,XR
전주 여행,486,모델,NNG
전주 여행,486,철저히,MAG
전주 여행,486,손님,NNG
전주 여행,486,배려,NNG
전주 여행,486,호텔,NNG
전주 여행,486,그래서,MAJ
전주 여행,486,즐거울,VA+ETM
전주 여행,486,밖에,JX
전주 여행,487,토함산,NNP
전주 여행,487,단풍,NNG
전주 여행,487,터널,NNG
전주 여행,487,자연,NNG
전주 여행,487,그려,VV+EC
전주 여행,487,수채화,NNG
전주 여행,487,17,SN
전주 여행,487,11,SN
전주 여행,487,17,SN
전주 여행,487,떠나,VV
전주 여행,487,단풍,NNG
전주 여행,487,그윽,XR
전주 여행,487,숲길,NNG
전주 여행,487,느긋이,MAG
전주 여행,487,불국사,NNP
전주 여행,487,석굴암,NNG
전주 여행,487,토함산,NNP
전주 여행,487,숲길,NNG
전주 여행,487,월산,NNG
전주 여행,487,고갯길,NNG
전주 여행,487,굳이,MAG
전주 여행,487,신라,NNP
전주 여행,487,역사,NNG
전주 여행,487,몰라도,VV+EC
전주 여행,487,시내,NNG
전주 여행,488,배롱나무,NNG
전주 여행,488,첨성대,NNG
전주 여행,488,야경,NNG
전주 여행,488,16,SN
전주 여행,488,18,SN
전주 여행,488,수학,NNG
전주 여행,488,다녀오,VV
전주 여행,488,사람,NNG
전주 여행,488,심지어,MAG
전주 여행,488,자녀,NNG
전주 여행,488,역사,NNG
전주 여행,488,유적,NNG
전주 여행,488,답사,NNG
전주 여행,488,동행,NNG
전주 여행,488,해서,XSV+EC
전주 여행,488,이런,MM
전주 여행,488,아무리,MAG
전주 여행,488,생각,NNG
전주 여행,488,해봐도,XSV+EC+VX+EC
전주 여행,488,국내,NNG
전주 여행,488,에선,JKB+JX
전주 여행,488,특징,NNG
전주 여행,488,하나,NR
전주 여행,488,평온,NNG
전주 여행,488,자연,NNG
전주 여행,489,황리,NNG
전주 여행,489,카페,NNG
전주 여행,489,카페,NNG
전주 여행,489,카페,NNG
전주 여행,489,황리,NNG
전주 여행,489,메인,VV+ETM
전주 여행,489,거리,NNG
전주 여행,489,위치,NNG
전주 여행,489,어서,EC
전주 여행,489,거리,NNG
전주 여행,489,둘러보,VV
전주 여행,489,뚜벅,MAG
전주 여행,489,입니다,VCP+EF
전주 여행,489,인테리어,NNG
전주 여행,489,예쁘,VA
전주 여행,489,어서,EC
전주 여행,489,더욱,MAG
전주 여행,489,눈길,NNG
전주 여행,489,카페,NNG
전주 여행,489,입니다,VCP+EF
전주 여행,489,황리,NNG
전주 여행,489,카페,NNG
전주 여행,489,카페,NNG
전주 여행,489,날씨,NNG
전주 여행,490,경북,NNP
전주 여행,490,국밥,NNG
전주 여행,490,맛집,NNG
전주 여행,490,수백,NR
전주 여행,490,보문,NNG
전주 여행,490,com,SL
전주 여행,490,633,SN
전주 여행,490,경북,NNP
전주 여행,490,교촌,NNP
전주 여행,490,마을,NNG
전주 여행,490,교촌,NNG
전주 여행,490,보관,NNG
전주 여행,490,아이,NNG
전주 여행,490,가족,NNG
전주 여행,490,2024,SN
전주 여행,490,31,SN
전주 여행,490,가족,NNG
전주 여행,490,함께,MAG
전주 여행,490,기록,NNG
전주 여행,490,오늘,NNG
전주 여행,490,가족,NNG
전주 여행,490,모임,NNG
전주 여행,490,어서,EC
전주 여행,490,경북,NNP
전주 여행,490,어요,EF
전주 여행,491,불국사역,NNP
전주 여행,491,에서,JKB
전주 여행,491,동대구,NNG
전주 여행,491,까지,JX
전주 여행,491,기차,NNG
전주 여행,491,무궁화호,NNP
전주 여행,491,시간,NNG
전주 여행,491,시외,NNG
전주 여행,491,고속,NNG
전주 여행,491,버스,NNG
전주 여행,491,터미널,NNG
전주 여행,491,모두,MAG
전주 여행,491,거리,NNG
전주 여행,491,어서,EC
전주 여행,491,어디,NP
전주 여행,491,따라,VV+EC
전주 여행,491,대중,NNG
전주 여행,491,교통,NNG
전주 여행,491,종류,NNG
전주 여행,491,달라지,VV
전주 여행,491,는데,EC
전주 여행,491,서울,NNP
전주 여행,491,이나,JC
전주 여행,491,대전,NNP
전주 여행,491,까지,JX
전주 여행,491,시간,NNBC
전주 여행,491,이상,NNG
전주 여행,491,걸리,VV
전주 여행,491,코스,NNG
전주 여행,491,라고,VCP+EC
전주 여행,492,알라딘,NNP
전주 여행,492,100,SN
전주 여행,492,자평,NNG
전주 여행,492,일상,NNG
전주 여행,492,고고학,NNG
전주 여행,492,혼자,MAG
전주 여행,492,지음,NNG
전주 여행,492,고양이,NNG
전주 여행,492,2020,SN
전주 여행,492,10,SN
전주 여행,492,평점,NNG
전주 여행,492,정말,MAG
전주 여행,492,도시,NNG
전주 여행,492,입니다,VCP+EF
전주 여행,492,시간,NNG
전주 여행,492,기분,NNG
전주 여행,492,어서,EC
전주 여행,492,행복,NNG
전주 여행,492,거든요,EF
전주 여행,492,코로나,NNP
전주 여행,492,때문,NNB
전주 여행,492,버렸,VX+EP
전주 여행,492,네요,EF
전주 여행,492,으로,JKB
전주 여행,492,혼자,MAG
전주 여행,492,네요,EC
전주 여행,493,파란,VA+ETM
전주 여행,493,하늘,NNG
전주 여행,493,구름,NNG
전주 여행,493,동동,MAG
전주 여행,493,아름다운,VA+ETM
전주 여행,493,신나,VV
전주 여행,493,고속도로,NNP
전주 여행,493,달려,VV+EC
전주 여행,493,간다,VV+EC
전주 여행,493,오늘,NNG
전주 여행,493,힐링,NNG
전주 여행,493,산송,NNG
전주 여행,493,한우구,NNP
전주 여행,493,언양,NNP
전주 여행,493,불고기,NNG
전주 여행,493,더덕구이,NNG
전주 여행,493,자알,MAG
전주 여행,493,이랑,JC
전주 여행,493,라떼,NNG
전주 여행,493,한잔,NNG
전주 여행,493,노천온천,NNP
전주 여행,493,으로,JKB
전주 여행,493,간다,VV+EC
전주 여행,493,파란,VA+ETM
전주 여행,493,하늘,NNG
전주 여행,494,알라딘,NNP
전주 여행,494,100,SN
전주 여행,494,자평,NNG
전주 여행,494,일상,NNG
전주 여행,494,고고학,NNG
전주 여행,494,혼자,MAG
전주 여행,494,2020,SN
전주 여행,494,10,SN
전주 여행,494,평점,NNG
전주 여행,494,매년,MAG
전주 여행,494,가을,NNG
전주 여행,494,꿈꾸,VV
전주 여행,494,지만,EC
전주 여행,494,아직,MAG
전주 여행,494,실천,NNG
전주 여행,494,사람,NNG
전주 여행,494,입니다,VCP+EF
전주 여행,494,알차,VA
전주 여행,494,느낄,VV+ETM
전주 여행,494,기대,NNG
전주 여행,494,열심히,MAG
전주 여행,494,습니다,EF
전주 여행,495,알라딘,NNP
전주 여행,495,100,SN
전주 여행,495,자평,NNG
전주 여행,495,일상,NNG
전주 여행,495,고고학,NNG
전주 여행,495,혼자,MAG
전주 여행,495,일상,NNG
전주 여행,495,고고학,NNG
전주 여행,495,혼자,MAG
전주 여행,495,개정,NNG
전주 여행,495,증보판,NNG
전주 여행,495,일상,NNG
전주 여행,495,고고학,NNG
전주 여행,495,시리즈,NNG
전주 여행,495,황윤,NNG
전주 여행,495,지음,NNG
전주 여행,495,고양이,NNG
전주 여행,495,2020,SN
전주 여행,495,10,SN
전주 여행,495,평점,NNG
전주 여행,495,지만,EC
전주 여행,495,제대로,MAG
전주 여행,495,구경,NNG
전주 여행,495,네요,EF
전주 여행,495,코로나,NNP
전주 여행,496,알라딘,NNP
전주 여행,496,100,SN
전주 여행,496,자평,NNG
전주 여행,496,일상,NNG
전주 여행,496,고고학,NNG
전주 여행,496,혼자,MAG
전주 여행,496,일상,NNG
전주 여행,496,고고학,NNG
전주 여행,496,혼자,MAG
전주 여행,496,개정,NNG
전주 여행,496,증보판,NNG
전주 여행,496,일상,NNG
전주 여행,496,고고학,NNG
전주 여행,496,시리즈,NNG
전주 여행,496,황윤,NNG
전주 여행,496,지음,NNG
전주 여행,496,고양이,NNG
전주 여행,496,2020,SN
전주 여행,496,10,SN
전주 여행,496,평점,NNG
전주 여행,496,수학,NNG
전주 여행,496,이후,NNG
전주 여행,496,못했,VX+EP
전주 여행,496,대해,VV+EC
전주 여행,496,다시,MAG
전주 여행,496,생각,NNG
전주 여행,496,네요,EC
전주 여행,497,나정,NNG
전주 여행,497,맛집,NNG
전주 여행,497,나정,NNG
전주 여행,497,라면,NNG
전주 여행,497,맛집,NNG
전주 여행,497,에도,NNP
전주 여행,497,바다,NNG
전주 여행,497,나정,NNG
전주 여행,497,스토리,NNG
전주 여행,497,올려,VV+EC
전주 여행,497,드릴께요,VX+EF
전주 여행,497,에도,NNP
전주 여행,497,바다,NNG
전주 여행,497,다는,ETM
전주 여행,497,사실,NNG
전주 여행,497,아시나,NNP
전주 여행,497,정하,VV
전주 여행,497,면서,EC
전주 여행,497,바다,NNG
전주 여행,497,남편,NNG
전주 여행,497,역사,NNG
전주 여행,497,좋아해서,VV+EC
전주 여행,497,유적지,NNG
전주 여행,497,어요,EF
전주 여행,497,그러,VV
전주 여행,498,가을,NNG
전주 여행,498,도착,NNG
전주 여행,498,오늘,NNG
전주 여행,498,작년,NNG
전주 여행,498,여름,NNG
전주 여행,498,코스,NNG
전주 여행,498,서출지,NNG
전주 여행,498,통일전,NNP
전주 여행,498,그리고,MAJ
전주 여행,498,산림,NNG
전주 여행,498,연구원,NNG
전주 여행,498,둘러보,VV
전주 여행,498,핑크,NNG
전주 여행,498,예쁜,VA+ETM
전주 여행,498,첨성대,NNG
전주 여행,498,주변,NNG
전주 여행,498,황리,NNG
전주 여행,498,구경,NNG
전주 여행,498,헉헉,MAG
전주 여행,498,점심,NNG
전주 여행,498,커피,NNG
전주 여행,498,면서,EC
전주 여행,498,돌린다,VV+EC
전주 여행,498,조금,NNG
전주 여행,498,가을,NNG
전주 여행,498,찾아오,VV
전주 여행,499,알라딘,NNP
전주 여행,499,100,SN
전주 여행,499,자평,NNG
전주 여행,499,일상,NNG
전주 여행,499,고고학,NNG
전주 여행,499,혼자,MAG
전주 여행,499,일상,NNG
전주 여행,499,고고학,NNG
전주 여행,499,혼자,MAG
전주 여행,499,개정,NNG
전주 여행,499,증보판,NNG
전주 여행,499,일상,NNG
전주 여행,499,고고학,NNG
전주 여행,499,시리즈,NNG
전주 여행,499,황윤,NNG
전주 여행,499,지음,NNG
전주 여행,499,고양이,NNG
전주 여행,499,2020,SN
전주 여행,499,10,SN
전주 여행,499,평점,NNG
전주 여행,499,수학,NNG
전주 여행,499,역사,NNG
전주 여행,499,의미,NNG
전주 여행,499,모르,VV
전주 여행,499,지나쳤,VV+EP
전주 여행,499,지만,EC
전주 여행,499,이제,NNG
전주 여행,499,풍경,NNG
전주 여행,499,하나,NR
전주 여행,499,하나,NR
전주 여행,499,에서,JKB
전주 여행,500,알라딘,NNP
전주 여행,500,100,SN
전주 여행,500,자평,NNG
전주 여행,500,일상,NNG
전주 여행,500,고고학,NNG
전주 여행,500,혼자,MAG
전주 여행,500,앞서,MAG
전주 여행,500,출간,NNG
전주 여행,500,일상,NNG
전주 여행,500,고고학,NNG
전주 여행,500,혼자,NNG
전주 여행,500,백제,NNG
전주 여행,500,이어,MAG
전주 여행,500,이번,NNG
전주 여행,500,입니다,VCP+EF
전주 여행,500,전작,NNG
전주 여행,500,백제,NNG
전주 여행,500,만족,NNG
전주 여행,500,스러웠,XSA+EP
전주 여행,500,라면,EC
전주 여행,500,이번,NNG
전주 여행,500,무조건,MAG
전주 여행,500,탑승,NNG
전주 여행,500,바랍니다,VV+EC
